{
  "api": {
    "AbortPaymentEvent": {
      "__compat": {
        "mdn_url": "https://developer.mozilla.org/docs/Web/API/AbortPaymentEvent",
        "support": {
          "chrome": {
            "version_added": "61",
            "flags": [
              {
                "type": "preference",
                "name": "#service-worker-payment-apps",
                "value_to_set": "Enabled"
              }
            ]
          },
          "chrome_android": {
            "version_added": "61",
            "flags": [
              {
                "type": "preference",
                "name": "#service-worker-payment-apps",
                "value_to_set": "Enabled"
              }
            ]
          },
          "edge": {
            "version_added": null
          },
          "edge_mobile": {
            "version_added": null
          },
          "firefox": {
            "version_added": null
          },
          "firefox_android": {
            "version_added": null
          },
          "ie": {
            "version_added": null
          },
          "opera": {
            "version_added": false
          },
          "opera_android": {
            "version_added": false
          },
          "safari": {
            "version_added": null
          },
          "safari_ios": {
            "version_added": null
          },
          "webview_android": {
            "version_added": false
          }
        },
        "status": {
          "experimental": true,
          "standard_track": false,
          "deprecated": false
        }
      },
      "AbortPaymentEvent": {
        "__compat": {
          "description": "<code>AbortPaymentEvent()</code> constructor",
          "mdn_url": "https://developer.mozilla.org/docs/Web/API/AbortPaymentEvent/AbortPaymentEvent",
          "support": {
            "chrome": {
              "version_added": "61",
              "flags": [
                {
                  "type": "preference",
                  "name": "#service-worker-payment-apps",
                  "value_to_set": "Enabled"
                }
              ]
            },
            "chrome_android": {
              "version_added": "61",
              "flags": [
                {
                  "type": "preference",
                  "name": "#service-worker-payment-apps",
                  "value_to_set": "Enabled"
                }
              ]
            },
            "edge": {
              "version_added": null
            },
            "edge_mobile": {
              "version_added": null
            },
            "firefox": {
              "version_added": null
            },
            "firefox_android": {
              "version_added": null
            },
            "ie": {
              "version_added": null
            },
            "opera": {
              "version_added": false
            },
            "opera_android": {
              "version_added": false
            },
            "safari": {
              "version_added": null
            },
            "safari_ios": {
              "version_added": null
            },
            "webview_android": {
              "version_added": false
            }
          },
          "status": {
            "experimental": true,
            "standard_track": false,
            "deprecated": false
          }
        }
      },
      "respondWith": {
        "__compat": {
          "mdn_url": "https://developer.mozilla.org/docs/Web/API/AbortPaymentEvent/respondWith",
          "support": {
            "chrome": {
              "version_added": "61",
              "flags": [
                {
                  "type": "preference",
                  "name": "#service-worker-payment-apps",
                  "value_to_set": "Enabled"
                }
              ]
            },
            "chrome_android": {
              "version_added": "61",
              "flags": [
                {
                  "type": "preference",
                  "name": "#service-worker-payment-apps",
                  "value_to_set": "Enabled"
                }
              ]
            },
            "edge": {
              "version_added": null
            },
            "edge_mobile": {
              "version_added": null
            },
            "firefox": {
              "version_added": null
            },
            "firefox_android": {
              "version_added": null
            },
            "ie": {
              "version_added": null
            },
            "opera": {
              "version_added": false
            },
            "opera_android": {
              "version_added": false
            },
            "safari": {
              "version_added": null
            },
            "safari_ios": {
              "version_added": null
            },
            "webview_android": {
              "version_added": false
            }
          },
          "status": {
            "experimental": true,
            "standard_track": false,
            "deprecated": false
          }
        }
      }
    }
  }
}
