{
  "api": {
    "AmbientLightSensor": {
      "__compat": {
        "mdn_url": "https://developer.mozilla.org/docs/Web/API/AmbientLightSensor",
        "support": {
          "chrome": [
            {
              "version_added": "54"
            },
            {
              "version_added": "69",
              "notes": "Based on Generic Sensor API."
            }
          ],
          "chrome_android": [
            {
              "version_added": "54"
            },
            {
              "version_added": "69",
              "notes": "Based on Generic Sensor API."
            }
          ],
          "edge": {
            "version_added": null
          },
          "firefox": {
            "version_added": null
          },
          "firefox_android": {
            "version_added": null
          },
          "ie": {
            "version_added": null
          },
          "opera": {
            "version_added": "56"
          },
          "opera_android": {
            "version_added": "48"
          },
          "safari": {
            "version_added": null
          },
          "safari_ios": {
            "version_added": null
          },
          "webview_android": [
            {
              "version_added": "54"
            },
            {
              "version_added": "69",
              "notes": "Based on Generic Sensor API."
            }
          ]
        },
        "status": {
          "experimental": false,
          "standard_track": true,
          "deprecated": false
        }
      },
      "AmbientLightSensor": {
        "__compat": {
          "description": "<code>AmbientLightSensor()</code> constructor",
          "mdn_url": "https://developer.mozilla.org/docs/Web/API/AmbientLightSensor/AmbientLightSensor",
          "support": {
            "chrome": [
              {
                "version_added": "54"
              },
              {
                "version_added": "69",
                "notes": "Based on Generic Sensor API."
              }
            ],
            "chrome_android": [
              {
                "version_added": "54"
              },
              {
                "version_added": "69",
                "notes": "Based on Generic Sensor API."
              }
            ],
            "edge": {
              "version_added": null
            },
            "firefox": {
              "version_added": null
            },
            "firefox_android": {
              "version_added": null
            },
            "ie": {
              "version_added": null
            },
            "opera": {
              "version_added": "56"
            },
            "opera_android": {
              "version_added": "48"
            },
            "safari": {
              "version_added": null
            },
            "safari_ios": {
              "version_added": null
            },
            "webview_android": [
              {
                "version_added": "54"
              },
              {
                "version_added": "69",
                "notes": "Based on Generic Sensor API."
              }
            ]
          },
          "status": {
            "experimental": false,
            "standard_track": true,
            "deprecated": false
          }
        }
      },
      "illuminance": {
        "__compat": {
          "mdn_url": "https://developer.mozilla.org/docs/Web/API/AmbientLightSensor/illuminance",
          "support": {
            "chrome": [
              {
                "version_added": "54"
              },
              {
                "version_added": "69",
                "notes": "Based on Generic Sensor API."
              }
            ],
            "chrome_android": [
              {
                "version_added": "54"
              },
              {
                "version_added": "69",
                "notes": "Based on Generic Sensor API."
              }
            ],
            "edge": {
              "version_added": null
            },
            "firefox": {
              "version_added": null
            },
            "firefox_android": {
              "version_added": null
            },
            "ie": {
              "version_added": null
            },
            "opera": {
              "version_added": "56"
            },
            "opera_android": {
              "version_added": "48"
            },
            "safari": {
              "version_added": null
            },
            "safari_ios": {
              "version_added": null
            },
            "webview_android": [
              {
                "version_added": "54"
              },
              {
                "version_added": "69",
                "notes": "Based on Generic Sensor API."
              }
            ]
          },
          "status": {
            "experimental": false,
            "standard_track": true,
            "deprecated": false
          }
        }
      }
    }
  }
}
