{
  "api": {
    "AnimationTimeline": {
      "__compat": {
        "mdn_url": "https://developer.mozilla.org/docs/Web/API/AnimationTimeline",
        "support": {
          "chrome": {
            "version_added": true
          },
          "chrome_android": {
            "version_added": true
          },
          "edge": {
            "version_added": null
          },
          "edge_mobile": {
            "version_added": null
          },
          "firefox": [
            {
              "version_added": "63",
              "flags": [
                {
                  "type": "preference",
                  "name": "dom.animations-api.timelines.enabled",
                  "value_to_set": "true"
                }
              ]
            },
            {
              "version_added": "48",
              "version_removed": "63",
              "flags": [
                {
                  "type": "preference",
                  "name": "dom.animations-api.core.enabled",
                  "value_to_set": "true"
                }
              ]
            }
          ],
          "firefox_android": [
            {
              "version_added": "63",
              "flags": [
                {
                  "type": "preference",
                  "name": "dom.animations-api.timelines.enabled",
                  "value_to_set": "true"
                }
              ]
            },
            {
              "version_added": "48",
              "version_removed": "63",
              "flags": [
                {
                  "type": "preference",
                  "name": "dom.animations-api.core.enabled",
                  "value_to_set": "true"
                }
              ]
            }
          ],
          "ie": {
            "version_added": false
          },
          "opera": {
            "version_added": true
          },
          "opera_android": {
            "version_added": true
          },
          "safari": {
            "version_added": false
          },
          "safari_ios": {
            "version_added": false
          },
          "samsunginternet_android": {
            "version_added": true
          },
          "webview_android": {
            "version_added": true
          }
        },
        "status": {
          "experimental": true,
          "standard_track": true,
          "deprecated": false
        }
      },
      "currentTime": {
        "__compat": {
          "mdn_url": "https://developer.mozilla.org/docs/Web/API/AnimationTimeline/currentTime",
          "support": {
            "chrome": {
              "version_added": "39"
            },
            "chrome_android": {
              "version_added": "61"
            },
            "edge": {
              "version_added": null
            },
            "edge_mobile": {
              "version_added": null
            },
            "firefox": [
              {
                "version_added": "63",
                "flags": [
                  {
                    "type": "preference",
                    "name": "dom.animations-api.timelines.enabled",
                    "value_to_set": "true"
                  }
                ]
              },
              {
                "version_added": "48",
                "version_removed": "63",
                "flags": [
                  {
                    "type": "preference",
                    "name": "dom.animations-api.core.enabled",
                    "value_to_set": "true"
                  }
                ]
              }
            ],
            "firefox_android": [
              {
                "version_added": "63",
                "flags": [
                  {
                    "type": "preference",
                    "name": "dom.animations-api.timelines.enabled",
                    "value_to_set": "true"
                  }
                ]
              },
              {
                "version_added": "48",
                "version_removed": "63",
                "flags": [
                  {
                    "type": "preference",
                    "name": "dom.animations-api.core.enabled",
                    "value_to_set": "true"
                  }
                ]
              }
            ],
            "ie": {
              "version_added": false
            },
            "opera": {
              "version_added": "26"
            },
            "opera_android": {
              "version_added": "26"
            },
            "safari": {
              "version_added": false
            },
            "safari_ios": {
              "version_added": false
            },
            "samsunginternet_android": {
              "version_added": false
            },
            "webview_android": {
              "version_added": "61"
            }
          },
          "status": {
            "experimental": true,
            "standard_track": true,
            "deprecated": false
          }
        }
      }
    }
  }
}
