{
  "api": {
    "AudioNode": {
      "__compat": {
        "mdn_url": "https://developer.mozilla.org/docs/Web/API/AudioNode",
        "support": {
          "chrome": {
            "version_added": "14"
          },
          "chrome_android": {
            "version_added": "18"
          },
          "edge": {
            "version_added": true
          },
          "edge_mobile": {
            "version_added": true
          },
          "firefox": {
            "version_added": "25"
          },
          "firefox_android": {
            "version_added": "26"
          },
          "ie": {
            "version_added": false
          },
          "opera": {
            "version_added": "15"
          },
          "opera_android": {
            "version_added": "14"
          },
          "safari": {
            "version_added": "6"
          },
          "safari_ios": {
            "version_added": true
          },
          "samsunginternet_android": {
            "version_added": true
          },
          "webview_android": {
            "version_added": true
          }
        },
        "status": {
          "experimental": false,
          "standard_track": true,
          "deprecated": false
        }
      },
      "channelCount": {
        "__compat": {
          "mdn_url": "https://developer.mozilla.org/docs/Web/API/AudioNode/channelCount",
          "support": {
            "chrome": {
              "version_added": "14"
            },
            "chrome_android": {
              "version_added": "18"
            },
            "edge": {
              "version_added": "12"
            },
            "edge_mobile": {
              "version_added": true
            },
            "firefox": {
              "version_added": "25"
            },
            "firefox_android": {
              "version_added": "26"
            },
            "ie": {
              "version_added": false
            },
            "opera": {
              "version_added": "15"
            },
            "opera_android": {
              "version_added": "14"
            },
            "safari": {
              "version_added": "6"
            },
            "safari_ios": {
              "version_added": true
            },
            "samsunginternet_android": {
              "version_added": true
            },
            "webview_android": {
              "version_added": true
            }
          },
          "status": {
            "experimental": false,
            "standard_track": true,
            "deprecated": false
          }
        }
      },
      "channelCountMode": {
        "__compat": {
          "mdn_url": "https://developer.mozilla.org/docs/Web/API/AudioNode/channelCount",
          "support": {
            "chrome": {
              "version_added": "14"
            },
            "chrome_android": {
              "version_added": "18"
            },
            "edge": {
              "version_added": "12"
            },
            "edge_mobile": {
              "version_added": true
            },
            "firefox": {
              "version_added": "25"
            },
            "firefox_android": {
              "version_added": "26"
            },
            "ie": {
              "version_added": false
            },
            "opera": {
              "version_added": "15"
            },
            "opera_android": {
              "version_added": "14"
            },
            "safari": {
              "version_added": "6"
            },
            "safari_ios": {
              "version_added": true
            },
            "samsunginternet_android": {
              "version_added": true
            },
            "webview_android": {
              "version_added": true
            }
          },
          "status": {
            "experimental": false,
            "standard_track": true,
            "deprecated": false
          }
        }
      },
      "channelInterpretation": {
        "__compat": {
          "mdn_url": "https://developer.mozilla.org/docs/Web/API/AudioNode/channelInterpretation",
          "support": {
            "chrome": {
              "version_added": "14"
            },
            "chrome_android": {
              "version_added": "18"
            },
            "edge": {
              "version_added": "12"
            },
            "edge_mobile": {
              "version_added": true
            },
            "firefox": {
              "version_added": "25"
            },
            "firefox_android": {
              "version_added": "26"
            },
            "ie": {
              "version_added": false
            },
            "opera": {
              "version_added": "15"
            },
            "opera_android": {
              "version_added": "14"
            },
            "safari": {
              "version_added": "6"
            },
            "safari_ios": {
              "version_added": true
            },
            "samsunginternet_android": {
              "version_added": true
            },
            "webview_android": {
              "version_added": true
            }
          },
          "status": {
            "experimental": false,
            "standard_track": true,
            "deprecated": false
          }
        }
      },
      "context": {
        "__compat": {
          "mdn_url": "https://developer.mozilla.org/docs/Web/API/AudioNode/context",
          "support": {
            "chrome": {
              "version_added": "14"
            },
            "chrome_android": {
              "version_added": "18"
            },
            "edge": {
              "version_added": "12"
            },
            "edge_mobile": {
              "version_added": true
            },
            "firefox": {
              "version_added": "25"
            },
            "firefox_android": {
              "version_added": "26"
            },
            "ie": {
              "version_added": false
            },
            "opera": {
              "version_added": "15"
            },
            "opera_android": {
              "version_added": "14"
            },
            "safari": {
              "version_added": "6"
            },
            "safari_ios": {
              "version_added": true
            },
            "samsunginternet_android": {
              "version_added": true
            },
            "webview_android": {
              "version_added": true
            }
          },
          "status": {
            "experimental": false,
            "standard_track": true,
            "deprecated": false
          }
        }
      },
      "numberOfInputs": {
        "__compat": {
          "mdn_url": "https://developer.mozilla.org/docs/Web/API/AudioNode/numberOfInputs",
          "support": {
            "chrome": {
              "version_added": "14"
            },
            "chrome_android": {
              "version_added": "18"
            },
            "edge": {
              "version_added": "12"
            },
            "edge_mobile": {
              "version_added": true
            },
            "firefox": {
              "version_added": "25"
            },
            "firefox_android": {
              "version_added": "26"
            },
            "ie": {
              "version_added": false
            },
            "opera": {
              "version_added": "15"
            },
            "opera_android": {
              "version_added": "14"
            },
            "safari": {
              "version_added": "6"
            },
            "safari_ios": {
              "version_added": true
            },
            "samsunginternet_android": {
              "version_added": true
            },
            "webview_android": {
              "version_added": true
            }
          },
          "status": {
            "experimental": false,
            "standard_track": true,
            "deprecated": false
          }
        }
      },
      "numberOfOutputs": {
        "__compat": {
          "mdn_url": "https://developer.mozilla.org/docs/Web/API/AudioNode/numberOfOutputs",
          "support": {
            "chrome": {
              "version_added": "14"
            },
            "chrome_android": {
              "version_added": "18"
            },
            "edge": {
              "version_added": "12"
            },
            "edge_mobile": {
              "version_added": true
            },
            "firefox": {
              "version_added": "25"
            },
            "firefox_android": {
              "version_added": "26"
            },
            "ie": {
              "version_added": false
            },
            "opera": {
              "version_added": "15"
            },
            "opera_android": {
              "version_added": "14"
            },
            "safari": {
              "version_added": "6"
            },
            "safari_ios": {
              "version_added": true
            },
            "samsunginternet_android": {
              "version_added": true
            },
            "webview_android": {
              "version_added": true
            }
          },
          "status": {
            "experimental": false,
            "standard_track": true,
            "deprecated": false
          }
        }
      },
      "connect": {
        "__compat": {
          "mdn_url": "https://developer.mozilla.org/docs/Web/API/AudioNode/connect",
          "support": {
            "chrome": {
              "version_added": "14"
            },
            "chrome_android": {
              "version_added": "18"
            },
            "edge": {
              "version_added": "12"
            },
            "edge_mobile": {
              "version_added": true
            },
            "firefox": {
              "version_added": "25"
            },
            "firefox_android": {
              "version_added": "26"
            },
            "ie": {
              "version_added": false
            },
            "opera": {
              "version_added": "15"
            },
            "opera_android": {
              "version_added": "14"
            },
            "safari": {
              "version_added": "6"
            },
            "safari_ios": {
              "version_added": true
            },
            "samsunginternet_android": {
              "version_added": true
            },
            "webview_android": {
              "version_added": true
            }
          },
          "status": {
            "experimental": false,
            "standard_track": true,
            "deprecated": false
          }
        }
      },
      "disconnect": {
        "__compat": {
          "mdn_url": "https://developer.mozilla.org/docs/Web/API/AudioNode/disconnect",
          "support": {
            "chrome": {
              "version_added": "14"
            },
            "chrome_android": {
              "version_added": "18"
            },
            "edge": {
              "version_added": "12"
            },
            "edge_mobile": {
              "version_added": true
            },
            "firefox": {
              "version_added": "25"
            },
            "firefox_android": {
              "version_added": "26"
            },
            "ie": {
              "version_added": false
            },
            "opera": {
              "version_added": "15"
            },
            "opera_android": {
              "version_added": "14"
            },
            "safari": {
              "version_added": "6"
            },
            "safari_ios": {
              "version_added": true
            },
            "samsunginternet_android": {
              "version_added": true
            },
            "webview_android": {
              "version_added": true
            }
          },
          "status": {
            "experimental": false,
            "standard_track": true,
            "deprecated": false
          }
        },
        "destination": {
          "__compat": {
            "description": "<code>destination</code> parameter",
            "support": {
              "chrome": {
                "version_added": "43"
              },
              "chrome_android": {
                "version_added": "43"
              },
              "edge": {
                "version_added": true
              },
              "edge_mobile": {
                "version_added": true
              },
              "firefox": {
                "version_added": false
              },
              "firefox_android": {
                "version_added": false
              },
              "ie": {
                "version_added": false
              },
              "opera": {
                "version_added": null
              },
              "opera_android": {
                "version_added": null
              },
              "safari": {
                "version_added": false
              },
              "safari_ios": {
                "version_added": null
              },
              "samsunginternet_android": {
                "version_added": "4.0"
              },
              "webview_android": {
                "version_added": "43"
              }
            },
            "status": {
              "experimental": false,
              "standard_track": true,
              "deprecated": false
            }
          }
        },
        "input": {
          "__compat": {
            "description": "<code>input</code> parameter",
            "support": {
              "chrome": {
                "version_added": "43"
              },
              "chrome_android": {
                "version_added": "43"
              },
              "edge": {
                "version_added": true
              },
              "edge_mobile": {
                "version_added": true
              },
              "firefox": {
                "version_added": false
              },
              "firefox_android": {
                "version_added": false
              },
              "ie": {
                "version_added": false
              },
              "opera": {
                "version_added": null
              },
              "opera_android": {
                "version_added": null
              },
              "safari": {
                "version_added": false
              },
              "safari_ios": {
                "version_added": null
              },
              "samsunginternet_android": {
                "version_added": "4.0"
              },
              "webview_android": {
                "version_added": "43"
              }
            },
            "status": {
              "experimental": false,
              "standard_track": true,
              "deprecated": false
            }
          }
        }
      }
    }
  }
}
