{
  "api": {
    "AudioContext": {
      "__compat": {
        "mdn_url": "https://developer.mozilla.org/docs/Web/API/AudioContext",
        "support": {
          "chrome": [
            {
              "version_added": "35"
            },
            {
              "version_added": "14",
              "version_removed": "57",
              "prefix": "webkit"
            }
          ],
          "chrome_android": [
            {
              "version_added": "35"
            },
            {
              "version_added": "18",
              "version_removed": "57",
              "prefix": "webkit"
            }
          ],
          "edge": {
            "version_added": true
          },
          "edge_mobile": {
            "version_added": true
          },
          "firefox": {
            "version_added": "25"
          },
          "firefox_android": {
            "version_added": "26"
          },
          "ie": {
            "version_added": false
          },
          "opera": [
            {
              "version_added": "22"
            },
            {
              "version_added": "15",
              "version_removed": "44",
              "prefix": "webkit"
            }
          ],
          "opera_android": [
            {
              "version_added": "22"
            },
            {
              "version_added": "14",
              "version_removed": "43",
              "prefix": "webkit"
            }
          ],
          "safari": {
            "version_added": "6",
            "prefix": "webkit"
          },
          "safari_ios": {
            "version_added": true,
            "prefix": "webkit"
          },
          "samsunginternet_android": [
            {
              "version_added": true
            },
            {
              "version_removed": "7.0",
              "prefix": "webkit",
              "version_added": true
            }
          ],
          "webview_android": {
            "version_added": true
          }
        },
        "status": {
          "experimental": false,
          "standard_track": true,
          "deprecated": false
        }
      },
      "AudioContext": {
        "__compat": {
          "mdn_url": "https://developer.mozilla.org/docs/Web/API/AudioContext/AudioContext",
          "description": "<code>AudioContext()</code> constructor",
          "support": {
            "chrome": {
              "version_added": "55",
              "notes": [
                "Each tab is limited to 6 audio contexts in Chrome; attempting to create more will throw a <code>DOMException</code>. For details see <a href='https://developer.mozilla.org/docs/Web/API/AudioContext/AudioContext#Per-tab_audio_context_limitation_in_Chrome'>Per-tab audio context limitation in Chrome</a>.",
                "If <code>latencyHint</code> isn't valid, Chrome throws a <code>TypeError</code> exception. See <a href='https://developer.mozilla.org/docs/Web/API/AudioContext/AudioContext#Non-standard_exceptions_in_Chrome'>Non-standard exceptions in Chrome</a> for details."
              ]
            },
            "chrome_android": {
              "version_added": "55",
              "notes": [
                "Each tab is limited to 6 audio contexts in Chrome; attempting to create more will throw a <code>DOMException</code>. For details see <a href='https://developer.mozilla.org/docs/Web/API/AudioContext/AudioContext#Per-tab_audio_context_limitation_in_Chrome'>Per-tab audio context limitation in Chrome</a>.",
                "If <code>latencyHint</code> isn't valid, Chrome throws a <code>TypeError</code> exception. See <a href='https://developer.mozilla.org/docs/Web/API/AudioContext/AudioContext#Non-standard_exceptions_in_Chrome'>Non-standard exceptions in Chrome</a> for details."
              ]
            },
            "edge": {
              "version_added": true
            },
            "edge_mobile": {
              "version_added": null
            },
            "firefox": {
              "version_added": "25"
            },
            "firefox_android": {
              "version_added": "26"
            },
            "ie": {
              "version_added": false
            },
            "opera": {
              "version_added": "42"
            },
            "opera_android": {
              "version_added": "42"
            },
            "safari": {
              "version_added": true,
              "prefix": "webkit"
            },
            "safari_ios": {
              "version_added": true,
              "prefix": "webkit"
            },
            "samsunginternet_android": {
              "version_added": "6.0"
            },
            "webview_android": {
              "version_added": "55"
            }
          },
          "status": {
            "experimental": false,
            "standard_track": true,
            "deprecated": false
          }
        },
        "latencyHint": {
          "__compat": {
            "description": "<code>latencyHint</code> option",
            "support": {
              "chrome": {
                "version_added": "60"
              },
              "chrome_android": {
                "version_added": "60"
              },
              "edge": {
                "version_added": false
              },
              "edge_mobile": {
                "version_added": null
              },
              "firefox": {
                "version_added": false
              },
              "firefox_android": {
                "version_added": false
              },
              "ie": {
                "version_added": false
              },
              "opera": {
                "version_added": "47"
              },
              "opera_android": {
                "version_added": "44"
              },
              "safari": {
                "version_added": null
              },
              "safari_ios": {
                "version_added": null
              },
              "samsunginternet_android": {
                "version_added": false
              },
              "webview_android": {
                "version_added": "60"
              }
            },
            "status": {
              "experimental": true,
              "standard_track": true,
              "deprecated": false
            }
          }
        },
        "sampleRate": {
          "__compat": {
            "description": "<code>sampleRate</code> option",
            "support": {
              "chrome": {
                "version_added": false,
                "notes": "See <a href='https://crbug.com/432248'>issue 432248</a> for Chrome support."
              },
              "chrome_android": {
                "version_added": null
              },
              "edge": {
                "version_added": false
              },
              "edge_mobile": {
                "version_added": null
              },
              "firefox": {
                "version_added": false
              },
              "firefox_android": {
                "version_added": null
              },
              "ie": {
                "version_added": false
              },
              "opera": {
                "version_added": false
              },
              "opera_android": {
                "version_added": null
              },
              "safari": {
                "version_added": true
              },
              "safari_ios": {
                "version_added": true
              },
              "samsunginternet_android": {
                "version_added": false
              },
              "webview_android": {
                "version_added": null
              }
            },
            "status": {
              "experimental": true,
              "standard_track": true,
              "deprecated": false
            }
          }
        }
      },
      "baseLatency": {
        "__compat": {
          "mdn_url": "https://developer.mozilla.org/docs/Web/API/AudioContext/baseLatency",
          "support": {
            "chrome": {
              "version_added": "58"
            },
            "chrome_android": {
              "version_added": "58"
            },
            "edge": {
              "version_added": null
            },
            "edge_mobile": {
              "version_added": null
            },
            "firefox": {
              "version_added": false
            },
            "firefox_android": {
              "version_added": false
            },
            "ie": {
              "version_added": false
            },
            "opera": {
              "version_added": "45"
            },
            "opera_android": {
              "version_added": "43"
            },
            "safari": {
              "version_added": false
            },
            "safari_ios": {
              "version_added": false
            },
            "samsunginternet_android": {
              "version_added": false
            },
            "webview_android": {
              "version_added": "58"
            }
          },
          "status": {
            "experimental": true,
            "standard_track": true,
            "deprecated": false
          }
        }
      },
      "outputLatency": {
        "__compat": {
          "mdn_url": "https://developer.mozilla.org/docs/Web/API/AudioContext/outputLatency",
          "support": {
            "chrome": {
              "version_added": false
            },
            "chrome_android": {
              "version_added": false
            },
            "edge": {
              "version_added": null
            },
            "edge_mobile": {
              "version_added": null
            },
            "firefox": {
              "version_added": false
            },
            "firefox_android": {
              "version_added": false
            },
            "ie": {
              "version_added": false
            },
            "opera": {
              "version_added": false
            },
            "opera_android": {
              "version_added": false
            },
            "safari": {
              "version_added": false
            },
            "safari_ios": {
              "version_added": false
            },
            "samsunginternet_android": {
              "version_added": false
            },
            "webview_android": {
              "version_added": false
            }
          },
          "status": {
            "experimental": false,
            "standard_track": true,
            "deprecated": false
          }
        }
      },
      "close": {
        "__compat": {
          "mdn_url": "https://developer.mozilla.org/docs/Web/API/AudioContext/close",
          "support": {
            "chrome": {
              "version_added": "42"
            },
            "chrome_android": {
              "version_added": "43"
            },
            "edge": {
              "version_added": "14"
            },
            "edge_mobile": {
              "version_added": null
            },
            "firefox": {
              "version_added": "40"
            },
            "firefox_android": {
              "version_added": "40"
            },
            "ie": {
              "version_added": false
            },
            "opera": {
              "version_added": true
            },
            "opera_android": {
              "version_added": true
            },
            "safari": {
              "version_added": true
            },
            "safari_ios": {
              "version_added": true
            },
            "samsunginternet_android": {
              "version_added": "4.0"
            },
            "webview_android": {
              "version_added": "43"
            }
          },
          "status": {
            "experimental": false,
            "standard_track": true,
            "deprecated": false
          }
        }
      },
      "createConstantSource": {
        "__compat": {
          "mdn_url": "https://developer.mozilla.org/docs/Web/API/AudioContext/createConstantSource",
          "support": {
            "chrome": {
              "version_added": "14",
              "version_removed": "56",
              "prefix": "webkit",
              "notes": "Available as a part of <code>BaseAudioContext</code>."
            },
            "chrome_android": {
              "version_added": "18",
              "version_removed": "56",
              "notes": "Available as a part of <code>BaseAudioContext</code>."
            },
            "edge": {
              "version_added": true
            },
            "edge_mobile": {
              "version_added": true
            },
            "firefox": {
              "version_added": "25",
              "version_removed": true,
              "notes": "Available as a part of <code>BaseAudioContext</code>."
            },
            "firefox_android": {
              "version_added": "26",
              "version_removed": true,
              "notes": "Available as a part of <code>BaseAudioContext</code>."
            },
            "ie": {
              "version_added": false
            },
            "opera": [
              {
                "version_added": "22",
                "version_removed": "43",
                "notes": "Available as a part of <code>BaseAudioContext</code>."
              },
              {
                "version_added": "15",
                "version_removed": "22",
                "prefix": "webkit"
              }
            ],
            "opera_android": [
              {
                "version_added": "22",
                "version_removed": "43",
                "notes": "Available as a part of <code>BaseAudioContext</code>."
              },
              {
                "version_added": "14",
                "version_removed": "22",
                "prefix": "webkit"
              }
            ],
            "safari": {
              "version_added": "6",
              "version_removed": true,
              "prefix": "webkit",
              "notes": "Available as a part of <code>BaseAudioContext</code>."
            },
            "safari_ios": {
              "version_added": false
            },
            "samsunginternet_android": {
              "version_added": null
            },
            "webview_android": {
              "version_added": true,
              "version_removed": "56",
              "notes": "Available as a part of <code>BaseAudioContext</code>."
            }
          },
          "status": {
            "experimental": false,
            "standard_track": true,
            "deprecated": false
          }
        }
      },
      "createMediaElementSource": {
        "__compat": {
          "mdn_url": "https://developer.mozilla.org/docs/Web/API/AudioContext/createMediaElementSource",
          "support": {
            "chrome": {
              "version_added": "14"
            },
            "chrome_android": {
              "version_added": "18"
            },
            "edge": {
              "version_added": "12"
            },
            "edge_mobile": {
              "version_added": true
            },
            "firefox": {
              "version_added": "25"
            },
            "firefox_android": {
              "version_added": "26"
            },
            "ie": {
              "version_added": false
            },
            "opera": {
              "version_added": "15"
            },
            "opera_android": {
              "version_added": "14"
            },
            "safari": {
              "version_added": "6"
            },
            "safari_ios": {
              "version_added": true
            },
            "samsunginternet_android": {
              "version_added": true
            },
            "webview_android": {
              "version_added": true
            }
          },
          "status": {
            "experimental": false,
            "standard_track": true,
            "deprecated": false
          }
        }
      },
      "createMediaStreamSource": {
        "__compat": {
          "mdn_url": "https://developer.mozilla.org/docs/Web/API/AudioContext/createMediaStreamSource",
          "support": {
            "chrome": {
              "version_added": "14"
            },
            "chrome_android": {
              "version_added": "18"
            },
            "edge": {
              "version_added": "12"
            },
            "edge_mobile": {
              "version_added": true
            },
            "firefox": {
              "version_added": "25"
            },
            "firefox_android": {
              "version_added": "26"
            },
            "ie": {
              "version_added": false
            },
            "opera": {
              "version_added": "15"
            },
            "opera_android": {
              "version_added": "14"
            },
            "safari": {
              "version_added": "6"
            },
            "safari_ios": {
              "version_added": true
            },
            "samsunginternet_android": {
              "version_added": true
            },
            "webview_android": {
              "version_added": true
            }
          },
          "status": {
            "experimental": false,
            "standard_track": true,
            "deprecated": false
          }
        }
      },
      "createMediaStreamDestination": {
        "__compat": {
          "mdn_url": "https://developer.mozilla.org/docs/Web/API/AudioContext/createMediaStreamDestination",
          "support": {
            "chrome": {
              "version_added": "14"
            },
            "chrome_android": {
              "version_added": "18"
            },
            "edge": {
              "version_added": true
            },
            "edge_mobile": {
              "version_added": true
            },
            "firefox": {
              "version_added": "25"
            },
            "firefox_android": {
              "version_added": "26"
            },
            "ie": {
              "version_added": false
            },
            "opera": {
              "version_added": "15"
            },
            "opera_android": {
              "version_added": "14"
            },
            "safari": {
              "version_added": "6"
            },
            "safari_ios": {
              "version_added": true
            },
            "samsunginternet_android": {
              "version_added": true
            },
            "webview_android": {
              "version_added": true
            }
          },
          "status": {
            "experimental": false,
            "standard_track": true,
            "deprecated": false
          }
        }
      },
      "createMediaStreamTrackSource": {
        "__compat": {
          "mdn_url": "https://developer.mozilla.org/docs/Web/API/AudioContext/createMediaStreamTrackSource",
          "support": {
            "chrome": {
              "version_added": false
            },
            "chrome_android": {
              "version_added": null
            },
            "edge": {
              "version_added": null
            },
            "edge_mobile": {
              "version_added": null
            },
            "firefox": {
              "version_added": false
            },
            "firefox_android": {
              "version_added": false
            },
            "ie": {
              "version_added": false
            },
            "opera": {
              "version_added": null
            },
            "opera_android": {
              "version_added": null
            },
            "safari": {
              "version_added": false
            },
            "safari_ios": {
              "version_added": false
            },
            "samsunginternet_android": {
              "version_added": null
            },
            "webview_android": {
              "version_added": null
            }
          },
          "status": {
            "experimental": true,
            "standard_track": true,
            "deprecated": false
          }
        }
      },
      "getOutputTimestamp": {
        "__compat": {
          "mdn_url": "https://developer.mozilla.org/docs/Web/API/AudioContext/getOutputTimestamp",
          "support": {
            "chrome": {
              "version_added": "57"
            },
            "chrome_android": {
              "version_added": "57"
            },
            "edge": {
              "version_added": null
            },
            "edge_mobile": {
              "version_added": null
            },
            "firefox": {
              "version_added": false
            },
            "firefox_android": {
              "version_added": false
            },
            "ie": {
              "version_added": false
            },
            "opera": {
              "version_added": "44"
            },
            "opera_android": {
              "version_added": "43"
            },
            "safari": {
              "version_added": false
            },
            "safari_ios": {
              "version_added": false
            },
            "samsunginternet_android": {
              "version_added": "7.0"
            },
            "webview_android": {
              "version_added": "57"
            }
          },
          "status": {
            "experimental": true,
            "standard_track": true,
            "deprecated": false
          }
        }
      },
      "resume": {
        "__compat": {
          "mdn_url": "https://developer.mozilla.org/docs/Web/API/AudioContext/resume",
          "support": {
            "chrome": {
              "version_added": "41"
            },
            "chrome_android": {
              "version_added": "41"
            },
            "edge": {
              "version_added": true
            },
            "edge_mobile": {
              "version_added": null
            },
            "firefox": {
              "version_added": "40"
            },
            "firefox_android": {
              "version_added": true
            },
            "ie": {
              "version_added": false
            },
            "opera": {
              "version_added": true
            },
            "opera_android": {
              "version_added": true
            },
            "safari": {
              "version_added": true
            },
            "safari_ios": {
              "version_added": true
            },
            "samsunginternet_android": {
              "version_added": true
            },
            "webview_android": {
              "version_added": true
            }
          },
          "status": {
            "experimental": false,
            "standard_track": true,
            "deprecated": false
          }
        }
      },
      "suspend": {
        "__compat": {
          "mdn_url": "https://developer.mozilla.org/docs/Web/API/AudioContext/suspend",
          "support": {
            "chrome": {
              "version_added": "43"
            },
            "chrome_android": {
              "version_added": "43"
            },
            "edge": {
              "version_added": "14"
            },
            "edge_mobile": {
              "version_added": null
            },
            "firefox": {
              "version_added": "40"
            },
            "firefox_android": {
              "version_added": "40"
            },
            "ie": {
              "version_added": false
            },
            "opera": {
              "version_added": true
            },
            "opera_android": {
              "version_added": true
            },
            "safari": {
              "version_added": true
            },
            "safari_ios": {
              "version_added": true
            },
            "samsunginternet_android": {
              "version_added": "4.0"
            },
            "webview_android": {
              "version_added": "43"
            }
          },
          "status": {
            "experimental": false,
            "standard_track": true,
            "deprecated": false
          }
        }
      }
    }
  }
}
