{
  "api": {
    "BaseAudioContext": {
      "__compat": {
        "mdn_url": "https://developer.mozilla.org/docs/Web/API/BaseAudioContext",
        "support": {
          "chrome": {
            "version_added": true
          },
          "chrome_android": {
            "version_added": true
          },
          "edge": {
            "version_added": true
          },
          "edge_mobile": {
            "version_added": true
          },
          "firefox": {
            "version_added": "53"
          },
          "firefox_android": {
            "version_added": "53"
          },
          "ie": {
            "version_added": false
          },
          "opera": [
            {
              "version_added": "22"
            },
            {
              "version_added": "15",
              "prefix": "webkit"
            }
          ],
          "opera_android": [
            {
              "version_added": "22"
            },
            {
              "version_added": "14",
              "prefix": "webkit"
            }
          ],
          "safari": {
            "version_added": "6",
            "prefix": "webkit"
          },
          "safari_ios": {
            "version_added": false
          },
          "samsunginternet_android": {
            "version_added": true
          },
          "webview_android": {
            "version_added": true
          }
        },
        "status": {
          "experimental": false,
          "standard_track": true,
          "deprecated": false
        }
      },
      "audioWorklet": {
        "__compat": {
          "mdn_url": "https://developer.mozilla.org/docs/Web/API/BaseAudioContext/audioWorklet",
          "support": {
            "chrome": {
              "version_added": "66"
            },
            "chrome_android": {
              "version_added": "66"
            },
            "edge": {
              "version_added": null
            },
            "edge_mobile": {
              "version_added": null
            },
            "firefox": {
              "version_added": null
            },
            "firefox_android": {
              "version_added": null
            },
            "ie": {
              "version_added": false
            },
            "opera": {
              "version_added": true
            },
            "opera_android": {
              "version_added": true
            },
            "safari": {
              "version_added": null
            },
            "safari_ios": {
              "version_added": false
            },
            "samsunginternet_android": {
              "version_added": true
            },
            "webview_android": {
              "version_added": "66"
            }
          },
          "status": {
            "experimental": true,
            "standard_track": true,
            "deprecated": false
          }
        }
      },
      "createAnalyser": {
        "__compat": {
          "mdn_url": "https://developer.mozilla.org/docs/Web/API/BaseAudioContext/createAnalyser",
          "support": {
            "chrome": {
              "version_added": "10",
              "prefix": "webkit"
            },
            "chrome_android": {
              "version_added": "33"
            },
            "edge": {
              "version_added": true
            },
            "edge_mobile": {
              "version_added": true
            },
            "firefox": {
              "version_added": "25"
            },
            "firefox_android": {
              "version_added": "26"
            },
            "ie": {
              "version_added": false
            },
            "opera": [
              {
                "version_added": "22"
              },
              {
                "version_added": "15",
                "prefix": "webkit"
              }
            ],
            "opera_android": [
              {
                "version_added": "22"
              },
              {
                "version_added": "14",
                "prefix": "webkit"
              }
            ],
            "safari": {
              "version_added": "6",
              "prefix": "webkit"
            },
            "safari_ios": {
              "version_added": false
            },
            "samsunginternet_android": {
              "version_added": true
            },
            "webview_android": {
              "version_added": true
            }
          },
          "status": {
            "experimental": false,
            "standard_track": true,
            "deprecated": false
          }
        }
      },
      "createBiquadFilter": {
        "__compat": {
          "mdn_url": "https://developer.mozilla.org/docs/Web/API/BaseAudioContext/createBiquadFilter",
          "support": {
            "chrome": {
              "version_added": "10",
              "prefix": "webkit"
            },
            "chrome_android": {
              "version_added": "33"
            },
            "edge": {
              "version_added": true
            },
            "edge_mobile": {
              "version_added": true
            },
            "firefox": {
              "version_added": "25"
            },
            "firefox_android": {
              "version_added": "26"
            },
            "ie": {
              "version_added": false
            },
            "opera": [
              {
                "version_added": "22"
              },
              {
                "version_added": "15",
                "prefix": "webkit"
              }
            ],
            "opera_android": [
              {
                "version_added": "22"
              },
              {
                "version_added": "14",
                "prefix": "webkit"
              }
            ],
            "safari": {
              "version_added": "6",
              "prefix": "webkit"
            },
            "safari_ios": {
              "version_added": false
            },
            "samsunginternet_android": {
              "version_added": true
            },
            "webview_android": {
              "version_added": true
            }
          },
          "status": {
            "experimental": false,
            "standard_track": true,
            "deprecated": false
          }
        }
      },
      "createBuffer": {
        "__compat": {
          "mdn_url": "https://developer.mozilla.org/docs/Web/API/BaseAudioContext/createBuffer",
          "support": {
            "chrome": {
              "version_added": "10",
              "prefix": "webkit"
            },
            "chrome_android": {
              "version_added": "33"
            },
            "edge": {
              "version_added": true
            },
            "edge_mobile": {
              "version_added": true
            },
            "firefox": {
              "version_added": "25"
            },
            "firefox_android": {
              "version_added": "26"
            },
            "ie": {
              "version_added": false
            },
            "opera": [
              {
                "version_added": "22"
              },
              {
                "version_added": "15",
                "prefix": "webkit"
              }
            ],
            "opera_android": [
              {
                "version_added": "22"
              },
              {
                "version_added": "14",
                "prefix": "webkit"
              }
            ],
            "safari": {
              "version_added": "6",
              "prefix": "webkit"
            },
            "safari_ios": {
              "version_added": false
            },
            "samsunginternet_android": {
              "version_added": true
            },
            "webview_android": {
              "version_added": true
            }
          },
          "status": {
            "experimental": false,
            "standard_track": true,
            "deprecated": false
          }
        }
      },
      "createBufferSource": {
        "__compat": {
          "mdn_url": "https://developer.mozilla.org/docs/Web/API/BaseAudioContext/createBufferSource",
          "support": {
            "chrome": {
              "version_added": "10",
              "prefix": "webkit"
            },
            "chrome_android": {
              "version_added": "33"
            },
            "edge": {
              "version_added": true
            },
            "edge_mobile": {
              "version_added": true
            },
            "firefox": {
              "version_added": "25"
            },
            "firefox_android": {
              "version_added": "26"
            },
            "ie": {
              "version_added": false
            },
            "opera": [
              {
                "version_added": "22"
              },
              {
                "version_added": "15",
                "prefix": "webkit"
              }
            ],
            "opera_android": [
              {
                "version_added": "22"
              },
              {
                "version_added": "14",
                "prefix": "webkit"
              }
            ],
            "safari": {
              "version_added": "6",
              "prefix": "webkit"
            },
            "safari_ios": {
              "version_added": false
            },
            "samsunginternet_android": {
              "version_added": true
            },
            "webview_android": {
              "version_added": true
            }
          },
          "status": {
            "experimental": false,
            "standard_track": true,
            "deprecated": false
          }
        }
      },
      "createChannelMerger": {
        "__compat": {
          "mdn_url": "https://developer.mozilla.org/docs/Web/API/BaseAudioContext/createChannelMerger",
          "support": {
            "chrome": {
              "version_added": "10",
              "prefix": "webkit"
            },
            "chrome_android": {
              "version_added": "33"
            },
            "edge": {
              "version_added": true
            },
            "edge_mobile": {
              "version_added": true
            },
            "firefox": {
              "version_added": "25"
            },
            "firefox_android": {
              "version_added": "26"
            },
            "ie": {
              "version_added": false
            },
            "opera": [
              {
                "version_added": "22"
              },
              {
                "version_added": "15",
                "prefix": "webkit"
              }
            ],
            "opera_android": [
              {
                "version_added": "22"
              },
              {
                "version_added": "14",
                "prefix": "webkit"
              }
            ],
            "safari": {
              "version_added": "6",
              "prefix": "webkit"
            },
            "safari_ios": {
              "version_added": false
            },
            "samsunginternet_android": {
              "version_added": true
            },
            "webview_android": {
              "version_added": true
            }
          },
          "status": {
            "experimental": false,
            "standard_track": true,
            "deprecated": false
          }
        }
      },
      "createChannelSplitter": {
        "__compat": {
          "mdn_url": "https://developer.mozilla.org/docs/Web/API/BaseAudioContext/createChannelSplitter",
          "support": {
            "chrome": {
              "version_added": "10",
              "prefix": "webkit"
            },
            "chrome_android": {
              "version_added": "33"
            },
            "edge": {
              "version_added": true
            },
            "edge_mobile": {
              "version_added": true
            },
            "firefox": {
              "version_added": "25"
            },
            "firefox_android": {
              "version_added": "26"
            },
            "ie": {
              "version_added": false
            },
            "opera": [
              {
                "version_added": "22"
              },
              {
                "version_added": "15",
                "prefix": "webkit"
              }
            ],
            "opera_android": [
              {
                "version_added": "22"
              },
              {
                "version_added": "14",
                "prefix": "webkit"
              }
            ],
            "safari": {
              "version_added": "6",
              "prefix": "webkit"
            },
            "safari_ios": {
              "version_added": false
            },
            "samsunginternet_android": {
              "version_added": true
            },
            "webview_android": {
              "version_added": true
            }
          },
          "status": {
            "experimental": false,
            "standard_track": true,
            "deprecated": false
          }
        }
      },
      "createConstantSource": {
        "__compat": {
          "mdn_url": "https://developer.mozilla.org/docs/Web/API/BaseAudioContext/createConstantSource",
          "support": {
            "chrome": {
              "version_added": "56"
            },
            "chrome_android": {
              "version_added": "56"
            },
            "edge": {
              "version_added": null
            },
            "edge_mobile": {
              "version_added": null
            },
            "firefox": {
              "version_added": "53"
            },
            "firefox_android": {
              "version_added": "53"
            },
            "ie": {
              "version_added": false
            },
            "opera": {
              "version_added": "43"
            },
            "opera_android": {
              "version_added": "43"
            },
            "safari": {
              "version_added": true
            },
            "safari_ios": {
              "version_added": false
            },
            "samsunginternet_android": {
              "version_added": true
            },
            "webview_android": {
              "version_added": "56"
            }
          },
          "status": {
            "experimental": false,
            "standard_track": true,
            "deprecated": false
          }
        }
      },
      "createConvolver": {
        "__compat": {
          "mdn_url": "https://developer.mozilla.org/docs/Web/API/BaseAudioContext/createConvolver",
          "support": {
            "chrome": {
              "version_added": "10",
              "prefix": "webkit"
            },
            "chrome_android": {
              "version_added": "33"
            },
            "edge": {
              "version_added": true
            },
            "edge_mobile": {
              "version_added": true
            },
            "firefox": {
              "version_added": "25"
            },
            "firefox_android": {
              "version_added": "26"
            },
            "ie": {
              "version_added": false
            },
            "opera": [
              {
                "version_added": "22"
              },
              {
                "version_added": "15",
                "prefix": "webkit"
              }
            ],
            "opera_android": [
              {
                "version_added": "22"
              },
              {
                "version_added": "14",
                "prefix": "webkit"
              }
            ],
            "safari": {
              "version_added": "6",
              "prefix": "webkit"
            },
            "safari_ios": {
              "version_added": false
            },
            "samsunginternet_android": {
              "version_added": true
            },
            "webview_android": {
              "version_added": true
            }
          },
          "status": {
            "experimental": false,
            "standard_track": true,
            "deprecated": false
          }
        }
      },
      "createDelay": {
        "__compat": {
          "mdn_url": "https://developer.mozilla.org/docs/Web/API/BaseAudioContext/createDelay",
          "support": {
            "chrome": {
              "version_added": "10",
              "prefix": "webkit"
            },
            "chrome_android": {
              "version_added": "33"
            },
            "edge": {
              "version_added": true
            },
            "edge_mobile": {
              "version_added": true
            },
            "firefox": {
              "version_added": "25"
            },
            "firefox_android": {
              "version_added": "26"
            },
            "ie": {
              "version_added": false
            },
            "opera": [
              {
                "version_added": "22"
              },
              {
                "version_added": "15",
                "prefix": "webkit"
              }
            ],
            "opera_android": [
              {
                "version_added": "22"
              },
              {
                "version_added": "14",
                "prefix": "webkit"
              }
            ],
            "safari": {
              "version_added": "6",
              "prefix": "webkit"
            },
            "safari_ios": {
              "version_added": false
            },
            "samsunginternet_android": {
              "version_added": true
            },
            "webview_android": {
              "version_added": true
            }
          },
          "status": {
            "experimental": false,
            "standard_track": true,
            "deprecated": false
          }
        }
      },
      "createDynamicsCompressor": {
        "__compat": {
          "mdn_url": "https://developer.mozilla.org/docs/Web/API/BaseAudioContext/createDynamicsCompressor",
          "support": {
            "chrome": {
              "version_added": "10",
              "prefix": "webkit"
            },
            "chrome_android": {
              "version_added": "33"
            },
            "edge": {
              "version_added": true
            },
            "edge_mobile": {
              "version_added": true
            },
            "firefox": {
              "version_added": "25"
            },
            "firefox_android": {
              "version_added": "26"
            },
            "ie": {
              "version_added": false
            },
            "opera": [
              {
                "version_added": "22"
              },
              {
                "version_added": "15",
                "prefix": "webkit"
              }
            ],
            "opera_android": [
              {
                "version_added": "22"
              },
              {
                "version_added": "14",
                "prefix": "webkit"
              }
            ],
            "safari": {
              "version_added": "6",
              "prefix": "webkit"
            },
            "safari_ios": {
              "version_added": false
            },
            "samsunginternet_android": {
              "version_added": true
            },
            "webview_android": {
              "version_added": true
            }
          },
          "status": {
            "experimental": false,
            "standard_track": true,
            "deprecated": false
          }
        }
      },
      "createGain": {
        "__compat": {
          "mdn_url": "https://developer.mozilla.org/docs/Web/API/BaseAudioContext/createGain",
          "support": {
            "chrome": {
              "version_added": "10",
              "prefix": "webkit"
            },
            "chrome_android": {
              "version_added": "33"
            },
            "edge": {
              "version_added": true
            },
            "edge_mobile": {
              "version_added": true
            },
            "firefox": {
              "version_added": "25"
            },
            "firefox_android": {
              "version_added": "26"
            },
            "ie": {
              "version_added": false
            },
            "opera": [
              {
                "version_added": "22"
              },
              {
                "version_added": "15",
                "prefix": "webkit"
              }
            ],
            "opera_android": [
              {
                "version_added": "22"
              },
              {
                "version_added": "14",
                "prefix": "webkit"
              }
            ],
            "safari": {
              "version_added": "6",
              "prefix": "webkit"
            },
            "safari_ios": {
              "version_added": false
            },
            "samsunginternet_android": {
              "version_added": true
            },
            "webview_android": {
              "version_added": true
            }
          },
          "status": {
            "experimental": false,
            "standard_track": true,
            "deprecated": false
          }
        }
      },
      "createIIRFilter": {
        "__compat": {
          "mdn_url": "https://developer.mozilla.org/docs/Web/API/BaseAudioContext/createIIRFilter",
          "support": {
            "chrome": {
              "version_added": "49"
            },
            "chrome_android": {
              "version_added": "49"
            },
            "edge": {
              "version_added": true
            },
            "edge_mobile": {
              "version_added": true
            },
            "firefox": {
              "version_added": "50"
            },
            "firefox_android": {
              "version_added": "50"
            },
            "ie": {
              "version_added": false
            },
            "opera": {
              "version_added": true
            },
            "opera_android": {
              "version_added": true
            },
            "safari": {
              "version_added": null
            },
            "safari_ios": {
              "version_added": false
            },
            "samsunginternet_android": {
              "version_added": true
            },
            "webview_android": {
              "version_added": "49"
            }
          },
          "status": {
            "experimental": false,
            "standard_track": true,
            "deprecated": false
          }
        }
      },
      "createOscillator": {
        "__compat": {
          "mdn_url": "https://developer.mozilla.org/docs/Web/API/BaseAudioContext/createOscillator",
          "support": {
            "chrome": {
              "version_added": "10",
              "prefix": "webkit"
            },
            "chrome_android": {
              "version_added": "33"
            },
            "edge": {
              "version_added": true
            },
            "edge_mobile": {
              "version_added": true
            },
            "firefox": {
              "version_added": "25"
            },
            "firefox_android": {
              "version_added": "26"
            },
            "ie": {
              "version_added": false
            },
            "opera": [
              {
                "version_added": "22"
              },
              {
                "version_added": "15",
                "prefix": "webkit"
              }
            ],
            "opera_android": [
              {
                "version_added": "22"
              },
              {
                "version_added": "14",
                "prefix": "webkit"
              }
            ],
            "safari": {
              "version_added": "6",
              "prefix": "webkit"
            },
            "safari_ios": {
              "version_added": false
            },
            "samsunginternet_android": {
              "version_added": true
            },
            "webview_android": {
              "version_added": true
            }
          },
          "status": {
            "experimental": false,
            "standard_track": true,
            "deprecated": false
          }
        }
      },
      "createPanner": {
        "__compat": {
          "mdn_url": "https://developer.mozilla.org/docs/Web/API/BaseAudioContext/createPanner",
          "support": {
            "chrome": {
              "version_added": "10",
              "prefix": "webkit"
            },
            "chrome_android": {
              "version_added": "33"
            },
            "edge": {
              "version_added": true
            },
            "edge_mobile": {
              "version_added": true
            },
            "firefox": {
              "version_added": "25"
            },
            "firefox_android": {
              "version_added": "26"
            },
            "ie": {
              "version_added": false
            },
            "opera": [
              {
                "version_added": "22"
              },
              {
                "version_added": "15",
                "prefix": "webkit"
              }
            ],
            "opera_android": [
              {
                "version_added": "22"
              },
              {
                "version_added": "14",
                "prefix": "webkit"
              }
            ],
            "safari": {
              "version_added": "6",
              "prefix": "webkit"
            },
            "safari_ios": {
              "version_added": false
            },
            "samsunginternet_android": {
              "version_added": true
            },
            "webview_android": {
              "version_added": true
            }
          },
          "status": {
            "experimental": false,
            "standard_track": true,
            "deprecated": false
          }
        }
      },
      "createPeriodicWave": {
        "__compat": {
          "mdn_url": "https://developer.mozilla.org/docs/Web/API/BaseAudioContext/createPeriodicWave",
          "support": {
            "chrome": [
              {
                "version_added": "59",
                "notes": "Default values supported"
              },
              {
                "version_added": "57"
              },
              {
                "version_added": "10",
                "prefix": "webkit"
              }
            ],
            "chrome_android": [
              {
                "version_added": "59",
                "notes": "Default values supported"
              },
              {
                "version_added": "57"
              },
              {
                "version_added": "33",
                "prefix": "webkit"
              }
            ],
            "edge": {
              "version_added": true
            },
            "edge_mobile": {
              "version_added": true
            },
            "firefox": {
              "version_added": "25"
            },
            "firefox_android": {
              "version_added": "26"
            },
            "ie": {
              "version_added": false
            },
            "opera": [
              {
                "version_added": "22"
              },
              {
                "version_added": "15",
                "prefix": "webkit"
              }
            ],
            "opera_android": [
              {
                "version_added": "22"
              },
              {
                "version_added": "14",
                "prefix": "webkit"
              }
            ],
            "safari": {
              "version_added": "6",
              "prefix": "webkit"
            },
            "safari_ios": {
              "version_added": false
            },
            "samsunginternet_android": {
              "version_added": true
            },
            "webview_android": [
              {
                "version_added": "59",
                "notes": "Default values supported"
              },
              {
                "version_added": "57"
              },
              {
                "version_added": "4.4.3",
                "prefix": "webkit"
              }
            ]
          },
          "status": {
            "experimental": false,
            "standard_track": true,
            "deprecated": false
          }
        },
        "disableNormalisation_supported": {
          "__compat": {
            "description": "Possible to disable normalisation",
            "support": {
              "chrome": {
                "version_added": true
              },
              "chrome_android": {
                "version_added": null
              },
              "edge": {
                "version_added": true
              },
              "edge_mobile": {
                "version_added": true
              },
              "firefox": {
                "version_added": false
              },
              "firefox_android": {
                "version_added": false
              },
              "ie": {
                "version_added": false
              },
              "opera": {
                "version_added": null
              },
              "opera_android": {
                "version_added": null
              },
              "safari": {
                "version_added": null
              },
              "safari_ios": {
                "version_added": false
              },
              "samsunginternet_android": {
                "version_added": null
              },
              "webview_android": {
                "version_added": null
              }
            },
            "status": {
              "experimental": false,
              "standard_track": true,
              "deprecated": false
            }
          }
        }
      },
      "createScriptProcessor": {
        "__compat": {
          "mdn_url": "https://developer.mozilla.org/docs/Web/API/BaseAudioContext/createScriptProcessor",
          "support": {
            "chrome": {
              "version_added": "10",
              "prefix": "webkit"
            },
            "chrome_android": {
              "version_added": "33"
            },
            "edge": {
              "version_added": true
            },
            "edge_mobile": {
              "version_added": true
            },
            "firefox": {
              "version_added": "25"
            },
            "firefox_android": {
              "version_added": "26"
            },
            "ie": {
              "version_added": false
            },
            "opera": [
              {
                "version_added": "22"
              },
              {
                "version_added": "15",
                "prefix": "webkit"
              }
            ],
            "opera_android": [
              {
                "version_added": "22"
              },
              {
                "version_added": "14",
                "prefix": "webkit"
              }
            ],
            "safari": {
              "version_added": "6",
              "prefix": "webkit"
            },
            "safari_ios": {
              "version_added": false
            },
            "samsunginternet_android": {
              "version_added": true
            },
            "webview_android": {
              "version_added": true
            }
          },
          "status": {
            "experimental": false,
            "standard_track": true,
            "deprecated": false
          }
        }
      },
      "createStereoPanner": {
        "__compat": {
          "mdn_url": "https://developer.mozilla.org/docs/Web/API/BaseAudioContext/createStereoPanner",
          "support": {
            "chrome": {
              "version_added": "42"
            },
            "chrome_android": {
              "version_added": true
            },
            "edge": {
              "version_added": true
            },
            "edge_mobile": {
              "version_added": true
            },
            "firefox": {
              "version_added": "37"
            },
            "firefox_android": {
              "version_added": "37"
            },
            "ie": {
              "version_added": false
            },
            "opera": {
              "version_added": false
            },
            "opera_android": {
              "version_added": false
            },
            "safari": {
              "version_added": false
            },
            "safari_ios": {
              "version_added": false
            },
            "samsunginternet_android": {
              "version_added": true
            },
            "webview_android": {
              "version_added": true
            }
          },
          "status": {
            "experimental": false,
            "standard_track": true,
            "deprecated": false
          }
        }
      },
      "createWaveShaper": {
        "__compat": {
          "mdn_url": "https://developer.mozilla.org/docs/Web/API/BaseAudioContext/createWaveShaper",
          "support": {
            "chrome": {
              "version_added": "10",
              "prefix": "webkit"
            },
            "chrome_android": {
              "version_added": "33"
            },
            "edge": {
              "version_added": true
            },
            "edge_mobile": {
              "version_added": true
            },
            "firefox": {
              "version_added": "25"
            },
            "firefox_android": {
              "version_added": "26"
            },
            "ie": {
              "version_added": false
            },
            "opera": [
              {
                "version_added": "22"
              },
              {
                "version_added": "15",
                "prefix": "webkit"
              }
            ],
            "opera_android": [
              {
                "version_added": "22"
              },
              {
                "version_added": "14",
                "prefix": "webkit"
              }
            ],
            "safari": {
              "version_added": "6",
              "prefix": "webkit"
            },
            "safari_ios": {
              "version_added": false
            },
            "samsunginternet_android": {
              "version_added": true
            },
            "webview_android": {
              "version_added": true
            }
          },
          "status": {
            "experimental": false,
            "standard_track": true,
            "deprecated": false
          }
        }
      },
      "currentTime": {
        "__compat": {
          "mdn_url": "https://developer.mozilla.org/docs/Web/API/BaseAudioContext/currentTime",
          "support": {
            "chrome": {
              "version_added": "10",
              "prefix": "webkit"
            },
            "chrome_android": {
              "version_added": "33"
            },
            "edge": {
              "version_added": true
            },
            "edge_mobile": {
              "version_added": true
            },
            "firefox": {
              "version_added": "25"
            },
            "firefox_android": {
              "version_added": "26"
            },
            "ie": {
              "version_added": false
            },
            "opera": [
              {
                "version_added": "22"
              },
              {
                "version_added": "15",
                "prefix": "webkit"
              }
            ],
            "opera_android": [
              {
                "version_added": "22"
              },
              {
                "version_added": "14",
                "prefix": "webkit"
              }
            ],
            "safari": {
              "version_added": "6",
              "prefix": "webkit"
            },
            "safari_ios": {
              "version_added": false
            },
            "samsunginternet_android": {
              "version_added": true
            },
            "webview_android": {
              "version_added": true
            }
          },
          "status": {
            "experimental": false,
            "standard_track": true,
            "deprecated": false
          }
        }
      },
      "decodeAudioData": {
        "__compat": {
          "mdn_url": "https://developer.mozilla.org/docs/Web/API/BaseAudioContext/decodeAudioData",
          "support": {
            "chrome": {
              "version_added": "10",
              "prefix": "webkit"
            },
            "chrome_android": {
              "version_added": "33"
            },
            "edge": {
              "version_added": true
            },
            "edge_mobile": {
              "version_added": true
            },
            "firefox": {
              "version_added": "25"
            },
            "firefox_android": {
              "version_added": "26"
            },
            "ie": {
              "version_added": false
            },
            "opera": [
              {
                "version_added": "22"
              },
              {
                "version_added": "15",
                "prefix": "webkit"
              }
            ],
            "opera_android": [
              {
                "version_added": "22"
              },
              {
                "version_added": "14",
                "prefix": "webkit"
              }
            ],
            "safari": {
              "version_added": "6",
              "prefix": "webkit"
            },
            "safari_ios": {
              "version_added": false
            },
            "samsunginternet_android": {
              "version_added": true
            },
            "webview_android": {
              "version_added": true
            }
          },
          "status": {
            "experimental": false,
            "standard_track": true,
            "deprecated": false
          }
        },
        "promise_syntax": {
          "__compat": {
            "description": "Promise-based syntax",
            "support": {
              "chrome": {
                "version_added": "49"
              },
              "chrome_android": {
                "version_added": "49"
              },
              "edge": {
                "version_added": null
              },
              "edge_mobile": {
                "version_added": null
              },
              "firefox": {
                "version_added": "36"
              },
              "firefox_android": {
                "version_added": "36"
              },
              "ie": {
                "version_added": false
              },
              "opera": {
                "version_added": true
              },
              "opera_android": {
                "version_added": null
              },
              "safari": {
                "version_added": false
              },
              "safari_ios": {
                "version_added": false
              },
              "samsunginternet_android": {
                "version_added": null
              },
              "webview_android": {
                "version_added": "49"
              }
            },
            "status": {
              "experimental": false,
              "standard_track": true,
              "deprecated": false
            }
          }
        }
      },
      "destination": {
        "__compat": {
          "mdn_url": "https://developer.mozilla.org/docs/Web/API/BaseAudioContext/destination",
          "support": {
            "chrome": {
              "version_added": "10",
              "prefix": "webkit"
            },
            "chrome_android": {
              "version_added": "33"
            },
            "edge": {
              "version_added": true
            },
            "edge_mobile": {
              "version_added": true
            },
            "firefox": {
              "version_added": "25"
            },
            "firefox_android": {
              "version_added": "26"
            },
            "ie": {
              "version_added": false
            },
            "opera": [
              {
                "version_added": "22"
              },
              {
                "version_added": "15",
                "prefix": "webkit"
              }
            ],
            "opera_android": [
              {
                "version_added": "22"
              },
              {
                "version_added": "14",
                "prefix": "webkit"
              }
            ],
            "safari": {
              "version_added": "6",
              "prefix": "webkit"
            },
            "safari_ios": {
              "version_added": false
            },
            "samsunginternet_android": {
              "version_added": true
            },
            "webview_android": {
              "version_added": true
            }
          },
          "status": {
            "experimental": false,
            "standard_track": true,
            "deprecated": false
          }
        }
      },
      "listener": {
        "__compat": {
          "mdn_url": "https://developer.mozilla.org/docs/Web/API/BaseAudioContext/listener",
          "support": {
            "chrome": {
              "version_added": "10",
              "prefix": "webkit"
            },
            "chrome_android": {
              "version_added": "33"
            },
            "edge": {
              "version_added": true
            },
            "edge_mobile": {
              "version_added": true
            },
            "firefox": {
              "version_added": "25"
            },
            "firefox_android": {
              "version_added": "26"
            },
            "ie": {
              "version_added": false
            },
            "opera": [
              {
                "version_added": "22"
              },
              {
                "version_added": "15",
                "prefix": "webkit"
              }
            ],
            "opera_android": [
              {
                "version_added": "22"
              },
              {
                "version_added": "14",
                "prefix": "webkit"
              }
            ],
            "safari": {
              "version_added": "6",
              "prefix": "webkit"
            },
            "safari_ios": {
              "version_added": false
            },
            "samsunginternet_android": {
              "version_added": true
            },
            "webview_android": {
              "version_added": true
            }
          },
          "status": {
            "experimental": false,
            "standard_track": true,
            "deprecated": false
          }
        }
      },
      "onstatechange": {
        "__compat": {
          "mdn_url": "https://developer.mozilla.org/docs/Web/API/BaseAudioContext/onstatechange",
          "support": {
            "chrome": {
              "version_added": "43"
            },
            "chrome_android": {
              "version_added": true
            },
            "edge": {
              "version_added": null
            },
            "edge_mobile": {
              "version_added": null
            },
            "firefox": {
              "version_added": "40"
            },
            "firefox_android": {
              "version_added": true
            },
            "ie": {
              "version_added": false
            },
            "opera": {
              "version_added": true
            },
            "opera_android": {
              "version_added": true
            },
            "safari": {
              "version_added": null
            },
            "safari_ios": {
              "version_added": false
            },
            "samsunginternet_android": {
              "version_added": true
            },
            "webview_android": {
              "version_added": true
            }
          },
          "status": {
            "experimental": false,
            "standard_track": true,
            "deprecated": false
          }
        }
      },
      "sampleRate": {
        "__compat": {
          "mdn_url": "https://developer.mozilla.org/docs/Web/API/BaseAudioContext/sampleRate",
          "support": {
            "chrome": {
              "version_added": "10",
              "prefix": "webkit"
            },
            "chrome_android": {
              "version_added": "33"
            },
            "edge": {
              "version_added": true
            },
            "edge_mobile": {
              "version_added": true
            },
            "firefox": {
              "version_added": "25"
            },
            "firefox_android": {
              "version_added": "26"
            },
            "ie": {
              "version_added": false
            },
            "opera": [
              {
                "version_added": "22"
              },
              {
                "version_added": "15",
                "prefix": "webkit"
              }
            ],
            "opera_android": [
              {
                "version_added": "22"
              },
              {
                "version_added": "14",
                "prefix": "webkit"
              }
            ],
            "safari": {
              "version_added": "6",
              "prefix": "webkit"
            },
            "safari_ios": {
              "version_added": false
            },
            "samsunginternet_android": {
              "version_added": true
            },
            "webview_android": {
              "version_added": true
            }
          },
          "status": {
            "experimental": false,
            "standard_track": true,
            "deprecated": false
          }
        }
      },
      "state": {
        "__compat": {
          "mdn_url": "https://developer.mozilla.org/docs/Web/API/BaseAudioContext/state",
          "support": {
            "chrome": {
              "version_added": "43"
            },
            "chrome_android": {
              "version_added": true
            },
            "edge": {
              "version_added": null
            },
            "edge_mobile": {
              "version_added": null
            },
            "firefox": {
              "version_added": "40"
            },
            "firefox_android": {
              "version_added": true
            },
            "ie": {
              "version_added": false
            },
            "opera": {
              "version_added": true
            },
            "opera_android": {
              "version_added": true
            },
            "safari": {
              "version_added": null
            },
            "safari_ios": {
              "version_added": false
            },
            "samsunginternet_android": {
              "version_added": true
            },
            "webview_android": {
              "version_added": true
            }
          },
          "status": {
            "experimental": false,
            "standard_track": true,
            "deprecated": false
          }
        }
      }
    }
  }
}
