{
  "api": {
    "BasicCardRequest": {
      "__compat": {
        "mdn_url": "https://developer.mozilla.org/docs/Web/API/BasicCardRequest",
        "support": {
          "chrome": {
            "version_added": false
          },
          "chrome_android": {
            "version_added": "57"
          },
          "edge": {
            "version_added": true
          },
          "edge_mobile": {
            "version_added": true
          },
          "firefox": {
            "version_added": "56",
            "notes": "Available only in nightly builds.",
            "flags": [
              {
                "type": "preference",
                "name": "dom.payments.request.enabled",
                "value_to_set": "true"
              },
              {
                "name": "dom.payments.request.supportedRegions",
                "type": "preference",
                "value_to_set": "A comma-delineated list of one or more 2-character ISO country codes indicating the countries in which to support payments (for example, <code>US,CA</code>."
              }
            ]
          },
          "firefox_android": {
            "version_added": "56",
            "notes": "Available only in nightly builds.",
            "flags": [
              {
                "type": "preference",
                "name": "dom.payments.request.enabled",
                "value_to_set": "true"
              },
              {
                "name": "dom.payments.request.supportedRegions",
                "type": "preference",
                "value_to_set": "A comma-delineated list of one or more 2-character ISO country codes indicating the countries in which to support payments (for example, <code>US,CA</code>."
              }
            ]
          },
          "ie": {
            "version_added": false
          },
          "opera": {
            "version_added": false
          },
          "opera_android": {
            "version_added": false
          },
          "safari": {
            "version_added": null
          },
          "safari_ios": {
            "version_added": null
          },
          "samsunginternet_android": {
            "version_added": "7.0"
          },
          "webview_android": {
            "version_added": false
          }
        },
        "status": {
          "experimental": false,
          "standard_track": true,
          "deprecated": false
        }
      },
      "supportedNetworks": {
        "__compat": {
          "mdn_url": "https://developer.mozilla.org/docs/Web/API/BasicCardRequest/supportedNetworks",
          "support": {
            "chrome": {
              "version_added": false
            },
            "chrome_android": {
              "version_added": "57"
            },
            "edge": {
              "version_added": true
            },
            "edge_mobile": {
              "version_added": true
            },
            "firefox": {
              "version_added": "56",
              "notes": "Available only in nightly builds.",
              "flags": [
                {
                  "type": "preference",
                  "name": "dom.payments.request.enabled",
                  "value_to_set": "true"
                }
              ]
            },
            "firefox_android": {
              "version_added": "56",
              "notes": "Available only in nightly builds.",
              "flags": [
                {
                  "type": "preference",
                  "name": "dom.payments.request.enabled",
                  "value_to_set": "true"
                }
              ]
            },
            "ie": {
              "version_added": false
            },
            "opera": {
              "version_added": false
            },
            "opera_android": {
              "version_added": false
            },
            "safari": {
              "version_added": null
            },
            "safari_ios": {
              "version_added": null
            },
            "samsunginternet_android": {
              "version_added": "7.0"
            },
            "webview_android": {
              "version_added": false
            }
          },
          "status": {
            "experimental": false,
            "standard_track": true,
            "deprecated": false
          }
        }
      },
      "supportedTypes": {
        "__compat": {
          "mdn_url": "https://developer.mozilla.org/docs/Web/API/BasicCardRequest/supportedTypes",
          "support": {
            "chrome": {
              "version_added": false
            },
            "chrome_android": {
              "version_added": "57"
            },
            "edge": {
              "version_added": true
            },
            "edge_mobile": {
              "version_added": true
            },
            "firefox": {
              "version_added": "56",
              "version_removed": "65",
              "flags": [
                {
                  "type": "preference",
                  "name": "dom.payments.request.enabled",
                  "value_to_set": "true"
                }
              ],
              "notes": "It's now up to the payment processor to determine the type of card used, when necessary. Available only in nightly builds."
            },
            "firefox_android": {
              "version_added": "56",
              "version_removed": "65",
              "flags": [
                {
                  "type": "preference",
                  "name": "dom.payments.request.enabled",
                  "value_to_set": "true"
                }
              ],
              "notes": "It's now up to the payment processor to determine the type of card used, when necessary. Available only in nightly builds."
            },
            "ie": {
              "version_added": false
            },
            "opera": {
              "version_added": false
            },
            "opera_android": {
              "version_added": false
            },
            "safari": {
              "version_added": null
            },
            "safari_ios": {
              "version_added": null
            },
            "samsunginternet_android": {
              "version_added": "7.0"
            },
            "webview_android": {
              "version_added": false
            }
          },
          "status": {
            "experimental": false,
            "standard_track": true,
            "deprecated": true
          }
        }
      }
    }
  }
}
