{
  "api": {
    "BluetoothRemoteGATTServer": {
      "__compat": {
        "mdn_url": "https://developer.mozilla.org/docs/Web/API/BluetoothRemoteGATTServer",
        "support": {
          "chrome": [
            {
              "version_added": "56",
              "notes": "macOS only."
            },
            {
              "version_added": "56",
              "notes": "Linux and versions of Windows earlier than 10.",
              "flags": [
                {
                  "type": "preference",
                  "name": "#enable-experimental-web-platform-features",
                  "value_to_set": "enabled"
                }
              ]
            },
            {
              "version_added": "70",
              "notes": "Windows 10."
            }
          ],
          "chrome_android": {
            "version_added": "56"
          },
          "edge": {
            "version_added": null
          },
          "edge_mobile": {
            "version_added": null
          },
          "firefox": {
            "version_added": false
          },
          "firefox_android": {
            "version_added": false
          },
          "ie": {
            "version_added": false
          },
          "opera": [
            {
              "version_added": "43",
              "notes": "macOS only."
            },
            {
              "version_added": "43",
              "notes": "Linux and versions of Windows earlier than 10.",
              "flags": [
                {
                  "type": "preference",
                  "name": "#enable-experimental-web-platform-features",
                  "value_to_set": "enabled"
                }
              ]
            },
            {
              "version_added": "57",
              "notes": "Windows 10."
            }
          ],
          "opera_android": {
            "version_added": "43"
          },
          "safari": {
            "version_added": null
          },
          "safari_ios": {
            "version_added": null
          },
          "webview_android": {
            "version_added": false
          }
        },
        "status": {
          "experimental": true,
          "standard_track": true,
          "deprecated": false
        }
      },
      "connect": {
        "__compat": {
          "mdn_url": "https://developer.mozilla.org/docs/Web/API/BluetoothRemoteGATTServer/connect",
          "support": {
            "chrome": [
              {
                "version_added": "56",
                "notes": "macOS only."
              },
              {
                "version_added": "56",
                "notes": "Linux and versions of Windows earlier than 10.",
                "flags": [
                  {
                    "type": "preference",
                    "name": "#enable-experimental-web-platform-features",
                    "value_to_set": "enabled"
                  }
                ]
              },
              {
                "version_added": "70",
                "notes": "Windows 10."
              }
            ],
            "chrome_android": {
              "version_added": "56"
            },
            "edge": {
              "version_added": null
            },
            "edge_mobile": {
              "version_added": null
            },
            "firefox": {
              "version_added": false
            },
            "firefox_android": {
              "version_added": false
            },
            "ie": {
              "version_added": false
            },
            "opera": [
              {
                "version_added": "43",
                "notes": "macOS only."
              },
              {
                "version_added": "43",
                "notes": "Linux and versions of Windows earlier than 10.",
                "flags": [
                  {
                    "type": "preference",
                    "name": "#enable-experimental-web-platform-features",
                    "value_to_set": "enabled"
                  }
                ]
              },
              {
                "version_added": "57",
                "notes": "Windows 10."
              }
            ],
            "opera_android": {
              "version_added": "43"
            },
            "safari": {
              "version_added": null
            },
            "safari_ios": {
              "version_added": null
            },
            "webview_android": {
              "version_added": false
            }
          },
          "status": {
            "experimental": true,
            "standard_track": true,
            "deprecated": false
          }
        }
      },
      "connected": {
        "__compat": {
          "mdn_url": "https://developer.mozilla.org/docs/Web/API/BluetoothRemoteGATTServer/connected",
          "support": {
            "chrome": [
              {
                "version_added": "56",
                "notes": "macOS only."
              },
              {
                "version_added": "56",
                "notes": "Linux and versions of Windows earlier than 10.",
                "flags": [
                  {
                    "type": "preference",
                    "name": "#enable-experimental-web-platform-features",
                    "value_to_set": "enabled"
                  }
                ]
              },
              {
                "version_added": "70",
                "notes": "Windows 10."
              }
            ],
            "chrome_android": {
              "version_added": "56"
            },
            "edge": {
              "version_added": null
            },
            "edge_mobile": {
              "version_added": null
            },
            "firefox": {
              "version_added": false
            },
            "firefox_android": {
              "version_added": false
            },
            "ie": {
              "version_added": false
            },
            "opera": [
              {
                "version_added": "43",
                "notes": "macOS only."
              },
              {
                "version_added": "43",
                "notes": "Linux and versions of Windows earlier than 10.",
                "flags": [
                  {
                    "type": "preference",
                    "name": "#enable-experimental-web-platform-features",
                    "value_to_set": "enabled"
                  }
                ]
              },
              {
                "version_added": "57",
                "notes": "Windows 10."
              }
            ],
            "opera_android": {
              "version_added": "43"
            },
            "safari": {
              "version_added": null
            },
            "safari_ios": {
              "version_added": null
            },
            "webview_android": {
              "version_added": false
            }
          },
          "status": {
            "experimental": true,
            "standard_track": true,
            "deprecated": false
          }
        }
      },
      "device": {
        "__compat": {
          "mdn_url": "https://developer.mozilla.org/docs/Web/API/BluetoothRemoteGATTServer/device",
          "support": {
            "chrome": [
              {
                "version_added": "56",
                "notes": "macOS only."
              },
              {
                "version_added": "56",
                "notes": "Linux and versions of Windows earlier than 10.",
                "flags": [
                  {
                    "type": "preference",
                    "name": "#enable-experimental-web-platform-features",
                    "value_to_set": "enabled"
                  }
                ]
              },
              {
                "version_added": "70",
                "notes": "Windows 10."
              }
            ],
            "chrome_android": {
              "version_added": "56"
            },
            "edge": {
              "version_added": null
            },
            "edge_mobile": {
              "version_added": null
            },
            "firefox": {
              "version_added": false
            },
            "firefox_android": {
              "version_added": false
            },
            "ie": {
              "version_added": false
            },
            "opera": [
              {
                "version_added": "43",
                "notes": "macOS only."
              },
              {
                "version_added": "43",
                "notes": "Linux and versions of Windows earlier than 10.",
                "flags": [
                  {
                    "type": "preference",
                    "name": "#enable-experimental-web-platform-features",
                    "value_to_set": "enabled"
                  }
                ]
              },
              {
                "version_added": "57",
                "notes": "Windows 10."
              }
            ],
            "opera_android": {
              "version_added": "43"
            },
            "safari": {
              "version_added": null
            },
            "safari_ios": {
              "version_added": null
            },
            "webview_android": {
              "version_added": false
            }
          },
          "status": {
            "experimental": true,
            "standard_track": true,
            "deprecated": false
          }
        }
      },
      "disconnect": {
        "__compat": {
          "mdn_url": "https://developer.mozilla.org/docs/Web/API/BluetoothRemoteGATTServer/disconnect",
          "support": {
            "chrome": [
              {
                "version_added": "56",
                "notes": "macOS only."
              },
              {
                "version_added": "56",
                "notes": "Linux and versions of Windows earlier than 10.",
                "flags": [
                  {
                    "type": "preference",
                    "name": "#enable-experimental-web-platform-features",
                    "value_to_set": "enabled"
                  }
                ]
              },
              {
                "version_added": "70",
                "notes": "Windows 10."
              }
            ],
            "chrome_android": {
              "version_added": "56"
            },
            "edge": {
              "version_added": null
            },
            "edge_mobile": {
              "version_added": null
            },
            "firefox": {
              "version_added": false
            },
            "firefox_android": {
              "version_added": false
            },
            "ie": {
              "version_added": false
            },
            "opera": [
              {
                "version_added": "43",
                "notes": "macOS only."
              },
              {
                "version_added": "43",
                "notes": "Linux and versions of Windows earlier than 10.",
                "flags": [
                  {
                    "type": "preference",
                    "name": "#enable-experimental-web-platform-features",
                    "value_to_set": "enabled"
                  }
                ]
              },
              {
                "version_added": "57",
                "notes": "Windows 10."
              }
            ],
            "opera_android": {
              "version_added": "43"
            },
            "safari": {
              "version_added": null
            },
            "safari_ios": {
              "version_added": null
            },
            "webview_android": {
              "version_added": false
            }
          },
          "status": {
            "experimental": true,
            "standard_track": true,
            "deprecated": false
          }
        }
      },
      "getPrimaryService": {
        "__compat": {
          "mdn_url": "https://developer.mozilla.org/docs/Web/API/BluetoothRemoteGATTServer/getPrimaryService",
          "support": {
            "chrome": [
              {
                "version_added": "56",
                "notes": "macOS only."
              },
              {
                "version_added": "56",
                "notes": "Linux and versions of Windows earlier than 10.",
                "flags": [
                  {
                    "type": "preference",
                    "name": "#enable-experimental-web-platform-features",
                    "value_to_set": "enabled"
                  }
                ]
              },
              {
                "version_added": "70",
                "notes": "Windows 10."
              }
            ],
            "chrome_android": {
              "version_added": "56"
            },
            "edge": {
              "version_added": null
            },
            "edge_mobile": {
              "version_added": null
            },
            "firefox": {
              "version_added": false
            },
            "firefox_android": {
              "version_added": false
            },
            "ie": {
              "version_added": false
            },
            "opera": [
              {
                "version_added": "43",
                "notes": "macOS only."
              },
              {
                "version_added": "43",
                "notes": "Linux and versions of Windows earlier than 10.",
                "flags": [
                  {
                    "type": "preference",
                    "name": "#enable-experimental-web-platform-features",
                    "value_to_set": "enabled"
                  }
                ]
              },
              {
                "version_added": "57",
                "notes": "Windows 10."
              }
            ],
            "opera_android": {
              "version_added": "43"
            },
            "safari": {
              "version_added": null
            },
            "safari_ios": {
              "version_added": null
            },
            "webview_android": {
              "version_added": false
            }
          },
          "status": {
            "experimental": true,
            "standard_track": true,
            "deprecated": false
          }
        }
      },
      "getPrimaryServices": {
        "__compat": {
          "mdn_url": "https://developer.mozilla.org/docs/Web/API/BluetoothRemoteGATTServer/getPrimaryServices",
          "support": {
            "chrome": [
              {
                "version_added": "56",
                "notes": "macOS only."
              },
              {
                "version_added": "56",
                "notes": "Linux and versions of Windows earlier than 10.",
                "flags": [
                  {
                    "type": "preference",
                    "name": "#enable-experimental-web-platform-features",
                    "value_to_set": "enabled"
                  }
                ]
              },
              {
                "version_added": "70",
                "notes": "Windows 10."
              }
            ],
            "chrome_android": {
              "version_added": "56"
            },
            "edge": {
              "version_added": null
            },
            "edge_mobile": {
              "version_added": null
            },
            "firefox": {
              "version_added": false
            },
            "firefox_android": {
              "version_added": false
            },
            "ie": {
              "version_added": false
            },
            "opera": [
              {
                "version_added": "43",
                "notes": "macOS only."
              },
              {
                "version_added": "43",
                "notes": "Linux and versions of Windows earlier than 10.",
                "flags": [
                  {
                    "type": "preference",
                    "name": "#enable-experimental-web-platform-features",
                    "value_to_set": "enabled"
                  }
                ]
              },
              {
                "version_added": "57",
                "notes": "Windows 10."
              }
            ],
            "opera_android": {
              "version_added": "43"
            },
            "safari": {
              "version_added": null
            },
            "safari_ios": {
              "version_added": null
            },
            "webview_android": {
              "version_added": false
            }
          },
          "status": {
            "experimental": true,
            "standard_track": true,
            "deprecated": false
          }
        }
      }
    }
  }
}
