{
  "api": {
    "Body": {
      "__compat": {
        "mdn_url": "https://developer.mozilla.org/docs/Web/API/Body",
        "support": {
          "chrome": [
            {
              "version_added": "42"
            },
            {
              "version_added": "41",
              "flags": [
                {
                  "type": "preference",
                  "name": "Experimental Web Platform Features"
                }
              ]
            }
          ],
          "chrome_android": {
            "version_added": "42"
          },
          "edge": {
            "version_added": true
          },
          "edge_mobile": {
            "version_added": null
          },
          "firefox": [
            {
              "version_added": "39"
            },
            {
              "version_added": "34",
              "flags": [
                {
                  "type": "preference",
                  "name": "dom.fetch.enabled"
                }
              ]
            }
          ],
          "ie": {
            "version_added": false
          },
          "opera": [
            {
              "version_added": "29"
            },
            {
              "version_added": "28",
              "flags": [
                {
                  "type": "preference",
                  "name": "Experimental Web Platform Features"
                }
              ]
            }
          ],
          "opera_android": [
            {
              "version_added": "29"
            },
            {
              "version_added": "28",
              "flags": [
                {
                  "type": "preference",
                  "name": "Experimental Web Platform Features"
                }
              ]
            }
          ],
          "safari": {
            "version_added": false
          },
          "safari_ios": {
            "version_added": false
          },
          "samsunginternet_android": {
            "version_added": "4.0"
          },
          "webview_android": {
            "version_added": "42"
          }
        },
        "status": {
          "experimental": false,
          "standard_track": true,
          "deprecated": false
        }
      },
      "body": {
        "__compat": {
          "mdn_url": "https://developer.mozilla.org/docs/Web/API/Body/body",
          "support": {
            "chrome": {
              "version_added": "52"
            },
            "chrome_android": {
              "version_added": "52"
            },
            "edge": {
              "version_added": true
            },
            "edge_mobile": {
              "version_added": null
            },
            "firefox": [
              {
                "version_added": "65"
              },
              {
                "version_added": "57",
                "flags": [
                  {
                    "type": "preference",
                    "name": "dom.streams.enabled",
                    "value_to_set": "true"
                  },
                  {
                    "type": "preference",
                    "name": "javascript.options.streams",
                    "value_to_set": "true"
                  }
                ]
              }
            ],
            "firefox_android": [
              {
                "version_added": "65"
              },
              {
                "version_added": "57",
                "flags": [
                  {
                    "type": "preference",
                    "name": "dom.streams.enabled",
                    "value_to_set": "true"
                  },
                  {
                    "type": "preference",
                    "name": "javascript.options.streams",
                    "value_to_set": "true"
                  }
                ]
              }
            ],
            "ie": {
              "version_added": false
            },
            "opera": {
              "version_added": "39"
            },
            "opera_android": {
              "version_added": "41"
            },
            "safari": {
              "version_added": false
            },
            "safari_ios": {
              "version_added": false
            },
            "samsunginternet_android": {
              "version_added": "6.0"
            },
            "webview_android": {
              "version_added": "52"
            }
          },
          "status": {
            "experimental": true,
            "standard_track": true,
            "deprecated": false
          }
        }
      },
      "bodyUsed": {
        "__compat": {
          "mdn_url": "https://developer.mozilla.org/docs/Web/API/Body/bodyUsed",
          "support": {
            "chrome": [
              {
                "version_added": "42"
              },
              {
                "version_added": "41",
                "flags": [
                  {
                    "type": "preference",
                    "name": "Experimental Web Platform Features"
                  }
                ]
              }
            ],
            "chrome_android": {
              "version_added": false
            },
            "edge": {
              "version_added": true
            },
            "edge_mobile": {
              "version_added": true
            },
            "firefox": [
              {
                "version_added": "39"
              },
              {
                "version_added": "34",
                "flags": [
                  {
                    "type": "preference",
                    "name": "dom.fetch.enabled"
                  }
                ]
              }
            ],
            "firefox_android": {
              "version_added": false
            },
            "ie": {
              "version_added": false
            },
            "opera": [
              {
                "version_added": "29"
              },
              {
                "version_added": "28",
                "flags": [
                  {
                    "type": "preference",
                    "name": "Experimental Web Platform Features"
                  }
                ]
              }
            ],
            "opera_android": [
              {
                "version_added": "29"
              },
              {
                "version_added": "28",
                "flags": [
                  {
                    "type": "preference",
                    "name": "Experimental Web Platform Features"
                  }
                ]
              }
            ],
            "safari": {
              "version_added": false
            },
            "safari_ios": {
              "version_added": false
            },
            "samsunginternet_android": {
              "version_added": false
            },
            "webview_android": {
              "version_added": false
            }
          },
          "status": {
            "experimental": true,
            "standard_track": true,
            "deprecated": false
          }
        }
      },
      "arrayBuffer": {
        "__compat": {
          "mdn_url": "https://developer.mozilla.org/docs/Web/API/Body/arrayBuffer",
          "support": {
            "chrome": [
              {
                "version_added": "42"
              },
              {
                "version_added": "41",
                "flags": [
                  {
                    "type": "preference",
                    "name": "Experimental Web Platform Features"
                  }
                ]
              }
            ],
            "chrome_android": {
              "version_added": false
            },
            "edge": {
              "version_added": true
            },
            "edge_mobile": {
              "version_added": true
            },
            "firefox": [
              {
                "version_added": "39"
              },
              {
                "version_added": "34",
                "flags": [
                  {
                    "type": "preference",
                    "name": "dom.fetch.enabled"
                  }
                ]
              }
            ],
            "firefox_android": {
              "version_added": false
            },
            "ie": {
              "version_added": false
            },
            "opera": [
              {
                "version_added": "29"
              },
              {
                "version_added": "28",
                "flags": [
                  {
                    "type": "preference",
                    "name": "Experimental Web Platform Features"
                  }
                ]
              }
            ],
            "opera_android": [
              {
                "version_added": "29"
              },
              {
                "version_added": "28",
                "flags": [
                  {
                    "type": "preference",
                    "name": "Experimental Web Platform Features"
                  }
                ]
              }
            ],
            "safari": {
              "version_added": false
            },
            "safari_ios": {
              "version_added": false
            },
            "samsunginternet_android": {
              "version_added": false
            },
            "webview_android": {
              "version_added": false
            }
          },
          "status": {
            "experimental": true,
            "standard_track": true,
            "deprecated": false
          }
        }
      },
      "blob": {
        "__compat": {
          "mdn_url": "https://developer.mozilla.org/docs/Web/API/Body/blob",
          "support": {
            "chrome": [
              {
                "version_added": "42"
              },
              {
                "version_added": "41",
                "flags": [
                  {
                    "type": "preference",
                    "name": "Experimental Web Platform Features"
                  }
                ]
              }
            ],
            "chrome_android": {
              "version_added": false
            },
            "edge": {
              "version_added": true
            },
            "edge_mobile": {
              "version_added": true
            },
            "firefox": [
              {
                "version_added": "39"
              },
              {
                "version_added": "34",
                "flags": [
                  {
                    "type": "preference",
                    "name": "dom.fetch.enabled"
                  }
                ]
              }
            ],
            "firefox_android": {
              "version_added": false
            },
            "ie": {
              "version_added": false
            },
            "opera": [
              {
                "version_added": "29"
              },
              {
                "version_added": "28",
                "flags": [
                  {
                    "type": "preference",
                    "name": "Experimental Web Platform Features"
                  }
                ]
              }
            ],
            "opera_android": [
              {
                "version_added": "29"
              },
              {
                "version_added": "28",
                "flags": [
                  {
                    "type": "preference",
                    "name": "Experimental Web Platform Features"
                  }
                ]
              }
            ],
            "safari": {
              "version_added": false
            },
            "safari_ios": {
              "version_added": false
            },
            "samsunginternet_android": {
              "version_added": false
            },
            "webview_android": {
              "version_added": false
            }
          },
          "status": {
            "experimental": true,
            "standard_track": true,
            "deprecated": false
          }
        }
      },
      "formData": {
        "__compat": {
          "mdn_url": "https://developer.mozilla.org/docs/Web/API/Body/formData",
          "support": {
            "chrome": {
              "version_added": "60"
            },
            "chrome_android": {
              "version_added": "60"
            },
            "edge": {
              "version_added": null
            },
            "edge_mobile": {
              "version_added": null
            },
            "firefox": [
              {
                "version_added": "39"
              },
              {
                "version_added": "34",
                "flags": [
                  {
                    "type": "preference",
                    "name": "dom.fetch.enabled"
                  }
                ]
              }
            ],
            "firefox_android": {
              "version_added": false
            },
            "ie": {
              "version_added": false
            },
            "opera": {
              "version_added": "47"
            },
            "opera_android": {
              "version_added": "44"
            },
            "safari": {
              "version_added": false
            },
            "safari_ios": {
              "version_added": false
            },
            "samsunginternet_android": {
              "version_added": false
            },
            "webview_android": {
              "version_added": "60"
            }
          },
          "status": {
            "experimental": true,
            "standard_track": true,
            "deprecated": false
          }
        }
      },
      "json": {
        "__compat": {
          "mdn_url": "https://developer.mozilla.org/docs/Web/API/Body/json",
          "support": {
            "chrome": [
              {
                "version_added": "42"
              },
              {
                "version_added": "41",
                "flags": [
                  {
                    "type": "preference",
                    "name": "Experimental Web Platform Features"
                  }
                ]
              }
            ],
            "chrome_android": {
              "version_added": false
            },
            "edge": {
              "version_added": true
            },
            "edge_mobile": {
              "version_added": true
            },
            "firefox": [
              {
                "version_added": "39"
              },
              {
                "version_added": "34",
                "flags": [
                  {
                    "type": "preference",
                    "name": "dom.fetch.enabled"
                  }
                ]
              }
            ],
            "firefox_android": {
              "version_added": false
            },
            "ie": {
              "version_added": false
            },
            "opera": [
              {
                "version_added": "29"
              },
              {
                "version_added": "28",
                "flags": [
                  {
                    "type": "preference",
                    "name": "Experimental Web Platform Features"
                  }
                ]
              }
            ],
            "opera_android": [
              {
                "version_added": "29"
              },
              {
                "version_added": "28",
                "flags": [
                  {
                    "type": "preference",
                    "name": "Experimental Web Platform Features"
                  }
                ]
              }
            ],
            "safari": {
              "version_added": false
            },
            "safari_ios": {
              "version_added": false
            },
            "samsunginternet_android": {
              "version_added": false
            },
            "webview_android": {
              "version_added": false
            }
          },
          "status": {
            "experimental": true,
            "standard_track": true,
            "deprecated": false
          }
        }
      },
      "text": {
        "__compat": {
          "mdn_url": "https://developer.mozilla.org/docs/Web/API/Body/text",
          "support": {
            "chrome": [
              {
                "version_added": "42"
              },
              {
                "version_added": "41",
                "flags": [
                  {
                    "type": "preference",
                    "name": "Experimental Web Platform Features"
                  }
                ]
              }
            ],
            "chrome_android": {
              "version_added": false
            },
            "edge": {
              "version_added": true
            },
            "edge_mobile": {
              "version_added": true
            },
            "firefox": [
              {
                "version_added": "39"
              },
              {
                "version_added": "34",
                "flags": [
                  {
                    "type": "preference",
                    "name": "dom.fetch.enabled"
                  }
                ]
              }
            ],
            "firefox_android": {
              "version_added": false
            },
            "ie": {
              "version_added": false
            },
            "opera": [
              {
                "version_added": "29"
              },
              {
                "version_added": "28",
                "flags": [
                  {
                    "type": "preference",
                    "name": "Experimental Web Platform Features"
                  }
                ]
              }
            ],
            "opera_android": [
              {
                "version_added": "29"
              },
              {
                "version_added": "28",
                "flags": [
                  {
                    "type": "preference",
                    "name": "Experimental Web Platform Features"
                  }
                ]
              }
            ],
            "safari": {
              "version_added": false
            },
            "safari_ios": {
              "version_added": false
            },
            "samsunginternet_android": {
              "version_added": false
            },
            "webview_android": {
              "version_added": false
            }
          },
          "status": {
            "experimental": true,
            "standard_track": true,
            "deprecated": false
          }
        }
      }
    }
  }
}
