{
  "api": {
    "Cache": {
      "__compat": {
        "mdn_url": "https://developer.mozilla.org/docs/Web/API/Cache",
        "support": {
          "chrome": {
            "version_added": "43",
            "notes": "From 40 to 42, this was only available on service workers."
          },
          "chrome_android": {
            "version_added": "43",
            "notes": "From 40 to 42, this was only available on service workers."
          },
          "edge": {
            "version_added": true
          },
          "edge_mobile": {
            "version_added": false
          },
          "firefox": {
            "version_added": "39",
            "notes": "Service workers (and <a href='https://developer.mozilla.org/docs/Web/API/Push_API'>Push</a>) have been disabled in the <a href='https://www.mozilla.org/firefox/organizations/'>Firefox 45 & 52 Extended Support Releases</a> (ESR)."
          },
          "firefox_android": {
            "version_added": "39"
          },
          "ie": {
            "version_added": false
          },
          "opera": {
            "version_added": "30",
            "notes": "From 27 to 29, this was only available on service workers."
          },
          "opera_android": {
            "version_added": "30",
            "notes": "From 27 to 29, this was only available on service workers."
          },
          "safari": {
            "version_added": "11"
          },
          "safari_ios": {
            "version_added": false
          },
          "samsunginternet_android": {
            "version_added": "4.0"
          },
          "webview_android": {
            "version_added": "43",
            "notes": "From 40 to 42, this was only available on service workers."
          }
        },
        "status": {
          "experimental": true,
          "standard_track": true,
          "deprecated": false
        }
      },
      "add": {
        "__compat": {
          "mdn_url": "https://developer.mozilla.org/docs/Web/API/Cache/add",
          "support": {
            "chrome": {
              "version_added": "44",
              "notes": "Requires HTTPS from version 46."
            },
            "chrome_android": {
              "version_added": "44",
              "notes": "Requires HTTPS from version 46."
            },
            "edge": {
              "version_added": "16"
            },
            "edge_mobile": {
              "version_added": false
            },
            "firefox": {
              "version_added": "39",
              "notes": "Service workers (and <a href='https://developer.mozilla.org/docs/Web/API/Push_API'>Push</a>) have been disabled in the <a href='https://www.mozilla.org/firefox/organizations/'>Firefox 45 & 52 Extended Support Releases</a> (ESR)."
            },
            "firefox_android": {
              "version_added": "39"
            },
            "ie": {
              "version_added": false
            },
            "opera": {
              "version_added": "31",
              "notes": "Requires HTTPS from version 33."
            },
            "opera_android": {
              "version_added": "32",
              "notes": "Requires HTTPS from version 33."
            },
            "safari": {
              "version_added": "11"
            },
            "safari_ios": {
              "version_added": false
            },
            "samsunginternet_android": {
              "version_added": "4.0"
            },
            "webview_android": {
              "version_added": "44",
              "notes": "Requires HTTPS from version 46."
            }
          },
          "status": {
            "experimental": true,
            "standard_track": true,
            "deprecated": false
          }
        }
      },
      "addAll": {
        "__compat": {
          "mdn_url": "https://developer.mozilla.org/docs/Web/API/Cache/addAll",
          "support": {
            "chrome": {
              "version_added": "46",
              "notes": "Requires HTTPS."
            },
            "chrome_android": {
              "version_added": "46",
              "notes": "Requires HTTPS."
            },
            "edge": {
              "version_added": "16"
            },
            "edge_mobile": {
              "version_added": false
            },
            "firefox": {
              "version_added": "39",
              "notes": "Service workers (and <a href='https://developer.mozilla.org/docs/Web/API/Push_API'>Push</a>) have been disabled in the <a href='https://www.mozilla.org/firefox/organizations/'>Firefox 45 & 52 Extended Support Releases</a> (ESR)."
            },
            "firefox_android": {
              "version_added": "39"
            },
            "ie": {
              "version_added": false
            },
            "opera": {
              "version_added": "33",
              "notes": "Requires HTTPS."
            },
            "opera_android": {
              "version_added": "33",
              "notes": "Requires HTTPS."
            },
            "safari": {
              "version_added": "11"
            },
            "safari_ios": {
              "version_added": false
            },
            "samsunginternet_android": {
              "version_added": "5.0"
            },
            "webview_android": {
              "version_added": "46",
              "notes": "Requires HTTPS."
            }
          },
          "status": {
            "experimental": true,
            "standard_track": true,
            "deprecated": false
          }
        }
      },
      "delete": {
        "__compat": {
          "mdn_url": "https://developer.mozilla.org/docs/Web/API/Cache/delete",
          "support": {
            "chrome": {
              "version_added": "43"
            },
            "chrome_android": {
              "version_added": "43"
            },
            "edge": {
              "version_added": "16"
            },
            "edge_mobile": {
              "version_added": false
            },
            "firefox": {
              "version_added": "39",
              "notes": "Service workers (and <a href='https://developer.mozilla.org/docs/Web/API/Push_API'>Push</a>) have been disabled in the <a href='https://www.mozilla.org/firefox/organizations/'>Firefox 45 & 52 Extended Support Releases</a> (ESR)."
            },
            "firefox_android": {
              "version_added": "39"
            },
            "ie": {
              "version_added": false
            },
            "opera": {
              "version_added": "30"
            },
            "opera_android": {
              "version_added": "30"
            },
            "safari": {
              "version_added": "11"
            },
            "safari_ios": {
              "version_added": false
            },
            "samsunginternet_android": {
              "version_added": "4.0"
            },
            "webview_android": {
              "version_added": "43"
            }
          },
          "status": {
            "experimental": true,
            "standard_track": true,
            "deprecated": false
          }
        }
      },
      "keys": {
        "__compat": {
          "mdn_url": "https://developer.mozilla.org/docs/Web/API/Cache/keys",
          "support": {
            "chrome": {
              "version_added": "43"
            },
            "chrome_android": {
              "version_added": "43"
            },
            "edge": {
              "version_added": "16"
            },
            "edge_mobile": {
              "version_added": false
            },
            "firefox": {
              "version_added": "39",
              "notes": "Service workers (and <a href='https://developer.mozilla.org/docs/Web/API/Push_API'>Push</a>) have been disabled in the <a href='https://www.mozilla.org/firefox/organizations/'>Firefox 45 & 52 Extended Support Releases</a> (ESR)."
            },
            "firefox_android": {
              "version_added": "39"
            },
            "ie": {
              "version_added": false
            },
            "opera": {
              "version_added": "30"
            },
            "opera_android": {
              "version_added": "30"
            },
            "safari": {
              "version_added": "11"
            },
            "safari_ios": {
              "version_added": false
            },
            "samsunginternet_android": {
              "version_added": "4.0"
            },
            "webview_android": {
              "version_added": "43"
            }
          },
          "status": {
            "experimental": true,
            "standard_track": true,
            "deprecated": false
          }
        }
      },
      "match": {
        "__compat": {
          "mdn_url": "https://developer.mozilla.org/docs/Web/API/Cache/match",
          "support": {
            "chrome": {
              "version_added": "43"
            },
            "chrome_android": {
              "version_added": "43"
            },
            "edge": {
              "version_added": "16"
            },
            "edge_mobile": {
              "version_added": false
            },
            "firefox": {
              "version_added": "39",
              "notes": "Service workers (and <a href='https://developer.mozilla.org/docs/Web/API/Push_API'>Push</a>) have been disabled in the <a href='https://www.mozilla.org/firefox/organizations/'>Firefox 45 & 52 Extended Support Releases</a> (ESR)."
            },
            "firefox_android": {
              "version_added": "39"
            },
            "ie": {
              "version_added": false
            },
            "opera": {
              "version_added": "30"
            },
            "opera_android": {
              "version_added": "30"
            },
            "safari": {
              "version_added": "11"
            },
            "safari_ios": {
              "version_added": false
            },
            "samsunginternet_android": {
              "version_added": "4.0"
            },
            "webview_android": {
              "version_added": "43"
            }
          },
          "status": {
            "experimental": true,
            "standard_track": true,
            "deprecated": false
          }
        }
      },
      "matchAll": {
        "__compat": {
          "mdn_url": "https://developer.mozilla.org/docs/Web/API/Cache/matchAll",
          "support": {
            "chrome": {
              "version_added": "47"
            },
            "chrome_android": {
              "version_added": "47"
            },
            "edge": {
              "version_added": "16"
            },
            "edge_mobile": {
              "version_added": false
            },
            "firefox": {
              "version_added": "39",
              "notes": "Service workers (and <a href='https://developer.mozilla.org/docs/Web/API/Push_API'>Push</a>) have been disabled in the <a href='https://www.mozilla.org/firefox/organizations/'>Firefox 45 & 52 Extended Support Releases</a> (ESR)."
            },
            "firefox_android": {
              "version_added": "39"
            },
            "ie": {
              "version_added": false
            },
            "opera": {
              "version_added": "34",
              "notes": "Requires HTTPS."
            },
            "opera_android": {
              "version_added": "34"
            },
            "safari": {
              "version_added": "11"
            },
            "safari_ios": {
              "version_added": false
            },
            "samsunginternet_android": {
              "version_added": "5.0"
            },
            "webview_android": {
              "version_added": "47"
            }
          },
          "status": {
            "experimental": true,
            "standard_track": true,
            "deprecated": false
          }
        }
      },
      "put": {
        "__compat": {
          "mdn_url": "https://developer.mozilla.org/docs/Web/API/Cache/put",
          "support": {
            "chrome": {
              "version_added": "43",
              "notes": "Requires HTTPS from version 46."
            },
            "chrome_android": {
              "version_added": "43",
              "notes": "Requires HTTPS from version 46."
            },
            "edge": {
              "version_added": "16"
            },
            "edge_mobile": {
              "version_added": false
            },
            "firefox": {
              "version_added": "39",
              "notes": "Service workers (and <a href='https://developer.mozilla.org/docs/Web/API/Push_API'>Push</a>) have been disabled in the <a href='https://www.mozilla.org/firefox/organizations/'>Firefox 45 & 52 Extended Support Releases</a> (ESR)."
            },
            "firefox_android": {
              "version_added": "39"
            },
            "ie": {
              "version_added": false
            },
            "opera": {
              "version_added": "30",
              "notes": "Requires HTTPS from version 33."
            },
            "opera_android": {
              "version_added": "30",
              "notes": "Requires HTTPS from version 33."
            },
            "safari": {
              "version_added": "11"
            },
            "safari_ios": {
              "version_added": false
            },
            "samsunginternet_android": {
              "version_added": "4.0"
            },
            "webview_android": {
              "version_added": "43",
              "notes": "Requires HTTPS from version 46."
            }
          },
          "status": {
            "experimental": true,
            "standard_track": true,
            "deprecated": false
          }
        }
      }
    }
  }
}
