{
  "api": {
    "CanMakePaymentEvent": {
      "__compat": {
        "mdn_url": "https://developer.mozilla.org/docs/Web/API/CanMakePaymentEvent",
        "support": {
          "chrome": {
            "version_added": "61",
            "flags": [
              {
                "type": "preference",
                "name": "#service-worker-payment-apps",
                "value_to_set": "Enabled"
              }
            ]
          },
          "chrome_android": {
            "version_added": "61",
            "flags": [
              {
                "type": "preference",
                "name": "#service-worker-payment-apps",
                "value_to_set": "Enabled"
              }
            ]
          },
          "edge": {
            "version_added": null
          },
          "edge_mobile": {
            "version_added": null
          },
          "firefox": {
            "version_added": null
          },
          "firefox_android": {
            "version_added": null
          },
          "ie": {
            "version_added": null
          },
          "opera": {
            "version_added": false
          },
          "opera_android": {
            "version_added": false
          },
          "safari": {
            "version_added": null
          },
          "safari_ios": {
            "version_added": null
          },
          "samsunginternet_android": {
            "version_added": "7.0"
          },
          "webview_android": {
            "version_added": false
          }
        },
        "status": {
          "experimental": true,
          "standard_track": true,
          "deprecated": false
        }
      },
      "CanMakePaymentEvent": {
        "__compat": {
          "description": "<code>CanMakePaymentEvent()</code> constructor",
          "mdn_url": "https://developer.mozilla.org/docs/Web/API/CanMakePaymentEvent/CanMakePaymentEvent",
          "support": {
            "chrome": {
              "version_added": "61",
              "flags": [
                {
                  "type": "preference",
                  "name": "#service-worker-payment-apps",
                  "value_to_set": "Enabled"
                }
              ]
            },
            "chrome_android": {
              "version_added": "61",
              "flags": [
                {
                  "type": "preference",
                  "name": "#service-worker-payment-apps",
                  "value_to_set": "Enabled"
                }
              ]
            },
            "edge": {
              "version_added": null
            },
            "edge_mobile": {
              "version_added": null
            },
            "firefox": {
              "version_added": null
            },
            "firefox_android": {
              "version_added": null
            },
            "ie": {
              "version_added": null
            },
            "opera": {
              "version_added": false
            },
            "opera_android": {
              "version_added": false
            },
            "safari": {
              "version_added": null
            },
            "safari_ios": {
              "version_added": null
            },
            "samsunginternet_android": {
              "version_added": false
            },
            "webview_android": {
              "version_added": false
            }
          },
          "status": {
            "experimental": true,
            "standard_track": true,
            "deprecated": false
          }
        }
      },
      "methodData": {
        "__compat": {
          "mdn_url": "https://developer.mozilla.org/docs/Web/API/CanMakePaymentEvent/methodData",
          "support": {
            "chrome": {
              "version_added": "61",
              "flags": [
                {
                  "type": "preference",
                  "name": "#service-worker-payment-apps",
                  "value_to_set": "Enabled"
                }
              ]
            },
            "chrome_android": {
              "version_added": "61",
              "flags": [
                {
                  "type": "preference",
                  "name": "#service-worker-payment-apps",
                  "value_to_set": "Enabled"
                }
              ]
            },
            "edge": {
              "version_added": null
            },
            "edge_mobile": {
              "version_added": null
            },
            "firefox": {
              "version_added": null
            },
            "firefox_android": {
              "version_added": null
            },
            "ie": {
              "version_added": null
            },
            "opera": {
              "version_added": false
            },
            "opera_android": {
              "version_added": false
            },
            "safari": {
              "version_added": null
            },
            "safari_ios": {
              "version_added": null
            },
            "samsunginternet_android": {
              "version_added": false
            },
            "webview_android": {
              "version_added": false
            }
          },
          "status": {
            "experimental": true,
            "standard_track": true,
            "deprecated": false
          }
        }
      },
      "modifiers": {
        "__compat": {
          "mdn_url": "https://developer.mozilla.org/docs/Web/API/CanMakePaymentEvent/modifiers",
          "support": {
            "chrome": {
              "version_added": "61",
              "flags": [
                {
                  "type": "preference",
                  "name": "#service-worker-payment-apps",
                  "value_to_set": "Enabled"
                }
              ]
            },
            "chrome_android": {
              "version_added": "61",
              "flags": [
                {
                  "type": "preference",
                  "name": "#service-worker-payment-apps",
                  "value_to_set": "Enabled"
                }
              ]
            },
            "edge": {
              "version_added": null
            },
            "edge_mobile": {
              "version_added": null
            },
            "firefox": {
              "version_added": null
            },
            "firefox_android": {
              "version_added": null
            },
            "ie": {
              "version_added": null
            },
            "opera": {
              "version_added": false
            },
            "opera_android": {
              "version_added": false
            },
            "safari": {
              "version_added": null
            },
            "safari_ios": {
              "version_added": null
            },
            "samsunginternet_android": {
              "version_added": false
            },
            "webview_android": {
              "version_added": false
            }
          },
          "status": {
            "experimental": true,
            "standard_track": true,
            "deprecated": false
          }
        }
      },
      "paymentRequestOrigin": {
        "__compat": {
          "mdn_url": "https://developer.mozilla.org/docs/Web/API/CanMakePaymentEvent/paymentRequestOrigin",
          "support": {
            "chrome": {
              "version_added": "61",
              "flags": [
                {
                  "type": "preference",
                  "name": "#service-worker-payment-apps",
                  "value_to_set": "Enabled"
                }
              ]
            },
            "chrome_android": {
              "version_added": "61",
              "flags": [
                {
                  "type": "preference",
                  "name": "#service-worker-payment-apps",
                  "value_to_set": "Enabled"
                }
              ]
            },
            "edge": {
              "version_added": null
            },
            "edge_mobile": {
              "version_added": null
            },
            "firefox": {
              "version_added": null
            },
            "firefox_android": {
              "version_added": null
            },
            "ie": {
              "version_added": null
            },
            "opera": {
              "version_added": false
            },
            "opera_android": {
              "version_added": false
            },
            "safari": {
              "version_added": null
            },
            "safari_ios": {
              "version_added": null
            },
            "samsunginternet_android": {
              "version_added": false
            },
            "webview_android": {
              "version_added": false
            }
          },
          "status": {
            "experimental": true,
            "standard_track": true,
            "deprecated": false
          }
        }
      },
      "respondWith": {
        "__compat": {
          "mdn_url": "https://developer.mozilla.org/docs/Web/API/CanMakePaymentEvent/respondWith",
          "support": {
            "chrome": {
              "version_added": "61",
              "flags": [
                {
                  "type": "preference",
                  "name": "#service-worker-payment-apps",
                  "value_to_set": "Enabled"
                }
              ]
            },
            "chrome_android": {
              "version_added": "61",
              "flags": [
                {
                  "type": "preference",
                  "name": "#service-worker-payment-apps",
                  "value_to_set": "Enabled"
                }
              ]
            },
            "edge": {
              "version_added": null
            },
            "edge_mobile": {
              "version_added": null
            },
            "firefox": {
              "version_added": null
            },
            "firefox_android": {
              "version_added": null
            },
            "ie": {
              "version_added": null
            },
            "opera": {
              "version_added": false
            },
            "opera_android": {
              "version_added": false
            },
            "safari": {
              "version_added": null
            },
            "safari_ios": {
              "version_added": null
            },
            "samsunginternet_android": {
              "version_added": "7.0"
            },
            "webview_android": {
              "version_added": false
            }
          },
          "status": {
            "experimental": true,
            "standard_track": true,
            "deprecated": false
          }
        }
      },
      "topOrigin": {
        "__compat": {
          "mdn_url": "https://developer.mozilla.org/docs/Web/API/CanMakePaymentEvent/topOrigin",
          "support": {
            "chrome": [
              {
                "version_added": "68",
                "flags": [
                  {
                    "type": "preference",
                    "name": "#service-worker-payment-apps",
                    "value_to_set": "Enabled"
                  }
                ]
              },
              {
                "version_added": "61",
                "version_removed": "67",
                "alternative_name": "topLevelOrigin"
              }
            ],
            "chrome_android": [
              {
                "version_added": "68",
                "flags": [
                  {
                    "type": "preference",
                    "name": "#service-worker-payment-apps",
                    "value_to_set": "Enabled"
                  }
                ]
              },
              {
                "version_added": "61",
                "version_removed": "67",
                "alternative_name": "topLevelOrigin"
              }
            ],
            "edge": {
              "version_added": null
            },
            "edge_mobile": {
              "version_added": null
            },
            "firefox": {
              "version_added": null
            },
            "firefox_android": {
              "version_added": null
            },
            "ie": {
              "version_added": null
            },
            "opera": {
              "version_added": false
            },
            "opera_android": {
              "version_added": false
            },
            "safari": {
              "version_added": null
            },
            "safari_ios": {
              "version_added": null
            },
            "samsunginternet_android": {
              "version_added": false
            },
            "webview_android": {
              "version_added": false
            }
          },
          "status": {
            "experimental": true,
            "standard_track": true,
            "deprecated": false
          }
        }
      }
    }
  }
}
