{
  "api": {
    "CanvasCaptureMediaStreamTrack": {
      "__compat": {
        "mdn_url": "https://developer.mozilla.org/docs/Web/API/CanvasCaptureMediaStreamTrack",
        "support": {
          "chrome": {
            "version_added": "51"
          },
          "chrome_android": {
            "version_added": "51"
          },
          "edge": {
            "version_added": null
          },
          "edge_mobile": {
            "version_added": null
          },
          "firefox": {
            "version_added": "41",
            "flags": [
              {
                "type": "preference",
                "name": "canvas.capturestream.enabled",
                "value_to_set": "true"
              }
            ]
          },
          "firefox_android": {
            "version_added": "41",
            "flags": [
              {
                "type": "preference",
                "name": "canvas.capturestream.enabled",
                "value_to_set": "true"
              }
            ]
          },
          "ie": {
            "version_added": false
          },
          "opera": {
            "version_added": false
          },
          "opera_android": {
            "version_added": false
          },
          "safari": {
            "version_added": false
          },
          "safari_ios": {
            "version_added": false
          },
          "samsunginternet_android": {
            "version_added": false
          },
          "webview_android": {
            "version_added": "51"
          }
        },
        "status": {
          "experimental": true,
          "standard_track": true,
          "deprecated": false
        }
      },
      "canvas": {
        "__compat": {
          "mdn_url": "https://developer.mozilla.org/docs/Web/API/CanvasCaptureMediaStreamTrack/canvas",
          "support": {
            "chrome": {
              "version_added": false
            },
            "chrome_android": {
              "version_added": false
            },
            "edge": {
              "version_added": null
            },
            "edge_mobile": {
              "version_added": null
            },
            "firefox": {
              "version_added": "41",
              "flags": [
                {
                  "type": "preference",
                  "name": "canvas.capturestream.enabled",
                  "value_to_set": "true"
                }
              ]
            },
            "firefox_android": {
              "version_added": "41",
              "flags": [
                {
                  "type": "preference",
                  "name": "canvas.capturestream.enabled",
                  "value_to_set": "true"
                }
              ]
            },
            "ie": {
              "version_added": false
            },
            "opera": {
              "version_added": false
            },
            "opera_android": {
              "version_added": false
            },
            "safari": {
              "version_added": false
            },
            "safari_ios": {
              "version_added": false
            },
            "samsunginternet_android": {
              "version_added": false
            },
            "webview_android": {
              "version_added": false
            }
          },
          "status": {
            "experimental": true,
            "standard_track": true,
            "deprecated": false
          }
        }
      },
      "requestFrame": {
        "__compat": {
          "mdn_url": "https://developer.mozilla.org/docs/Web/API/CanvasCaptureMediaStreamTrack/requestFrame",
          "support": {
            "chrome": {
              "version_added": "51"
            },
            "chrome_android": {
              "version_added": "51"
            },
            "edge": {
              "version_added": null
            },
            "edge_mobile": {
              "version_added": null
            },
            "firefox": {
              "version_added": "41",
              "flags": [
                {
                  "type": "preference",
                  "name": "canvas.capturestream.enabled",
                  "value_to_set": "true"
                }
              ]
            },
            "firefox_android": {
              "version_added": null
            },
            "ie": {
              "version_added": false
            },
            "opera": {
              "version_added": false
            },
            "opera_android": {
              "version_added": false
            },
            "safari": {
              "version_added": false
            },
            "safari_ios": {
              "version_added": false
            },
            "samsunginternet_android": {
              "version_added": false
            },
            "webview_android": {
              "version_added": "51"
            }
          },
          "status": {
            "experimental": true,
            "standard_track": true,
            "deprecated": false
          }
        }
      }
    }
  }
}
