{
  "api": {
    "CanvasPattern": {
      "__compat": {
        "mdn_url": "https://developer.mozilla.org/docs/Web/API/CanvasPattern",
        "support": {
          "chrome": {
            "version_added": "4"
          },
          "chrome_android": {
            "version_added": "18"
          },
          "edge": {
            "version_added": true
          },
          "edge_mobile": {
            "version_added": null
          },
          "firefox": {
            "version_added": "3.6"
          },
          "firefox_android": {
            "version_added": "4"
          },
          "ie": {
            "version_added": "9"
          },
          "opera": {
            "version_added": "9"
          },
          "opera_android": {
            "version_added": "10.1"
          },
          "safari": {
            "version_added": "3.1"
          },
          "safari_ios": {
            "version_added": "3.2"
          },
          "samsunginternet_android": {
            "version_added": true
          },
          "webview_android": {
            "version_added": true
          }
        },
        "status": {
          "experimental": false,
          "standard_track": true,
          "deprecated": false
        }
      },
      "setTransform": {
        "__compat": {
          "mdn_url": "https://developer.mozilla.org/docs/Web/API/CanvasPattern/setTransform",
          "support": {
            "chrome": {
              "version_added": "68"
            },
            "chrome_android": {
              "version_added": "68"
            },
            "edge": {
              "version_added": false
            },
            "edge_mobile": {
              "version_added": false
            },
            "firefox": {
              "version_added": "33"
            },
            "firefox_android": {
              "version_added": "33"
            },
            "ie": {
              "version_added": false
            },
            "opera": {
              "version_added": "9"
            },
            "opera_android": {
              "version_added": "10.1"
            },
            "safari": {
              "version_added": "3.1"
            },
            "safari_ios": {
              "version_added": "11"
            },
            "samsunginternet_android": {
              "version_added": false
            },
            "webview_android": {
              "version_added": "68"
            }
          },
          "status": {
            "experimental": true,
            "standard_track": false,
            "deprecated": false
          }
        }
      }
    }
  }
}
