{
  "api": {
    "Clients": {
      "__compat": {
        "mdn_url": "https://developer.mozilla.org/docs/Web/API/Clients",
        "support": {
          "chrome": {
            "version_added": "40"
          },
          "chrome_android": {
            "version_added": "40"
          },
          "edge": {
            "version_added": null
          },
          "edge_mobile": {
            "version_added": null
          },
          "firefox": {
            "version_added": "44",
            "notes": "Service workers (and Push) have been disabled in the Firefox 45 & 52 Extended Support Releases (ESR)."
          },
          "firefox_android": {
            "version_added": "44"
          },
          "ie": {
            "version_added": false
          },
          "opera": {
            "version_added": "27"
          },
          "opera_android": {
            "version_added": "27"
          },
          "safari": {
            "version_added": false
          },
          "safari_ios": {
            "version_added": false
          },
          "samsunginternet_android": {
            "version_added": "4.0"
          },
          "webview_android": {
            "version_added": "40"
          }
        },
        "status": {
          "experimental": true,
          "standard_track": true,
          "deprecated": false
        }
      },
      "claim": {
        "__compat": {
          "mdn_url": "https://developer.mozilla.org/docs/Web/API/Clients/claim",
          "support": {
            "chrome": {
              "version_added": "42"
            },
            "chrome_android": {
              "version_added": "42"
            },
            "edge": {
              "version_added": null
            },
            "edge_mobile": {
              "version_added": null
            },
            "firefox": {
              "version_added": "44",
              "notes": "Service workers (and Push) have been disabled in the Firefox 45 & 52 Extended Support Releases (ESR)."
            },
            "firefox_android": {
              "version_added": "44"
            },
            "ie": {
              "version_added": false
            },
            "opera": {
              "version_added": "29"
            },
            "opera_android": {
              "version_added": "29"
            },
            "safari": {
              "version_added": false
            },
            "safari_ios": {
              "version_added": false
            },
            "samsunginternet_android": {
              "version_added": "4.0"
            },
            "webview_android": {
              "version_added": "42"
            }
          },
          "status": {
            "experimental": true,
            "standard_track": true,
            "deprecated": false
          }
        }
      },
      "get": {
        "__compat": {
          "mdn_url": "https://developer.mozilla.org/docs/Web/API/Clients/get",
          "support": {
            "chrome": {
              "version_added": "51"
            },
            "chrome_android": {
              "version_added": "51"
            },
            "edge": {
              "version_added": null
            },
            "edge_mobile": {
              "version_added": null
            },
            "firefox": {
              "version_added": "45",
              "notes": "Service workers (and Push) have been disabled in the Firefox 45 & 52 Extended Support Releases (ESR)."
            },
            "firefox_android": {
              "version_added": "45"
            },
            "ie": {
              "version_added": false
            },
            "opera": {
              "version_added": "38"
            },
            "opera_android": {
              "version_added": "41"
            },
            "safari": {
              "version_added": false
            },
            "safari_ios": {
              "version_added": false
            },
            "samsunginternet_android": {
              "version_added": "5.0"
            },
            "webview_android": {
              "version_added": false
            }
          },
          "status": {
            "experimental": true,
            "standard_track": true,
            "deprecated": false
          }
        }
      },
      "matchAll": {
        "__compat": {
          "mdn_url": "https://developer.mozilla.org/docs/Web/API/Clients/matchAll",
          "support": {
            "chrome": {
              "version_added": "47",
              "notes": "<code>Client</code> objects returned in most recent focus order."
            },
            "chrome_android": {
              "version_added": "47",
              "notes": "<code>Client</code> objects returned in most recent focus order."
            },
            "edge": {
              "version_added": null
            },
            "edge_mobile": {
              "version_added": null
            },
            "firefox": [
              {
                "version_added": "44",
                "notes": "Service workers (and Push) have been disabled in the Firefox 45 & 52 Extended Support Releases (ESR)."
              },
              {
                "version_added": "54",
                "notes": "<code>Client</code> objects returned in most recent focus order."
              }
            ],
            "firefox_android": [
              {
                "version_added": "44"
              },
              {
                "version_added": "54",
                "notes": "<code>Client</code> objects returned in most recent focus order."
              }
            ],
            "ie": {
              "version_added": false
            },
            "opera": {
              "version_added": "32"
            },
            "opera_android": {
              "version_added": "32"
            },
            "safari": {
              "version_added": false
            },
            "safari_ios": {
              "version_added": false
            },
            "samsunginternet_android": {
              "version_added": "4.0"
            },
            "webview_android": {
              "version_added": "47",
              "notes": "<code>Client</code> objects returned in most recent focus order."
            }
          },
          "status": {
            "experimental": true,
            "standard_track": true,
            "deprecated": false
          }
        },
        "includeUncontrolled_option": {
          "__compat": {
            "description": "<code>includeUncontrolled</code> option",
            "support": {
              "chrome": {
                "version_added": "47",
                "notes": "<code>Client</code> objects returned in most recent focus order."
              },
              "chrome_android": {
                "version_added": "47",
                "notes": "<code>Client</code> objects returned in most recent focus order."
              },
              "edge": {
                "version_added": null
              },
              "edge_mobile": {
                "version_added": null
              },
              "firefox": {
                "version_added": "45",
                "notes": "<code>includeUncontrolled</code> support."
              },
              "firefox_android": {
                "version_added": "45",
                "notes": "<code>includeUncontrolled</code> support."
              },
              "ie": {
                "version_added": false
              },
              "opera": {
                "version_added": "38"
              },
              "opera_android": {
                "version_added": "41"
              },
              "safari": {
                "version_added": false
              },
              "safari_ios": {
                "version_added": false
              },
              "samsunginternet_android": {
                "version_added": "5.0"
              },
              "webview_android": {
                "version_added": "47",
                "notes": "<code>Client</code> objects returned in most recent focus order."
              }
            },
            "status": {
              "experimental": true,
              "standard_track": true,
              "deprecated": false
            }
          }
        }
      },
      "openWindow": {
        "__compat": {
          "mdn_url": "https://developer.mozilla.org/docs/Web/API/Clients/openWindow",
          "support": {
            "chrome": [
              {
                "version_added": "40"
              },
              {
                "version_added": "42",
                "notes": "Can only open URLs on the same origin."
              },
              {
                "version_added": "43",
                "notes": "Can open any URL. "
              },
              {
                "version_added": "51",
                "notes": "URLs may open inside an existing browsing context provided by a standalone web app"
              }
            ],
            "chrome_android": [
              {
                "version_added": "40"
              },
              {
                "version_added": "42",
                "notes": "Can only open URLs on the same origin."
              },
              {
                "version_added": "43",
                "notes": "Can open any URL. "
              },
              {
                "version_added": "51",
                "notes": "URLs may open inside an existing browsing context provided by a standalone web app"
              }
            ],
            "edge": {
              "version_added": null
            },
            "edge_mobile": {
              "version_added": null
            },
            "firefox": {
              "version_added": "45",
              "notes": "Service workers (and Push) have been disabled in the Firefox 45 & 52 Extended Support Releases (ESR)."
            },
            "firefox_android": {
              "version_added": "45"
            },
            "ie": {
              "version_added": false
            },
            "opera": {
              "version_added": "38"
            },
            "opera_android": {
              "version_added": "41"
            },
            "safari": {
              "version_added": false
            },
            "safari_ios": {
              "version_added": false
            },
            "samsunginternet_android": [
              {
                "version_added": "4.0"
              },
              {
                "notes": "URLs may open inside an existing browsing context provided by a standalone web app",
                "version_added": "5.0"
              }
            ],
            "webview_android": [
              {
                "version_added": "40"
              },
              {
                "version_added": "42",
                "notes": "Can only open URLs on the same origin."
              },
              {
                "version_added": "43",
                "notes": "Can open any URL. "
              },
              {
                "version_added": "51",
                "notes": "URLs may open inside an existing browsing context provided by a standalone web app"
              }
            ]
          },
          "status": {
            "experimental": true,
            "standard_track": true,
            "deprecated": false
          }
        }
      }
    }
  }
}
