{
  "api": {
    "ClipboardEvent": {
      "__compat": {
        "mdn_url": "https://developer.mozilla.org/docs/Web/API/ClipboardEvent",
        "support": {
          "chrome": {
            "version_added": true
          },
          "chrome_android": {
            "version_added": true
          },
          "edge": {
            "version_added": true
          },
          "edge_mobile": {
            "version_added": true
          },
          "firefox": {
            "version_added": "22"
          },
          "firefox_android": {
            "version_added": "22"
          },
          "ie": {
            "version_added": "4"
          },
          "opera": {
            "version_added": true
          },
          "opera_android": {
            "version_added": true
          },
          "safari": {
            "version_added": true
          },
          "safari_ios": {
            "version_added": true
          },
          "samsunginternet_android": {
            "version_added": true
          },
          "webview_android": {
            "version_added": true
          }
        },
        "status": {
          "experimental": true,
          "standard_track": true,
          "deprecated": false
        }
      },
      "ClipboardEvent": {
        "__compat": {
          "mdn_url": "https://developer.mozilla.org/docs/Web/API/ClipboardEvent/ClipboardEvent",
          "description": "<code>ClipboardEvent()</code> constructor",
          "support": {
            "chrome": {
              "version_added": "58"
            },
            "chrome_android": {
              "version_added": "58"
            },
            "edge": {
              "version_added": null
            },
            "edge_mobile": {
              "version_added": null
            },
            "firefox": {
              "version_added": "22"
            },
            "firefox_android": {
              "version_added": "22"
            },
            "ie": {
              "version_added": null
            },
            "opera": {
              "version_added": "45"
            },
            "opera_android": {
              "version_added": "43"
            },
            "safari": {
              "version_added": null
            },
            "safari_ios": {
              "version_added": null
            },
            "samsunginternet_android": {
              "version_added": null
            },
            "webview_android": {
              "version_added": "58"
            }
          },
          "status": {
            "experimental": true,
            "standard_track": true,
            "deprecated": false
          }
        }
      },
      "clipboardData": {
        "__compat": {
          "mdn_url": "https://developer.mozilla.org/docs/Web/API/ClipboardEvent/clipboardData",
          "support": {
            "chrome": {
              "version_added": true
            },
            "chrome_android": {
              "version_added": true
            },
            "edge": {
              "version_added": "12"
            },
            "edge_mobile": {
              "version_added": true
            },
            "firefox": {
              "version_added": "22"
            },
            "firefox_android": {
              "version_added": "22"
            },
            "ie": {
              "version_added": "5"
            },
            "opera": {
              "version_added": true
            },
            "opera_android": {
              "version_added": true
            },
            "safari": {
              "version_added": true
            },
            "safari_ios": {
              "version_added": true
            },
            "samsunginternet_android": {
              "version_added": true
            },
            "webview_android": {
              "version_added": true
            }
          },
          "status": {
            "experimental": true,
            "standard_track": true,
            "deprecated": false
          }
        }
      }
    }
  }
}
