{
  "api": {
    "Coordinates": {
      "__compat": {
        "mdn_url": "https://developer.mozilla.org/docs/Web/API/Coordinates",
        "support": {
          "chrome": {
            "version_added": "5"
          },
          "chrome_android": {
            "version_added": null
          },
          "edge": {
            "version_added": true
          },
          "edge_mobile": {
            "version_added": true
          },
          "firefox": {
            "version_added": "3.5"
          },
          "firefox_android": {
            "version_added": "4"
          },
          "ie": {
            "version_added": "9"
          },
          "opera": [
            {
              "version_added": "16"
            },
            {
              "version_added": "10.6",
              "version_removed": "15"
            }
          ],
          "opera_android": [
            {
              "version_added": "16"
            },
            {
              "version_added": "11",
              "version_removed": "14"
            }
          ],
          "safari": {
            "version_added": "5"
          },
          "safari_ios": {
            "version_added": null
          },
          "samsunginternet_android": {
            "version_added": null
          },
          "webview_android": {
            "version_added": null
          }
        },
        "status": {
          "experimental": false,
          "standard_track": true,
          "deprecated": false
        }
      },
      "secure_context_required": {
        "__compat": {
          "description": "Secure context required",
          "support": {
            "chrome": {
              "version_added": "47"
            },
            "chrome_android": {
              "version_added": "47"
            },
            "edge": {
              "version_added": null
            },
            "edge_mobile": {
              "version_added": null
            },
            "firefox": {
              "version_added": "55"
            },
            "firefox_android": {
              "version_added": "55"
            },
            "ie": {
              "version_added": false
            },
            "opera": {
              "version_added": true
            },
            "opera_android": {
              "version_added": true
            },
            "safari": {
              "version_added": true
            },
            "safari_ios": {
              "version_added": true
            },
            "samsunginternet_android": {
              "version_added": null
            },
            "webview_android": {
              "version_added": false
            }
          },
          "status": {
            "experimental": false,
            "standard_track": true,
            "deprecated": false
          }
        }
      },
      "accuracy": {
        "__compat": {
          "mdn_url": "https://developer.mozilla.org/docs/Web/API/Coordinates/accuracy",
          "support": {
            "chrome": {
              "version_added": "5"
            },
            "chrome_android": {
              "version_added": null
            },
            "edge": {
              "version_added": "12"
            },
            "edge_mobile": {
              "version_added": true
            },
            "firefox": {
              "version_added": "3.5"
            },
            "firefox_android": {
              "version_added": "4"
            },
            "ie": {
              "version_added": "9"
            },
            "opera": [
              {
                "version_added": "16"
              },
              {
                "version_added": "10.6",
                "version_removed": "15"
              }
            ],
            "opera_android": [
              {
                "version_added": "16"
              },
              {
                "version_added": "11",
                "version_removed": "14"
              }
            ],
            "safari": {
              "version_added": "5"
            },
            "safari_ios": {
              "version_added": null
            },
            "samsunginternet_android": {
              "version_added": null
            },
            "webview_android": {
              "version_added": null
            }
          },
          "status": {
            "experimental": false,
            "standard_track": true,
            "deprecated": false
          }
        }
      },
      "altitude": {
        "__compat": {
          "mdn_url": "https://developer.mozilla.org/docs/Web/API/Coordinates/altitude",
          "support": {
            "chrome": {
              "version_added": "5"
            },
            "chrome_android": {
              "version_added": null
            },
            "edge": {
              "version_added": "12"
            },
            "edge_mobile": {
              "version_added": true
            },
            "firefox": {
              "version_added": "3.5"
            },
            "firefox_android": {
              "version_added": "4"
            },
            "ie": {
              "version_added": "9"
            },
            "opera": [
              {
                "version_added": "16"
              },
              {
                "version_added": "10.6",
                "version_removed": "15"
              }
            ],
            "opera_android": [
              {
                "version_added": "16"
              },
              {
                "version_added": "11",
                "version_removed": "14"
              }
            ],
            "safari": {
              "version_added": "5"
            },
            "safari_ios": {
              "version_added": null
            },
            "samsunginternet_android": {
              "version_added": null
            },
            "webview_android": {
              "version_added": null
            }
          },
          "status": {
            "experimental": false,
            "standard_track": true,
            "deprecated": false
          }
        }
      },
      "altitudeAccuracy": {
        "__compat": {
          "mdn_url": "https://developer.mozilla.org/docs/Web/API/Coordinates/altitudeAccuracy",
          "support": {
            "chrome": {
              "version_added": "5"
            },
            "chrome_android": {
              "version_added": null
            },
            "edge": {
              "version_added": "12"
            },
            "edge_mobile": {
              "version_added": true
            },
            "firefox": {
              "version_added": "3.5"
            },
            "firefox_android": {
              "version_added": "4"
            },
            "ie": {
              "version_added": "9"
            },
            "opera": [
              {
                "version_added": "16"
              },
              {
                "version_added": "10.6",
                "version_removed": "15"
              }
            ],
            "opera_android": [
              {
                "version_added": "16"
              },
              {
                "version_added": "11",
                "version_removed": "14"
              }
            ],
            "safari": {
              "version_added": "5"
            },
            "safari_ios": {
              "version_added": null
            },
            "samsunginternet_android": {
              "version_added": null
            },
            "webview_android": {
              "version_added": null
            }
          },
          "status": {
            "experimental": false,
            "standard_track": true,
            "deprecated": false
          }
        }
      },
      "heading": {
        "__compat": {
          "mdn_url": "https://developer.mozilla.org/docs/Web/API/Coordinates/heading",
          "support": {
            "chrome": {
              "version_added": "5"
            },
            "chrome_android": {
              "version_added": null
            },
            "edge": {
              "version_added": "12"
            },
            "edge_mobile": {
              "version_added": true
            },
            "firefox": {
              "version_added": "3.5"
            },
            "firefox_android": {
              "version_added": "4"
            },
            "ie": {
              "version_added": "9"
            },
            "opera": [
              {
                "version_added": "16"
              },
              {
                "version_added": "10.6",
                "version_removed": "15"
              }
            ],
            "opera_android": [
              {
                "version_added": "16"
              },
              {
                "version_added": "11",
                "version_removed": "14"
              }
            ],
            "safari": {
              "version_added": "5"
            },
            "safari_ios": {
              "version_added": null
            },
            "samsunginternet_android": {
              "version_added": null
            },
            "webview_android": {
              "version_added": null
            }
          },
          "status": {
            "experimental": false,
            "standard_track": true,
            "deprecated": false
          }
        }
      },
      "latitude": {
        "__compat": {
          "mdn_url": "https://developer.mozilla.org/docs/Web/API/Coordinates/latitude",
          "support": {
            "chrome": {
              "version_added": "5"
            },
            "chrome_android": {
              "version_added": null
            },
            "edge": {
              "version_added": "12"
            },
            "edge_mobile": {
              "version_added": true
            },
            "firefox": {
              "version_added": "3.5"
            },
            "firefox_android": {
              "version_added": "4"
            },
            "ie": {
              "version_added": "9"
            },
            "opera": [
              {
                "version_added": "16"
              },
              {
                "version_added": "10.6",
                "version_removed": "15"
              }
            ],
            "opera_android": [
              {
                "version_added": "16"
              },
              {
                "version_added": "11",
                "version_removed": "14"
              }
            ],
            "safari": {
              "version_added": "5"
            },
            "safari_ios": {
              "version_added": null
            },
            "samsunginternet_android": {
              "version_added": null
            },
            "webview_android": {
              "version_added": null
            }
          },
          "status": {
            "experimental": false,
            "standard_track": true,
            "deprecated": false
          }
        }
      },
      "longitude": {
        "__compat": {
          "mdn_url": "https://developer.mozilla.org/docs/Web/API/Coordinates/longitude",
          "support": {
            "chrome": {
              "version_added": "5"
            },
            "chrome_android": {
              "version_added": null
            },
            "edge": {
              "version_added": "12"
            },
            "edge_mobile": {
              "version_added": true
            },
            "firefox": {
              "version_added": "3.5"
            },
            "firefox_android": {
              "version_added": "4"
            },
            "ie": {
              "version_added": "9"
            },
            "opera": [
              {
                "version_added": "16"
              },
              {
                "version_added": "10.6",
                "version_removed": "15"
              }
            ],
            "opera_android": [
              {
                "version_added": "16"
              },
              {
                "version_added": "11",
                "version_removed": "14"
              }
            ],
            "safari": {
              "version_added": "5"
            },
            "safari_ios": {
              "version_added": null
            },
            "samsunginternet_android": {
              "version_added": null
            },
            "webview_android": {
              "version_added": null
            }
          },
          "status": {
            "experimental": false,
            "standard_track": true,
            "deprecated": false
          }
        }
      },
      "speed": {
        "__compat": {
          "mdn_url": "https://developer.mozilla.org/docs/Web/API/Coordinates/speed",
          "support": {
            "chrome": {
              "version_added": "5"
            },
            "chrome_android": {
              "version_added": null
            },
            "edge": {
              "version_added": "12"
            },
            "edge_mobile": {
              "version_added": true
            },
            "firefox": {
              "version_added": "3.5"
            },
            "firefox_android": {
              "version_added": "4"
            },
            "ie": {
              "version_added": "9"
            },
            "opera": [
              {
                "version_added": "16"
              },
              {
                "version_added": "10.6",
                "version_removed": "15"
              }
            ],
            "opera_android": [
              {
                "version_added": "16"
              },
              {
                "version_added": "11",
                "version_removed": "14"
              }
            ],
            "safari": {
              "version_added": "5"
            },
            "safari_ios": {
              "version_added": null
            },
            "samsunginternet_android": {
              "version_added": null
            },
            "webview_android": {
              "version_added": null
            }
          },
          "status": {
            "experimental": false,
            "standard_track": true,
            "deprecated": false
          }
        }
      }
    }
  }
}
