{
  "api": {
    "CountQueuingStrategy": {
      "__compat": {
        "mdn_url": "https://developer.mozilla.org/docs/Web/API/CountQueuingStrategy",
        "support": {
          "chrome": {
            "version_added": "59"
          },
          "chrome_android": {
            "version_added": "59"
          },
          "edge": {
            "version_added": "16"
          },
          "edge_mobile": {
            "version_added": false
          },
          "firefox": {
            "version_added": "57",
            "flags": [
              {
                "type": "preference",
                "name": "dom.streams.enabled",
                "value_to_set": "true"
              },
              {
                "type": "preference",
                "name": "javascript.options.streams",
                "value_to_set": "true"
              }
            ]
          },
          "firefox_android": {
            "version_added": "57",
            "flags": [
              {
                "type": "preference",
                "name": "dom.streams.enabled",
                "value_to_set": "true"
              },
              {
                "type": "preference",
                "name": "javascript.options.streams",
                "value_to_set": "true"
              }
            ]
          },
          "ie": {
            "version_added": false
          },
          "opera": {
            "version_added": "46"
          },
          "opera_android": {
            "version_added": "43"
          },
          "safari": {
            "version_added": null
          },
          "safari_ios": {
            "version_added": null
          },
          "samsunginternet_android": {
            "version_added": "7.0"
          },
          "webview_android": {
            "version_added": "59"
          }
        },
        "status": {
          "experimental": true,
          "standard_track": true,
          "deprecated": false
        }
      },
      "CountQueuingStrategy": {
        "__compat": {
          "mdn_url": "https://developer.mozilla.org/docs/Web/API/CountQueuingStrategy/CountQueuingStrategy",
          "description": "<code>CountQueuingStrategy()</code> constructor",
          "support": {
            "chrome": {
              "version_added": "59"
            },
            "chrome_android": {
              "version_added": "59"
            },
            "edge": {
              "version_added": "16"
            },
            "edge_mobile": {
              "version_added": false
            },
            "firefox": {
              "version_added": "57",
              "flags": [
                {
                  "type": "preference",
                  "name": "dom.streams.enabled",
                  "value_to_set": "true"
                },
                {
                  "type": "preference",
                  "name": "javascript.options.streams",
                  "value_to_set": "true"
                }
              ]
            },
            "firefox_android": {
              "version_added": "57",
              "flags": [
                {
                  "type": "preference",
                  "name": "dom.streams.enabled",
                  "value_to_set": "true"
                },
                {
                  "type": "preference",
                  "name": "javascript.options.streams",
                  "value_to_set": "true"
                }
              ]
            },
            "ie": {
              "version_added": false
            },
            "opera": {
              "version_added": "46"
            },
            "opera_android": {
              "version_added": "43"
            },
            "safari": {
              "version_added": null
            },
            "safari_ios": {
              "version_added": null
            },
            "samsunginternet_android": {
              "version_added": "7.0"
            },
            "webview_android": {
              "version_added": "59"
            }
          },
          "status": {
            "experimental": true,
            "standard_track": true,
            "deprecated": false
          }
        }
      },
      "size": {
        "__compat": {
          "mdn_url": "https://developer.mozilla.org/docs/Web/API/CountQueuingStrategy/size",
          "support": {
            "chrome": {
              "version_added": "59"
            },
            "chrome_android": {
              "version_added": "59"
            },
            "edge": {
              "version_added": "16"
            },
            "edge_mobile": {
              "version_added": false
            },
            "firefox": {
              "version_added": "57",
              "flags": [
                {
                  "type": "preference",
                  "name": "dom.streams.enabled",
                  "value_to_set": "true"
                },
                {
                  "type": "preference",
                  "name": "javascript.options.streams",
                  "value_to_set": "true"
                }
              ]
            },
            "firefox_android": {
              "version_added": "57",
              "flags": [
                {
                  "type": "preference",
                  "name": "dom.streams.enabled",
                  "value_to_set": "true"
                },
                {
                  "type": "preference",
                  "name": "javascript.options.streams",
                  "value_to_set": "true"
                }
              ]
            },
            "ie": {
              "version_added": false
            },
            "opera": {
              "version_added": "46"
            },
            "opera_android": {
              "version_added": "43"
            },
            "safari": {
              "version_added": null
            },
            "safari_ios": {
              "version_added": null
            },
            "samsunginternet_android": {
              "version_added": "7.0"
            },
            "webview_android": {
              "version_added": "59"
            }
          },
          "status": {
            "experimental": true,
            "standard_track": true,
            "deprecated": false
          }
        }
      }
    }
  }
}
