{
  "api": {
    "CryptoKey": {
      "__compat": {
        "mdn_url": "https://developer.mozilla.org/docs/Web/API/CryptoKey",
        "support": {
          "chrome": {
            "version_added": "37"
          },
          "chrome_android": {
            "version_added": "37"
          },
          "edge": {
            "version_added": true
          },
          "edge_mobile": {
            "version_added": true
          },
          "firefox": {
            "version_added": "34"
          },
          "firefox_android": {
            "version_added": "34"
          },
          "ie": {
            "version_added": false
          },
          "opera": {
            "version_added": true
          },
          "opera_android": {
            "version_added": true
          },
          "safari": {
            "version_added": false
          },
          "safari_ios": {
            "version_added": false
          },
          "samsunginternet_android": {
            "version_added": true
          },
          "webview_android": {
            "version_added": "37"
          }
        },
        "status": {
          "experimental": false,
          "standard_track": true,
          "deprecated": false
        }
      },
      "type": {
        "__compat": {
          "mdn_url": "https://developer.mozilla.org/docs/Web/API/CryptoKey/type",
          "support": {
            "chrome": {
              "version_added": "37"
            },
            "chrome_android": {
              "version_added": "37"
            },
            "edge": {
              "version_added": "12"
            },
            "edge_mobile": {
              "version_added": true
            },
            "firefox": {
              "version_added": "34"
            },
            "firefox_android": {
              "version_added": "34"
            },
            "ie": {
              "version_added": false
            },
            "opera": {
              "version_added": true
            },
            "opera_android": {
              "version_added": true
            },
            "safari": {
              "version_added": false
            },
            "safari_ios": {
              "version_added": false
            },
            "samsunginternet_android": {
              "version_added": true
            },
            "webview_android": {
              "version_added": "37"
            }
          },
          "status": {
            "experimental": false,
            "standard_track": true,
            "deprecated": false
          }
        }
      },
      "extractable": {
        "__compat": {
          "mdn_url": "https://developer.mozilla.org/docs/Web/API/CryptoKey/extractable",
          "support": {
            "chrome": {
              "version_added": "37"
            },
            "chrome_android": {
              "version_added": "37"
            },
            "edge": {
              "version_added": "12"
            },
            "edge_mobile": {
              "version_added": true
            },
            "firefox": {
              "version_added": "34"
            },
            "firefox_android": {
              "version_added": "34"
            },
            "ie": {
              "version_added": false
            },
            "opera": {
              "version_added": true
            },
            "opera_android": {
              "version_added": true
            },
            "safari": {
              "version_added": false
            },
            "safari_ios": {
              "version_added": false
            },
            "samsunginternet_android": {
              "version_added": true
            },
            "webview_android": {
              "version_added": "37"
            }
          },
          "status": {
            "experimental": false,
            "standard_track": true,
            "deprecated": false
          }
        }
      },
      "algorithm": {
        "__compat": {
          "mdn_url": "https://developer.mozilla.org/docs/Web/API/CryptoKey/algorithm",
          "support": {
            "chrome": {
              "version_added": "37"
            },
            "chrome_android": {
              "version_added": "37"
            },
            "edge": {
              "version_added": "12"
            },
            "edge_mobile": {
              "version_added": true
            },
            "firefox": {
              "version_added": "34"
            },
            "firefox_android": {
              "version_added": "34"
            },
            "ie": {
              "version_added": false
            },
            "opera": {
              "version_added": true
            },
            "opera_android": {
              "version_added": true
            },
            "safari": {
              "version_added": false
            },
            "safari_ios": {
              "version_added": false
            },
            "samsunginternet_android": {
              "version_added": true
            },
            "webview_android": {
              "version_added": "37"
            }
          },
          "status": {
            "experimental": false,
            "standard_track": true,
            "deprecated": false
          }
        }
      },
      "usages": {
        "__compat": {
          "mdn_url": "https://developer.mozilla.org/docs/Web/API/CryptoKey/usages",
          "support": {
            "chrome": {
              "version_added": "37"
            },
            "chrome_android": {
              "version_added": "37"
            },
            "edge": {
              "version_added": "12"
            },
            "edge_mobile": {
              "version_added": true
            },
            "firefox": {
              "version_added": "34"
            },
            "firefox_android": {
              "version_added": "34"
            },
            "ie": {
              "version_added": false
            },
            "opera": {
              "version_added": true
            },
            "opera_android": {
              "version_added": true
            },
            "safari": {
              "version_added": false
            },
            "safari_ios": {
              "version_added": false
            },
            "samsunginternet_android": {
              "version_added": true
            },
            "webview_android": {
              "version_added": "37"
            }
          },
          "status": {
            "experimental": false,
            "standard_track": true,
            "deprecated": false
          }
        }
      }
    }
  }
}
