{
  "api": {
    "CSSMatrix": {
      "__compat": {
        "mdn_url": "https://developer.mozilla.org/docs/Web/API/CSSMatrix",
        "support": {
          "chrome": {
            "version_added": null
          },
          "chrome_android": {
            "version_added": null
          },
          "edge": {
            "version_added": true
          },
          "edge_mobile": {
            "version_added": true
          },
          "firefox": {
            "version_added": null
          },
          "firefox_android": {
            "version_added": null
          },
          "ie": [
            {
              "version_added": "11",
              "prefix": "WebKit"
            },
            {
              "version_added": "10",
              "prefix": "MS"
            }
          ],
          "opera": {
            "version_added": null
          },
          "opera_android": {
            "version_added": null
          },
          "safari": {
            "version_added": true,
            "prefix": "WebKit"
          },
          "safari_ios": {
            "version_added": true,
            "prefix": "WebKit"
          },
          "webview_android": {
            "version_added": null
          }
        },
        "status": {
          "experimental": false,
          "standard_track": false,
          "deprecated": false
        }
      }
    }
  }
}
