{
  "api": {
    "CSSPrimitiveValue": {
      "__compat": {
        "mdn_url": "https://developer.mozilla.org/docs/Web/API/CSSPrimitiveValue",
        "support": {
          "chrome": {
            "version_added": false
          },
          "chrome_android": {
            "version_added": null
          },
          "edge": {
            "version_added": null
          },
          "edge_mobile": {
            "version_added": null
          },
          "firefox": {
            "version_added": true,
            "version_removed": "62"
          },
          "firefox_android": {
            "version_added": "4",
            "version_removed": "62"
          },
          "ie": {
            "version_added": null
          },
          "opera": {
            "version_added": false
          },
          "opera_android": {
            "version_added": null
          },
          "safari": {
            "version_added": null
          },
          "safari_ios": {
            "version_added": null
          },
          "samsunginternet_android": {
            "version_added": null
          },
          "webview_android": {
            "version_added": null
          }
        },
        "status": {
          "experimental": false,
          "standard_track": true,
          "deprecated": true
        }
      },
      "primitiveType": {
        "__compat": {
          "mdn_url": "https://developer.mozilla.org/docs/Web/API/CSSPrimitiveValue/primitiveType",
          "support": {
            "chrome": {
              "version_added": false
            },
            "chrome_android": {
              "version_added": null
            },
            "edge": {
              "version_added": null
            },
            "edge_mobile": {
              "version_added": null
            },
            "firefox": {
              "version_added": true,
              "version_removed": "62"
            },
            "firefox_android": {
              "version_added": "4",
              "version_removed": "62"
            },
            "ie": {
              "version_added": null
            },
            "opera": {
              "version_added": false
            },
            "opera_android": {
              "version_added": null
            },
            "safari": {
              "version_added": null
            },
            "safari_ios": {
              "version_added": null
            },
            "samsunginternet_android": {
              "version_added": null
            },
            "webview_android": {
              "version_added": null
            }
          },
          "status": {
            "experimental": false,
            "standard_track": true,
            "deprecated": true
          }
        }
      },
      "getCounterValue": {
        "__compat": {
          "mdn_url": "https://developer.mozilla.org/docs/Web/API/CSSPrimitiveValue/getCounterValue",
          "support": {
            "chrome": {
              "version_added": false
            },
            "chrome_android": {
              "version_added": null
            },
            "edge": {
              "version_added": null
            },
            "edge_mobile": {
              "version_added": null
            },
            "firefox": {
              "version_added": true,
              "version_removed": "62"
            },
            "firefox_android": {
              "version_added": "4",
              "version_removed": "62"
            },
            "ie": {
              "version_added": null
            },
            "opera": {
              "version_added": false
            },
            "opera_android": {
              "version_added": null
            },
            "safari": {
              "version_added": null
            },
            "safari_ios": {
              "version_added": null
            },
            "samsunginternet_android": {
              "version_added": null
            },
            "webview_android": {
              "version_added": null
            }
          },
          "status": {
            "experimental": true,
            "standard_track": true,
            "deprecated": true
          }
        }
      },
      "getFloatValue": {
        "__compat": {
          "mdn_url": "https://developer.mozilla.org/docs/Web/API/CSSPrimitiveValue/getFloatValue",
          "support": {
            "chrome": {
              "version_added": false
            },
            "chrome_android": {
              "version_added": null
            },
            "edge": {
              "version_added": null
            },
            "edge_mobile": {
              "version_added": null
            },
            "firefox": {
              "version_added": true,
              "version_removed": "62"
            },
            "firefox_android": {
              "version_added": "4",
              "version_removed": "62"
            },
            "ie": {
              "version_added": null
            },
            "opera": {
              "version_added": false
            },
            "opera_android": {
              "version_added": null
            },
            "safari": {
              "version_added": null
            },
            "safari_ios": {
              "version_added": null
            },
            "samsunginternet_android": {
              "version_added": null
            },
            "webview_android": {
              "version_added": null
            }
          },
          "status": {
            "experimental": false,
            "standard_track": true,
            "deprecated": true
          }
        }
      },
      "getRGBColorValue": {
        "__compat": {
          "mdn_url": "https://developer.mozilla.org/docs/Web/API/CSSPrimitiveValue/getRGBColorValue",
          "support": {
            "chrome": {
              "version_added": false
            },
            "chrome_android": {
              "version_added": null
            },
            "edge": {
              "version_added": null
            },
            "edge_mobile": {
              "version_added": null
            },
            "firefox": {
              "version_added": true,
              "version_removed": "62"
            },
            "firefox_android": {
              "version_added": "4",
              "version_removed": "62"
            },
            "ie": {
              "version_added": null
            },
            "opera": {
              "version_added": false
            },
            "opera_android": {
              "version_added": null
            },
            "safari": {
              "version_added": null
            },
            "safari_ios": {
              "version_added": null
            },
            "samsunginternet_android": {
              "version_added": null
            },
            "webview_android": {
              "version_added": null
            }
          },
          "status": {
            "experimental": true,
            "standard_track": true,
            "deprecated": true
          }
        }
      },
      "getRectValue": {
        "__compat": {
          "mdn_url": "https://developer.mozilla.org/docs/Web/API/CSSPrimitiveValue/getRectValue",
          "support": {
            "chrome": {
              "version_added": false
            },
            "chrome_android": {
              "version_added": null
            },
            "edge": {
              "version_added": null
            },
            "edge_mobile": {
              "version_added": null
            },
            "firefox": {
              "version_added": true,
              "version_removed": "62"
            },
            "firefox_android": {
              "version_added": "4",
              "version_removed": "62"
            },
            "ie": {
              "version_added": null
            },
            "opera": {
              "version_added": false
            },
            "opera_android": {
              "version_added": null
            },
            "safari": {
              "version_added": null
            },
            "safari_ios": {
              "version_added": null
            },
            "samsunginternet_android": {
              "version_added": null
            },
            "webview_android": {
              "version_added": null
            }
          },
          "status": {
            "experimental": false,
            "standard_track": true,
            "deprecated": true
          }
        }
      },
      "getStringValue": {
        "__compat": {
          "mdn_url": "https://developer.mozilla.org/docs/Web/API/CSSPrimitiveValue/getStringValue",
          "support": {
            "chrome": {
              "version_added": false
            },
            "chrome_android": {
              "version_added": null
            },
            "edge": {
              "version_added": null
            },
            "edge_mobile": {
              "version_added": null
            },
            "firefox": {
              "version_added": true,
              "version_removed": "62"
            },
            "firefox_android": {
              "version_added": "4",
              "version_removed": "62"
            },
            "ie": {
              "version_added": null
            },
            "opera": {
              "version_added": false
            },
            "opera_android": {
              "version_added": null
            },
            "safari": {
              "version_added": null
            },
            "safari_ios": {
              "version_added": null
            },
            "samsunginternet_android": {
              "version_added": null
            },
            "webview_android": {
              "version_added": null
            }
          },
          "status": {
            "experimental": false,
            "standard_track": true,
            "deprecated": true
          }
        }
      },
      "setFloatValue": {
        "__compat": {
          "mdn_url": "https://developer.mozilla.org/docs/Web/API/CSSPrimitiveValue/setFloatValue",
          "support": {
            "chrome": {
              "version_added": false
            },
            "chrome_android": {
              "version_added": null
            },
            "edge": {
              "version_added": null
            },
            "edge_mobile": {
              "version_added": null
            },
            "firefox": {
              "version_added": true,
              "version_removed": "62"
            },
            "firefox_android": {
              "version_added": "4",
              "version_removed": "62"
            },
            "ie": {
              "version_added": null
            },
            "opera": {
              "version_added": false
            },
            "opera_android": {
              "version_added": null
            },
            "safari": {
              "version_added": null
            },
            "safari_ios": {
              "version_added": null
            },
            "samsunginternet_android": {
              "version_added": null
            },
            "webview_android": {
              "version_added": null
            }
          },
          "status": {
            "experimental": false,
            "standard_track": true,
            "deprecated": true
          }
        }
      },
      "setStringValue": {
        "__compat": {
          "mdn_url": "https://developer.mozilla.org/docs/Web/API/CSSPrimitiveValue/setStringValue",
          "support": {
            "chrome": {
              "version_added": false
            },
            "chrome_android": {
              "version_added": null
            },
            "edge": {
              "version_added": null
            },
            "edge_mobile": {
              "version_added": null
            },
            "firefox": {
              "version_added": true,
              "version_removed": "62"
            },
            "firefox_android": {
              "version_added": "4",
              "version_removed": "62"
            },
            "ie": {
              "version_added": null
            },
            "opera": {
              "version_added": false
            },
            "opera_android": {
              "version_added": null
            },
            "safari": {
              "version_added": null
            },
            "safari_ios": {
              "version_added": null
            },
            "samsunginternet_android": {
              "version_added": null
            },
            "webview_android": {
              "version_added": null
            }
          },
          "status": {
            "experimental": false,
            "standard_track": true,
            "deprecated": true
          }
        }
      }
    }
  }
}
