{
  "api": {
    "CSSStyleRule": {
      "__compat": {
        "mdn_url": "https://developer.mozilla.org/docs/Web/API/CSSStyleRule",
        "support": {
          "chrome": {
            "version_added": "1"
          },
          "chrome_android": {
            "version_added": "18"
          },
          "edge": {
            "version_added": true
          },
          "edge_mobile": {
            "version_added": true
          },
          "firefox": {
            "version_added": "1"
          },
          "firefox_android": {
            "version_added": "4"
          },
          "ie": {
            "version_added": "9"
          },
          "opera": {
            "version_added": true
          },
          "opera_android": {
            "version_added": true
          },
          "safari": {
            "version_added": true
          },
          "safari_ios": {
            "version_added": true
          },
          "webview_android": {
            "version_added": "4.4"
          }
        },
        "status": {
          "experimental": false,
          "standard_track": true,
          "deprecated": false
        }
      },
      "selectorText": {
        "__compat": {
          "mdn_url": "https://developer.mozilla.org/docs/Web/API/CSSStyleRule/selectorText",
          "support": {
            "chrome": {
              "version_added": "1"
            },
            "chrome_android": {
              "version_added": "18"
            },
            "edge": {
              "version_added": "12"
            },
            "edge_mobile": {
              "version_added": true
            },
            "firefox": {
              "version_added": "1"
            },
            "firefox_android": {
              "version_added": "4"
            },
            "ie": {
              "version_added": "9"
            },
            "opera": {
              "version_added": true
            },
            "opera_android": {
              "version_added": true
            },
            "safari": {
              "version_added": "6"
            },
            "safari_ios": {
              "version_added": true
            },
            "webview_android": {
              "version_added": "4.4"
            }
          },
          "status": {
            "experimental": false,
            "standard_track": true,
            "deprecated": false
          }
        }
      },
      "style": {
        "__compat": {
          "mdn_url": "https://developer.mozilla.org/docs/Web/API/CSSStyleRule/style",
          "support": {
            "chrome": {
              "version_added": "1"
            },
            "chrome_android": {
              "version_added": "18"
            },
            "edge": {
              "version_added": "12"
            },
            "edge_mobile": {
              "version_added": true
            },
            "firefox": {
              "version_added": "1"
            },
            "firefox_android": {
              "version_added": "4"
            },
            "ie": {
              "version_added": "9"
            },
            "opera": {
              "version_added": true
            },
            "opera_android": {
              "version_added": true
            },
            "safari": {
              "version_added": "6"
            },
            "safari_ios": {
              "version_added": true
            },
            "webview_android": {
              "version_added": "4.4"
            }
          },
          "status": {
            "experimental": false,
            "standard_track": true,
            "deprecated": false
          }
        }
      },
      "styleMap": {
        "__compat": {
          "mdn_url": "https://developer.mozilla.org/docs/Web/API/CSSStyleRule/styleMap",
          "support": {
            "chrome": {
              "version_added": "65"
            },
            "chrome_android": {
              "version_added": "65"
            },
            "edge": {
              "version_added": null
            },
            "edge_mobile": {
              "version_added": null
            },
            "firefox": {
              "version_added": null
            },
            "firefox_android": {
              "version_added": null
            },
            "ie": {
              "version_added": null
            },
            "opera": {
              "version_added": true
            },
            "opera_android": {
              "version_added": true
            },
            "safari": {
              "version_added": null
            },
            "safari_ios": {
              "version_added": null
            },
            "webview_android": {
              "version_added": "65"
            }
          },
          "status": {
            "experimental": false,
            "standard_track": true,
            "deprecated": false
          }
        }
      }
    }
  }
}
