{
  "api": {
    "CSSVariableReferenceValue": {
      "__compat": {
        "mdn_url": "https://developer.mozilla.org/docs/Web/API/CSSVariableReferenceValue",
        "support": {
          "chrome": {
            "version_added": "66"
          },
          "chrome_android": {
            "version_added": "66"
          },
          "edge": {
            "version_added": false
          },
          "edge_mobile": {
            "version_added": false
          },
          "firefox": {
            "version_added": false
          },
          "firefox_android": {
            "version_added": false
          },
          "ie": {
            "version_added": false
          },
          "opera": {
            "version_added": "53"
          },
          "opera_android": {
            "version_added": "47"
          },
          "safari": {
            "version_added": false
          },
          "safari_ios": {
            "version_added": false
          },
          "samsunginternet_android": {
            "version_added": true
          },
          "webview_android": {
            "version_added": "66"
          }
        },
        "status": {
          "experimental": true,
          "standard_track": true,
          "deprecated": false
        }
      },
      "CSSVariableReferenceValue": {
        "__compat": {
          "mdn_url": "https://developer.mozilla.org/docs/Web/API/CSSVariableReferenceValue/CSSVariableReferenceValue",
          "description": "<code>CSSVariableReferenceValue()</code> constructor",
          "support": {
            "chrome": {
              "version_added": "66"
            },
            "chrome_android": {
              "version_added": "66"
            },
            "edge": {
              "version_added": false
            },
            "edge_mobile": {
              "version_added": false
            },
            "firefox": {
              "version_added": false
            },
            "firefox_android": {
              "version_added": false
            },
            "ie": {
              "version_added": false
            },
            "opera": {
              "version_added": "53"
            },
            "opera_android": {
              "version_added": "47"
            },
            "safari": {
              "version_added": false
            },
            "safari_ios": {
              "version_added": false
            },
            "samsunginternet_android": {
              "version_added": null
            },
            "webview_android": {
              "version_added": "66"
            }
          },
          "status": {
            "experimental": true,
            "standard_track": true,
            "deprecated": false
          }
        }
      },
      "variable": {
        "__compat": {
          "mdn_url": "https://developer.mozilla.org/docs/Web/API/CSSVariableReferenceValue/entries",
          "support": {
            "chrome": {
              "version_added": "66"
            },
            "chrome_android": {
              "version_added": "66"
            },
            "edge": {
              "version_added": false
            },
            "edge_mobile": {
              "version_added": false
            },
            "firefox": {
              "version_added": false
            },
            "firefox_android": {
              "version_added": false
            },
            "ie": {
              "version_added": false
            },
            "opera": {
              "version_added": "53"
            },
            "opera_android": {
              "version_added": "47"
            },
            "safari": {
              "version_added": false
            },
            "safari_ios": {
              "version_added": false
            },
            "samsunginternet_android": {
              "version_added": true
            },
            "webview_android": {
              "version_added": "66"
            }
          },
          "status": {
            "experimental": true,
            "standard_track": true,
            "deprecated": false
          }
        }
      },
      "fallback": {
        "__compat": {
          "mdn_url": "https://developer.mozilla.org/docs/Web/API/CSSVariableReferenceValue/forEach",
          "support": {
            "chrome": {
              "version_added": "66"
            },
            "chrome_android": {
              "version_added": "66"
            },
            "edge": {
              "version_added": false
            },
            "edge_mobile": {
              "version_added": false
            },
            "firefox": {
              "version_added": false
            },
            "firefox_android": {
              "version_added": false
            },
            "ie": {
              "version_added": false
            },
            "opera": {
              "version_added": "53"
            },
            "opera_android": {
              "version_added": "47"
            },
            "safari": {
              "version_added": false
            },
            "safari_ios": {
              "version_added": false
            },
            "samsunginternet_android": {
              "version_added": true
            },
            "webview_android": {
              "version_added": "66"
            }
          },
          "status": {
            "experimental": true,
            "standard_track": true,
            "deprecated": false
          }
        }
      }
    }
  }
}
