{
  "api": {
    "DeviceLightEvent": {
      "__compat": {
        "mdn_url": "https://developer.mozilla.org/docs/Web/API/DeviceLightEvent",
        "support": {
          "chrome": {
            "version_added": false
          },
          "chrome_android": {
            "version_added": false
          },
          "edge": {
            "version_added": true
          },
          "edge_mobile": {
            "version_added": true
          },
          "firefox": [
            {
              "version_added": "62",
              "flags": [
                {
                  "type": "preference",
                  "name": "device.sensors.ambientLight.enabled",
                  "value_to_set": "true"
                }
              ],
              "notes": "See <a href='https://bugzil.la/1462308'>bug 1462308</a>."
            },
            {
              "version_added": "22",
              "version_removed": "61",
              "notes": "Not supported for MacBook with Touch Bar and Windows 7 (see <a href='https://bugzil.la/754199'>bug 754199</a>)."
            }
          ],
          "firefox_android": [
            {
              "version_added": "62",
              "flags": [
                {
                  "type": "preference",
                  "name": "device.sensors.ambientLight.enabled",
                  "value_to_set": "true"
                }
              ],
              "notes": "See <a href='https://bugzil.la/1462308'>bug 1462308</a>."
            },
            {
              "version_added": "15",
              "version_removed": "61"
            }
          ],
          "ie": {
            "version_added": false
          },
          "opera": {
            "version_added": false
          },
          "opera_android": {
            "version_added": false
          },
          "safari": {
            "version_added": false
          },
          "safari_ios": {
            "version_added": false
          },
          "samsunginternet_android": {
            "version_added": null
          },
          "webview_android": {
            "version_added": false
          }
        },
        "status": {
          "experimental": true,
          "standard_track": false,
          "deprecated": false
        }
      },
      "value": {
        "__compat": {
          "mdn_url": "https://developer.mozilla.org/docs/Web/API/DeviceLightEvent/value",
          "support": {
            "chrome": {
              "version_added": false
            },
            "chrome_android": {
              "version_added": false
            },
            "edge": {
              "version_added": "13"
            },
            "edge_mobile": {
              "version_added": true
            },
            "firefox": [
              {
                "version_added": "62",
                "flags": [
                  {
                    "type": "preference",
                    "name": "device.sensors.ambientLight.enabled",
                    "value_to_set": "true"
                  }
                ],
                "notes": "See <a href='https://bugzil.la/1462308'>bug 1462308</a>."
              },
              {
                "version_added": "22",
                "version_removed": "61",
                "notes": "Not supported for MacBook with Touch Bar and Windows 7 (see <a href='https://bugzil.la/754199'>bug 754199</a>)."
              }
            ],
            "firefox_android": [
              {
                "version_added": "62",
                "flags": [
                  {
                    "type": "preference",
                    "name": "device.sensors.ambientLight.enabled",
                    "value_to_set": "true"
                  }
                ],
                "notes": "See <a href='https://bugzil.la/1462308'>bug 1462308</a>."
              },
              {
                "version_added": "15",
                "version_removed": "61"
              }
            ],
            "ie": {
              "version_added": false
            },
            "opera": {
              "version_added": false
            },
            "opera_android": {
              "version_added": false
            },
            "safari": {
              "version_added": false
            },
            "safari_ios": {
              "version_added": false
            },
            "samsunginternet_android": {
              "version_added": null
            },
            "webview_android": {
              "version_added": false
            }
          },
          "status": {
            "experimental": true,
            "standard_track": false,
            "deprecated": false
          }
        }
      }
    }
  }
}
