{
  "api": {
    "DeviceProximityEvent": {
      "__compat": {
        "mdn_url": "https://developer.mozilla.org/docs/Web/API/DeviceProximityEvent",
        "support": {
          "chrome": {
            "version_added": false
          },
          "chrome_android": {
            "version_added": false
          },
          "edge": {
            "version_added": null
          },
          "edge_mobile": {
            "version_added": null
          },
          "firefox": [
            {
              "version_added": "62",
              "flags": [
                {
                  "type": "preference",
                  "name": "device.sensors.proximity.enabled",
                  "value_to_set": "true"
                }
              ],
              "notes": "See <a href='https://bugzil.la/1462308'>bug 1462308</a>."
            },
            {
              "version_added": true,
              "version_removed": "61"
            }
          ],
          "firefox_android": [
            {
              "version_added": "62",
              "flags": [
                {
                  "type": "preference",
                  "name": "device.sensors.proximity.enabled",
                  "value_to_set": "true"
                }
              ],
              "notes": "See <a href='https://bugzil.la/1462308'>bug 1462308</a>."
            },
            {
              "version_added": "15",
              "version_removed": "61"
            }
          ],
          "ie": {
            "version_added": false
          },
          "opera": {
            "version_added": false
          },
          "opera_android": {
            "version_added": false
          },
          "safari": {
            "version_added": false
          },
          "safari_ios": {
            "version_added": false
          },
          "samsunginternet_android": {
            "version_added": null
          },
          "webview_android": {
            "version_added": false
          }
        },
        "status": {
          "experimental": true,
          "standard_track": false,
          "deprecated": false
        }
      },
      "max": {
        "__compat": {
          "mdn_url": "https://developer.mozilla.org/docs/Web/API/DeviceProximityEvent/max",
          "support": {
            "chrome": {
              "version_added": false
            },
            "chrome_android": {
              "version_added": false
            },
            "edge": {
              "version_added": null
            },
            "edge_mobile": {
              "version_added": null
            },
            "firefox": [
              {
                "version_added": "62",
                "flags": [
                  {
                    "type": "preference",
                    "name": "device.sensors.proximity.enabled",
                    "value_to_set": "true"
                  }
                ],
                "notes": "See <a href='https://bugzil.la/1462308'>bug 1462308</a>."
              },
              {
                "version_added": true,
                "version_removed": "61"
              }
            ],
            "firefox_android": [
              {
                "version_added": "62",
                "flags": [
                  {
                    "type": "preference",
                    "name": "device.sensors.proximity.enabled",
                    "value_to_set": "true"
                  }
                ],
                "notes": "See <a href='https://bugzil.la/1462308'>bug 1462308</a>."
              },
              {
                "version_added": "15",
                "version_removed": "61"
              }
            ],
            "ie": {
              "version_added": false
            },
            "opera": {
              "version_added": false
            },
            "opera_android": {
              "version_added": false
            },
            "safari": {
              "version_added": false
            },
            "safari_ios": {
              "version_added": false
            },
            "samsunginternet_android": {
              "version_added": null
            },
            "webview_android": {
              "version_added": false
            }
          },
          "status": {
            "experimental": true,
            "standard_track": false,
            "deprecated": false
          }
        }
      },
      "min": {
        "__compat": {
          "mdn_url": "https://developer.mozilla.org/docs/Web/API/DeviceProximityEvent/min",
          "support": {
            "chrome": {
              "version_added": false
            },
            "chrome_android": {
              "version_added": false
            },
            "edge": {
              "version_added": null
            },
            "edge_mobile": {
              "version_added": null
            },
            "firefox": [
              {
                "version_added": "62",
                "flags": [
                  {
                    "type": "preference",
                    "name": "device.sensors.proximity.enabled",
                    "value_to_set": "true"
                  }
                ],
                "notes": "See <a href='https://bugzil.la/1462308'>bug 1462308</a>."
              },
              {
                "version_added": true,
                "version_removed": "61"
              }
            ],
            "firefox_android": [
              {
                "version_added": "62",
                "flags": [
                  {
                    "type": "preference",
                    "name": "device.sensors.proximity.enabled",
                    "value_to_set": "true"
                  }
                ],
                "notes": "See <a href='https://bugzil.la/1462308'>bug 1462308</a>."
              },
              {
                "version_added": "15",
                "version_removed": "61"
              }
            ],
            "ie": {
              "version_added": false
            },
            "opera": {
              "version_added": false
            },
            "opera_android": {
              "version_added": false
            },
            "safari": {
              "version_added": false
            },
            "safari_ios": {
              "version_added": false
            },
            "samsunginternet_android": {
              "version_added": null
            },
            "webview_android": {
              "version_added": false
            }
          },
          "status": {
            "experimental": true,
            "standard_track": false,
            "deprecated": false
          }
        }
      },
      "value": {
        "__compat": {
          "mdn_url": "https://developer.mozilla.org/docs/Web/API/DeviceProximityEvent/value",
          "support": {
            "chrome": {
              "version_added": false
            },
            "chrome_android": {
              "version_added": false
            },
            "edge": {
              "version_added": null
            },
            "edge_mobile": {
              "version_added": null
            },
            "firefox": [
              {
                "version_added": "62",
                "flags": [
                  {
                    "type": "preference",
                    "name": "device.sensors.proximity.enabled",
                    "value_to_set": "true"
                  }
                ],
                "notes": "See <a href='https://bugzil.la/1462308'>bug 1462308</a>."
              },
              {
                "version_added": true,
                "version_removed": "61"
              }
            ],
            "firefox_android": [
              {
                "version_added": "62",
                "flags": [
                  {
                    "type": "preference",
                    "name": "device.sensors.proximity.enabled",
                    "value_to_set": "true"
                  }
                ],
                "notes": "See <a href='https://bugzil.la/1462308'>bug 1462308</a>."
              },
              {
                "version_added": "15",
                "version_removed": "61"
              }
            ],
            "ie": {
              "version_added": false
            },
            "opera": {
              "version_added": false
            },
            "opera_android": {
              "version_added": false
            },
            "safari": {
              "version_added": false
            },
            "safari_ios": {
              "version_added": false
            },
            "samsunginternet_android": {
              "version_added": null
            },
            "webview_android": {
              "version_added": false
            }
          },
          "status": {
            "experimental": true,
            "standard_track": false,
            "deprecated": false
          }
        }
      }
    }
  }
}
