{
  "api": {
    "DocumentFragment": {
      "__compat": {
        "mdn_url": "https://developer.mozilla.org/docs/Web/API/DocumentFragment",
        "support": {
          "chrome": {
            "version_added": "1"
          },
          "chrome_android": {
            "version_added": true
          },
          "edge": {
            "version_added": true
          },
          "edge_mobile": {
            "version_added": true
          },
          "firefox": {
            "version_added": "1"
          },
          "firefox_android": {
            "version_added": "4"
          },
          "ie": {
            "version_added": true
          },
          "opera": {
            "version_added": true
          },
          "opera_android": {
            "version_added": true
          },
          "safari": {
            "version_added": true
          },
          "safari_ios": {
            "version_added": true
          },
          "samsunginternet_android": {
            "version_added": true
          },
          "webview_android": {
            "version_added": true
          }
        },
        "status": {
          "experimental": false,
          "standard_track": true,
          "deprecated": false
        }
      },
      "DocumentFragment": {
        "__compat": {
          "description": "<code>DocumentFragment()</code> constructor",
          "mdn_url": "https://developer.mozilla.org/docs/Web/API/DocumentFragment/DocumentFragment",
          "support": {
            "chrome": {
              "version_added": "28"
            },
            "chrome_android": {
              "version_added": true
            },
            "edge": {
              "version_added": true
            },
            "edge_mobile": {
              "version_added": true
            },
            "firefox": {
              "version_added": "24"
            },
            "firefox_android": {
              "version_added": "24"
            },
            "ie": {
              "version_added": false
            },
            "opera": {
              "version_added": "15"
            },
            "opera_android": {
              "version_added": true
            },
            "safari": {
              "version_added": false
            },
            "safari_ios": {
              "version_added": null
            },
            "samsunginternet_android": {
              "version_added": true
            },
            "webview_android": {
              "version_added": true
            }
          },
          "status": {
            "experimental": true,
            "standard_track": true,
            "deprecated": false
          }
        }
      },
      "querySelector": {
        "__compat": {
          "mdn_url": "https://developer.mozilla.org/docs/Web/API/DocumentFragment/querySelector",
          "support": {
            "chrome": {
              "version_added": "1"
            },
            "chrome_android": {
              "version_added": true
            },
            "edge": {
              "version_added": "12"
            },
            "edge_mobile": {
              "version_added": true
            },
            "firefox": {
              "version_added": "3.5"
            },
            "firefox_android": {
              "version_added": "4"
            },
            "ie": {
              "version_added": "8"
            },
            "opera": {
              "version_added": "10"
            },
            "opera_android": {
              "version_added": "10.1"
            },
            "safari": {
              "version_added": "3.2"
            },
            "safari_ios": {
              "version_added": "3.2"
            },
            "samsunginternet_android": {
              "version_added": true
            },
            "webview_android": {
              "version_added": true
            }
          },
          "status": {
            "experimental": false,
            "standard_track": true,
            "deprecated": false
          }
        }
      },
      "querySelectorAll": {
        "__compat": {
          "mdn_url": "https://developer.mozilla.org/docs/Web/API/DocumentFragment/querySelectorAll",
          "support": {
            "chrome": {
              "version_added": "1"
            },
            "chrome_android": {
              "version_added": true
            },
            "edge": {
              "version_added": "12"
            },
            "edge_mobile": {
              "version_added": true
            },
            "firefox": {
              "version_added": "3.5"
            },
            "firefox_android": {
              "version_added": "4"
            },
            "ie": {
              "version_added": "8"
            },
            "opera": {
              "version_added": "10"
            },
            "opera_android": {
              "version_added": "10.1"
            },
            "safari": {
              "version_added": "3.2"
            },
            "safari_ios": {
              "version_added": "3.2"
            },
            "samsunginternet_android": {
              "version_added": true
            },
            "webview_android": {
              "version_added": true
            }
          },
          "status": {
            "experimental": false,
            "standard_track": true,
            "deprecated": false
          }
        }
      },
      "properties": {
        "__compat": {
          "description": "<code>ParentNode</code> properties",
          "mdn_url": "https://developer.mozilla.org/docs/Web/API/ParentNode#Properties",
          "support": {
            "chrome": {
              "version_added": "28"
            },
            "chrome_android": {
              "version_added": true
            },
            "edge": {
              "version_added": false
            },
            "edge_mobile": {
              "version_added": false
            },
            "firefox": {
              "version_added": "25"
            },
            "firefox_android": {
              "version_added": "25"
            },
            "ie": {
              "version_added": false
            },
            "opera": {
              "version_added": "15"
            },
            "opera_android": {
              "version_added": "14"
            },
            "safari": {
              "version_added": false
            },
            "safari_ios": {
              "version_added": false
            },
            "samsunginternet_android": {
              "version_added": true
            },
            "webview_android": {
              "version_added": true
            }
          },
          "status": {
            "experimental": true,
            "standard_track": true,
            "deprecated": false
          }
        }
      },
      "methods": {
        "__compat": {
          "description": "<code>ParentNode</code> methods",
          "mdn_url": "https://developer.mozilla.org/docs/Web/API/ParentNode#Methods",
          "support": {
            "chrome": {
              "version_added": false
            },
            "chrome_android": {
              "version_added": null
            },
            "edge": {
              "version_added": false
            },
            "edge_mobile": {
              "version_added": false
            },
            "firefox": {
              "version_added": false
            },
            "firefox_android": {
              "version_added": false
            },
            "ie": {
              "version_added": false
            },
            "opera": {
              "version_added": false
            },
            "opera_android": {
              "version_added": false
            },
            "safari": {
              "version_added": false
            },
            "safari_ios": {
              "version_added": false
            },
            "samsunginternet_android": {
              "version_added": false
            },
            "webview_android": {
              "version_added": false
            }
          },
          "status": {
            "experimental": true,
            "standard_track": true,
            "deprecated": false
          }
        }
      }
    }
  }
}
