{
  "api": {
    "DOMError": {
      "__compat": {
        "mdn_url": "https://developer.mozilla.org/docs/Web/API/DOMError",
        "support": {
          "chrome": {
            "version_added": null
          },
          "edge": {
            "version_added": true
          },
          "edge_mobile": {
            "version_added": true
          },
          "firefox": {
            "version_added": "12",
            "version_removed": "58"
          },
          "firefox_android": {
            "version_added": true,
            "version_removed": "58"
          },
          "ie": {
            "version_added": null
          },
          "opera": {
            "version_added": null
          },
          "safari": {
            "version_added": null
          }
        },
        "status": {
          "experimental": false,
          "standard_track": true,
          "deprecated": true
        }
      },
      "name": {
        "__compat": {
          "mdn_url": "https://developer.mozilla.org/docs/Web/API/DOMError/name",
          "support": {
            "chrome": {
              "version_added": null
            },
            "edge": {
              "version_added": "12"
            },
            "edge_mobile": {
              "version_added": true
            },
            "firefox": {
              "version_added": "12",
              "version_removed": "58"
            },
            "firefox_android": {
              "version_added": true,
              "version_removed": "58"
            },
            "ie": {
              "version_added": null
            },
            "opera": {
              "version_added": null
            },
            "safari": {
              "version_added": null
            }
          },
          "status": {
            "experimental": false,
            "standard_track": true,
            "deprecated": true
          }
        }
      },
      "message": {
        "__compat": {
          "mdn_url": "https://developer.mozilla.org/docs/Web/API/DOMError/message",
          "support": {
            "chrome": {
              "version_added": null
            },
            "edge": {
              "version_added": true
            },
            "edge_mobile": {
              "version_added": true
            },
            "firefox": {
              "version_added": "12",
              "version_removed": "58"
            },
            "firefox_android": {
              "version_added": true,
              "version_removed": "58"
            },
            "ie": {
              "version_added": null
            },
            "opera": {
              "version_added": null
            },
            "safari": {
              "version_added": null
            }
          },
          "status": {
            "experimental": false,
            "standard_track": true,
            "deprecated": true
          }
        }
      }
    }
  }
}
