{
  "api": {
    "DOMMatrix": {
      "__compat": {
        "mdn_url": "https://developer.mozilla.org/docs/Web/API/DOMMatrix",
        "support": {
          "chrome": {
            "version_added": "61"
          },
          "chrome_android": {
            "version_added": "61"
          },
          "edge": {
            "version_added": false
          },
          "edge_mobile": {
            "version_added": false
          },
          "firefox": {
            "version_added": "33"
          },
          "firefox_android": {
            "version_added": "33"
          },
          "ie": {
            "version_added": false
          },
          "opera": {
            "version_added": "48"
          },
          "opera_android": {
            "version_added": "45"
          },
          "safari": {
            "version_added": false
          },
          "safari_ios": {
            "version_added": false
          },
          "webview_android": {
            "version_added": "61"
          }
        },
        "status": {
          "experimental": false,
          "standard_track": true,
          "deprecated": false
        }
      },
      "worker_support": {
        "__compat": {
          "description": "Support in <a href='https://developer.mozilla.org/docs/Web/API/Web_Workers_API'>web workers</a>",
          "support": {
            "chrome": {
              "version_added": "61"
            },
            "chrome_android": {
              "version_added": "61"
            },
            "edge": {
              "version_added": false
            },
            "edge_mobile": {
              "version_added": false
            },
            "firefox": {
              "version_added": false
            },
            "firefox_android": {
              "version_added": false
            },
            "ie": {
              "version_added": false
            },
            "opera": {
              "version_added": "48"
            },
            "opera_android": {
              "version_added": "45"
            },
            "safari": {
              "version_added": false
            },
            "safari_ios": {
              "version_added": false
            },
            "webview_android": {
              "version_added": "61"
            }
          },
          "status": {
            "experimental": false,
            "standard_track": true,
            "deprecated": false
          }
        }
      },
      "DOMMatrix": {
        "__compat": {
          "mdn_url": "https://developer.mozilla.org/docs/Web/API/DOMMatrix/DOMMatrix",
          "description": "<code>DOMMatrix()</code> constructor",
          "support": {
            "chrome": {
              "version_added": "61"
            },
            "chrome_android": {
              "version_added": "61"
            },
            "edge": {
              "version_added": false
            },
            "edge_mobile": {
              "version_added": false
            },
            "firefox": {
              "version_added": "33"
            },
            "firefox_android": {
              "version_added": "33"
            },
            "ie": {
              "version_added": false
            },
            "opera": {
              "version_added": "48"
            },
            "opera_android": {
              "version_added": "45"
            },
            "safari": {
              "version_added": false
            },
            "safari_ios": {
              "version_added": false
            },
            "webview_android": {
              "version_added": "61"
            }
          },
          "status": {
            "experimental": false,
            "standard_track": true,
            "deprecated": false
          }
        }
      }
    }
  }
}
