{
  "api": {
    "DOMMatrixReadOnly": {
      "__compat": {
        "mdn_url": "https://developer.mozilla.org/docs/Web/API/DOMMatrixReadOnly",
        "support": {
          "chrome": {
            "version_added": "45"
          },
          "chrome_android": {
            "version_added": "45"
          },
          "edge": {
            "version_added": false
          },
          "edge_mobile": {
            "version_added": false
          },
          "firefox": {
            "version_added": "33"
          },
          "firefox_android": {
            "version_added": "33"
          },
          "ie": {
            "version_added": false
          },
          "opera": {
            "version_added": "32"
          },
          "opera_android": {
            "version_added": "45"
          },
          "safari": {
            "version_added": "11"
          },
          "safari_ios": {
            "version_added": "11.3"
          },
          "webview_android": {
            "version_added": "45"
          }
        },
        "status": {
          "experimental": false,
          "standard_track": true,
          "deprecated": false
        }
      },
      "worker_support": {
        "__compat": {
          "description": "Support in <a href='https://developer.mozilla.org/docs/Web/API/Web_Workers_API'>web workers</a>",
          "support": {
            "chrome": {
              "version_added": "57"
            },
            "chrome_android": {
              "version_added": "57"
            },
            "edge": {
              "version_added": false
            },
            "edge_mobile": {
              "version_added": false
            },
            "firefox": {
              "version_added": false
            },
            "firefox_android": {
              "version_added": false
            },
            "ie": {
              "version_added": false
            },
            "opera": {
              "version_added": "44"
            },
            "opera_android": {
              "version_added": "45"
            },
            "safari": {
              "version_added": "11"
            },
            "safari_ios": {
              "version_added": "11.3"
            },
            "webview_android": {
              "version_added": "57"
            }
          },
          "status": {
            "experimental": false,
            "standard_track": true,
            "deprecated": false
          }
        }
      },
      "DOMMatrixReadOnly": {
        "__compat": {
          "description": "<code>DOMMatrixReadOnly()</code> constructor",
          "mdn_url": "https://developer.mozilla.org/docs/Web/API/DOMMatrixReadOnly/DOMMatrixReadOnly",
          "support": {
            "chrome": {
              "version_added": "57"
            },
            "chrome_android": {
              "version_added": "57"
            },
            "edge": {
              "version_added": false
            },
            "edge_mobile": {
              "version_added": false
            },
            "firefox": {
              "version_added": "33"
            },
            "firefox_android": {
              "version_added": "33"
            },
            "ie": {
              "version_added": false
            },
            "opera": {
              "version_added": "44"
            },
            "opera_android": {
              "version_added": "45"
            },
            "safari": {
              "version_added": "11"
            },
            "safari_ios": {
              "version_added": "11.3"
            },
            "webview_android": {
              "version_added": "57"
            }
          },
          "status": {
            "experimental": false,
            "standard_track": true,
            "deprecated": false
          }
        }
      },
      "m11": {
        "__compat": {
          "mdn_url": "https://developer.mozilla.org/docs/Web/API/DOMMatrixReadOnly/m11",
          "support": {
            "chrome": {
              "version_added": "45"
            },
            "chrome_android": {
              "version_added": "45"
            },
            "edge": {
              "version_added": false
            },
            "edge_mobile": {
              "version_added": false
            },
            "firefox": {
              "version_added": "33"
            },
            "firefox_android": {
              "version_added": "33"
            },
            "ie": {
              "version_added": false
            },
            "opera": {
              "version_added": "32"
            },
            "opera_android": {
              "version_added": "45"
            },
            "safari": {
              "version_added": "11"
            },
            "safari_ios": {
              "version_added": "11.3"
            },
            "webview_android": {
              "version_added": "45"
            }
          },
          "status": {
            "experimental": false,
            "standard_track": true,
            "deprecated": false
          }
        }
      },
      "m12": {
        "__compat": {
          "mdn_url": "https://developer.mozilla.org/docs/Web/API/DOMMatrixReadOnly/m12",
          "support": {
            "chrome": {
              "version_added": "45"
            },
            "chrome_android": {
              "version_added": "45"
            },
            "edge": {
              "version_added": false
            },
            "edge_mobile": {
              "version_added": false
            },
            "firefox": {
              "version_added": "33"
            },
            "firefox_android": {
              "version_added": "33"
            },
            "ie": {
              "version_added": false
            },
            "opera": {
              "version_added": "32"
            },
            "opera_android": {
              "version_added": "45"
            },
            "safari": {
              "version_added": "11"
            },
            "safari_ios": {
              "version_added": "11.3"
            },
            "webview_android": {
              "version_added": "45"
            }
          },
          "status": {
            "experimental": false,
            "standard_track": true,
            "deprecated": false
          }
        }
      },
      "m13": {
        "__compat": {
          "mdn_url": "https://developer.mozilla.org/docs/Web/API/DOMMatrixReadOnly/m13",
          "support": {
            "chrome": {
              "version_added": "45"
            },
            "chrome_android": {
              "version_added": "45"
            },
            "edge": {
              "version_added": false
            },
            "edge_mobile": {
              "version_added": false
            },
            "firefox": {
              "version_added": "33"
            },
            "firefox_android": {
              "version_added": "33"
            },
            "ie": {
              "version_added": false
            },
            "opera": {
              "version_added": "32"
            },
            "opera_android": {
              "version_added": "45"
            },
            "safari": {
              "version_added": "11"
            },
            "safari_ios": {
              "version_added": "11.3"
            },
            "webview_android": {
              "version_added": "45"
            }
          },
          "status": {
            "experimental": false,
            "standard_track": true,
            "deprecated": false
          }
        }
      },
      "m14": {
        "__compat": {
          "mdn_url": "https://developer.mozilla.org/docs/Web/API/DOMMatrixReadOnly/m14",
          "support": {
            "chrome": {
              "version_added": "45"
            },
            "chrome_android": {
              "version_added": "45"
            },
            "edge": {
              "version_added": false
            },
            "edge_mobile": {
              "version_added": false
            },
            "firefox": {
              "version_added": "33"
            },
            "firefox_android": {
              "version_added": "33"
            },
            "ie": {
              "version_added": false
            },
            "opera": {
              "version_added": "32"
            },
            "opera_android": {
              "version_added": "45"
            },
            "safari": {
              "version_added": "11"
            },
            "safari_ios": {
              "version_added": "11.3"
            },
            "webview_android": {
              "version_added": "45"
            }
          },
          "status": {
            "experimental": false,
            "standard_track": true,
            "deprecated": false
          }
        }
      },
      "m21": {
        "__compat": {
          "mdn_url": "https://developer.mozilla.org/docs/Web/API/DOMMatrixReadOnly/m21",
          "support": {
            "chrome": {
              "version_added": "45"
            },
            "chrome_android": {
              "version_added": "45"
            },
            "edge": {
              "version_added": false
            },
            "edge_mobile": {
              "version_added": false
            },
            "firefox": {
              "version_added": "33"
            },
            "firefox_android": {
              "version_added": "33"
            },
            "ie": {
              "version_added": false
            },
            "opera": {
              "version_added": "32"
            },
            "opera_android": {
              "version_added": "45"
            },
            "safari": {
              "version_added": "11"
            },
            "safari_ios": {
              "version_added": "11.3"
            },
            "webview_android": {
              "version_added": "45"
            }
          },
          "status": {
            "experimental": false,
            "standard_track": true,
            "deprecated": false
          }
        }
      },
      "m22": {
        "__compat": {
          "mdn_url": "https://developer.mozilla.org/docs/Web/API/DOMMatrixReadOnly/m22",
          "support": {
            "chrome": {
              "version_added": "45"
            },
            "chrome_android": {
              "version_added": "45"
            },
            "edge": {
              "version_added": false
            },
            "edge_mobile": {
              "version_added": false
            },
            "firefox": {
              "version_added": "33"
            },
            "firefox_android": {
              "version_added": "33"
            },
            "ie": {
              "version_added": false
            },
            "opera": {
              "version_added": "32"
            },
            "opera_android": {
              "version_added": "45"
            },
            "safari": {
              "version_added": "11"
            },
            "safari_ios": {
              "version_added": "11.3"
            },
            "webview_android": {
              "version_added": "45"
            }
          },
          "status": {
            "experimental": false,
            "standard_track": true,
            "deprecated": false
          }
        }
      },
      "m23": {
        "__compat": {
          "mdn_url": "https://developer.mozilla.org/docs/Web/API/DOMMatrixReadOnly/m23",
          "support": {
            "chrome": {
              "version_added": "45"
            },
            "chrome_android": {
              "version_added": "45"
            },
            "edge": {
              "version_added": false
            },
            "edge_mobile": {
              "version_added": false
            },
            "firefox": {
              "version_added": "33"
            },
            "firefox_android": {
              "version_added": "33"
            },
            "ie": {
              "version_added": false
            },
            "opera": {
              "version_added": "32"
            },
            "opera_android": {
              "version_added": "45"
            },
            "safari": {
              "version_added": "11"
            },
            "safari_ios": {
              "version_added": "11.3"
            },
            "webview_android": {
              "version_added": "45"
            }
          },
          "status": {
            "experimental": false,
            "standard_track": true,
            "deprecated": false
          }
        }
      },
      "m24": {
        "__compat": {
          "mdn_url": "https://developer.mozilla.org/docs/Web/API/DOMMatrixReadOnly/m24",
          "support": {
            "chrome": {
              "version_added": "45"
            },
            "chrome_android": {
              "version_added": "45"
            },
            "edge": {
              "version_added": false
            },
            "edge_mobile": {
              "version_added": false
            },
            "firefox": {
              "version_added": "33"
            },
            "firefox_android": {
              "version_added": "33"
            },
            "ie": {
              "version_added": false
            },
            "opera": {
              "version_added": "32"
            },
            "opera_android": {
              "version_added": "45"
            },
            "safari": {
              "version_added": "11"
            },
            "safari_ios": {
              "version_added": "11.3"
            },
            "webview_android": {
              "version_added": "45"
            }
          },
          "status": {
            "experimental": false,
            "standard_track": true,
            "deprecated": false
          }
        }
      },
      "m31": {
        "__compat": {
          "mdn_url": "https://developer.mozilla.org/docs/Web/API/DOMMatrixReadOnly/m31",
          "support": {
            "chrome": {
              "version_added": "45"
            },
            "chrome_android": {
              "version_added": "45"
            },
            "edge": {
              "version_added": false
            },
            "edge_mobile": {
              "version_added": false
            },
            "firefox": {
              "version_added": "33"
            },
            "firefox_android": {
              "version_added": "33"
            },
            "ie": {
              "version_added": false
            },
            "opera": {
              "version_added": "32"
            },
            "opera_android": {
              "version_added": "45"
            },
            "safari": {
              "version_added": "11"
            },
            "safari_ios": {
              "version_added": "11.3"
            },
            "webview_android": {
              "version_added": "45"
            }
          },
          "status": {
            "experimental": false,
            "standard_track": true,
            "deprecated": false
          }
        }
      },
      "m32": {
        "__compat": {
          "mdn_url": "https://developer.mozilla.org/docs/Web/API/DOMMatrixReadOnly/m32",
          "support": {
            "chrome": {
              "version_added": "45"
            },
            "chrome_android": {
              "version_added": "45"
            },
            "edge": {
              "version_added": false
            },
            "edge_mobile": {
              "version_added": false
            },
            "firefox": {
              "version_added": "33"
            },
            "firefox_android": {
              "version_added": "33"
            },
            "ie": {
              "version_added": false
            },
            "opera": {
              "version_added": "32"
            },
            "opera_android": {
              "version_added": "45"
            },
            "safari": {
              "version_added": "11"
            },
            "safari_ios": {
              "version_added": "11.3"
            },
            "webview_android": {
              "version_added": "45"
            }
          },
          "status": {
            "experimental": false,
            "standard_track": true,
            "deprecated": false
          }
        }
      },
      "m33": {
        "__compat": {
          "mdn_url": "https://developer.mozilla.org/docs/Web/API/DOMMatrixReadOnly/m33",
          "support": {
            "chrome": {
              "version_added": "45"
            },
            "chrome_android": {
              "version_added": "45"
            },
            "edge": {
              "version_added": false
            },
            "edge_mobile": {
              "version_added": false
            },
            "firefox": {
              "version_added": "33"
            },
            "firefox_android": {
              "version_added": "33"
            },
            "ie": {
              "version_added": false
            },
            "opera": {
              "version_added": "32"
            },
            "opera_android": {
              "version_added": "45"
            },
            "safari": {
              "version_added": "11"
            },
            "safari_ios": {
              "version_added": "11.3"
            },
            "webview_android": {
              "version_added": "45"
            }
          },
          "status": {
            "experimental": false,
            "standard_track": true,
            "deprecated": false
          }
        }
      },
      "m34": {
        "__compat": {
          "mdn_url": "https://developer.mozilla.org/docs/Web/API/DOMMatrixReadOnly/m34",
          "support": {
            "chrome": {
              "version_added": "45"
            },
            "chrome_android": {
              "version_added": "45"
            },
            "edge": {
              "version_added": false
            },
            "edge_mobile": {
              "version_added": false
            },
            "firefox": {
              "version_added": "33"
            },
            "firefox_android": {
              "version_added": "33"
            },
            "ie": {
              "version_added": false
            },
            "opera": {
              "version_added": "32"
            },
            "opera_android": {
              "version_added": "45"
            },
            "safari": {
              "version_added": "11"
            },
            "safari_ios": {
              "version_added": "11.3"
            },
            "webview_android": {
              "version_added": "45"
            }
          },
          "status": {
            "experimental": false,
            "standard_track": true,
            "deprecated": false
          }
        }
      },
      "m41": {
        "__compat": {
          "mdn_url": "https://developer.mozilla.org/docs/Web/API/DOMMatrixReadOnly/m41",
          "support": {
            "chrome": {
              "version_added": "61"
            },
            "chrome_android": {
              "version_added": "61"
            },
            "edge": {
              "version_added": false
            },
            "edge_mobile": {
              "version_added": false
            },
            "firefox": {
              "version_added": "33"
            },
            "firefox_android": {
              "version_added": "33"
            },
            "ie": {
              "version_added": false
            },
            "opera": {
              "version_added": "48"
            },
            "opera_android": {
              "version_added": "45"
            },
            "safari": {
              "version_added": "11"
            },
            "safari_ios": {
              "version_added": "11.3"
            },
            "webview_android": {
              "version_added": "61"
            }
          },
          "status": {
            "experimental": false,
            "standard_track": true,
            "deprecated": false
          }
        }
      },
      "m42": {
        "__compat": {
          "mdn_url": "https://developer.mozilla.org/docs/Web/API/DOMMatrixReadOnly/m42",
          "support": {
            "chrome": {
              "version_added": "61"
            },
            "chrome_android": {
              "version_added": "61"
            },
            "edge": {
              "version_added": false
            },
            "edge_mobile": {
              "version_added": false
            },
            "firefox": {
              "version_added": "33"
            },
            "firefox_android": {
              "version_added": "33"
            },
            "ie": {
              "version_added": false
            },
            "opera": {
              "version_added": "48"
            },
            "opera_android": {
              "version_added": "45"
            },
            "safari": {
              "version_added": "11"
            },
            "safari_ios": {
              "version_added": "11.3"
            },
            "webview_android": {
              "version_added": "61"
            }
          },
          "status": {
            "experimental": false,
            "standard_track": true,
            "deprecated": false
          }
        }
      },
      "m43": {
        "__compat": {
          "mdn_url": "https://developer.mozilla.org/docs/Web/API/DOMMatrixReadOnly/m43",
          "support": {
            "chrome": {
              "version_added": "61"
            },
            "chrome_android": {
              "version_added": "61"
            },
            "edge": {
              "version_added": false
            },
            "edge_mobile": {
              "version_added": false
            },
            "firefox": {
              "version_added": "33"
            },
            "firefox_android": {
              "version_added": "33"
            },
            "ie": {
              "version_added": false
            },
            "opera": {
              "version_added": "48"
            },
            "opera_android": {
              "version_added": "45"
            },
            "safari": {
              "version_added": "11"
            },
            "safari_ios": {
              "version_added": "11.3"
            },
            "webview_android": {
              "version_added": "61"
            }
          },
          "status": {
            "experimental": false,
            "standard_track": true,
            "deprecated": false
          }
        }
      },
      "m44": {
        "__compat": {
          "mdn_url": "https://developer.mozilla.org/docs/Web/API/DOMMatrixReadOnly/m44",
          "support": {
            "chrome": {
              "version_added": "61"
            },
            "chrome_android": {
              "version_added": "61"
            },
            "edge": {
              "version_added": false
            },
            "edge_mobile": {
              "version_added": false
            },
            "firefox": {
              "version_added": "33"
            },
            "firefox_android": {
              "version_added": "33"
            },
            "ie": {
              "version_added": false
            },
            "opera": {
              "version_added": "48"
            },
            "opera_android": {
              "version_added": "45"
            },
            "safari": {
              "version_added": "11"
            },
            "safari_ios": {
              "version_added": "11.3"
            },
            "webview_android": {
              "version_added": "61"
            }
          },
          "status": {
            "experimental": false,
            "standard_track": true,
            "deprecated": false
          }
        }
      },
      "a": {
        "__compat": {
          "mdn_url": "https://developer.mozilla.org/docs/Web/API/DOMMatrixReadOnly/a",
          "support": {
            "chrome": {
              "version_added": "45"
            },
            "chrome_android": {
              "version_added": "45"
            },
            "edge": {
              "version_added": false
            },
            "edge_mobile": {
              "version_added": false
            },
            "firefox": {
              "version_added": "33"
            },
            "firefox_android": {
              "version_added": "33"
            },
            "ie": {
              "version_added": false
            },
            "opera": {
              "version_added": "32"
            },
            "opera_android": {
              "version_added": "45"
            },
            "safari": {
              "version_added": "11"
            },
            "safari_ios": {
              "version_added": "11.3"
            },
            "webview_android": {
              "version_added": "45"
            }
          },
          "status": {
            "experimental": false,
            "standard_track": true,
            "deprecated": false
          }
        }
      },
      "b": {
        "__compat": {
          "mdn_url": "https://developer.mozilla.org/docs/Web/API/DOMMatrixReadOnly/b",
          "support": {
            "chrome": {
              "version_added": "45"
            },
            "chrome_android": {
              "version_added": "45"
            },
            "edge": {
              "version_added": false
            },
            "edge_mobile": {
              "version_added": false
            },
            "firefox": {
              "version_added": "33"
            },
            "firefox_android": {
              "version_added": "33"
            },
            "ie": {
              "version_added": false
            },
            "opera": {
              "version_added": "32"
            },
            "opera_android": {
              "version_added": "45"
            },
            "safari": {
              "version_added": "11"
            },
            "safari_ios": {
              "version_added": "11.3"
            },
            "webview_android": {
              "version_added": "45"
            }
          },
          "status": {
            "experimental": false,
            "standard_track": true,
            "deprecated": false
          }
        }
      },
      "c": {
        "__compat": {
          "mdn_url": "https://developer.mozilla.org/docs/Web/API/DOMMatrixReadOnly/c",
          "support": {
            "chrome": {
              "version_added": "45"
            },
            "chrome_android": {
              "version_added": "45"
            },
            "edge": {
              "version_added": false
            },
            "edge_mobile": {
              "version_added": false
            },
            "firefox": {
              "version_added": "33"
            },
            "firefox_android": {
              "version_added": "33"
            },
            "ie": {
              "version_added": false
            },
            "opera": {
              "version_added": "32"
            },
            "opera_android": {
              "version_added": "45"
            },
            "safari": {
              "version_added": "11"
            },
            "safari_ios": {
              "version_added": "11.3"
            },
            "webview_android": {
              "version_added": "45"
            }
          },
          "status": {
            "experimental": false,
            "standard_track": true,
            "deprecated": false
          }
        }
      },
      "d": {
        "__compat": {
          "mdn_url": "https://developer.mozilla.org/docs/Web/API/DOMMatrixReadOnly/d",
          "support": {
            "chrome": {
              "version_added": "45"
            },
            "chrome_android": {
              "version_added": "45"
            },
            "edge": {
              "version_added": false
            },
            "edge_mobile": {
              "version_added": false
            },
            "firefox": {
              "version_added": "33"
            },
            "firefox_android": {
              "version_added": "33"
            },
            "ie": {
              "version_added": false
            },
            "opera": {
              "version_added": "32"
            },
            "opera_android": {
              "version_added": "45"
            },
            "safari": {
              "version_added": "11"
            },
            "safari_ios": {
              "version_added": "11.3"
            },
            "webview_android": {
              "version_added": "45"
            }
          },
          "status": {
            "experimental": false,
            "standard_track": true,
            "deprecated": false
          }
        }
      },
      "e": {
        "__compat": {
          "mdn_url": "https://developer.mozilla.org/docs/Web/API/DOMMatrixReadOnly/e",
          "support": {
            "chrome": {
              "version_added": "45"
            },
            "chrome_android": {
              "version_added": "45"
            },
            "edge": {
              "version_added": false
            },
            "edge_mobile": {
              "version_added": false
            },
            "firefox": {
              "version_added": "33"
            },
            "firefox_android": {
              "version_added": "33"
            },
            "ie": {
              "version_added": false
            },
            "opera": {
              "version_added": "32"
            },
            "opera_android": {
              "version_added": "45"
            },
            "safari": {
              "version_added": "11"
            },
            "safari_ios": {
              "version_added": "11.3"
            },
            "webview_android": {
              "version_added": "45"
            }
          },
          "status": {
            "experimental": false,
            "standard_track": true,
            "deprecated": false
          }
        }
      },
      "f": {
        "__compat": {
          "mdn_url": "https://developer.mozilla.org/docs/Web/API/DOMMatrixReadOnly/f",
          "support": {
            "chrome": {
              "version_added": "45"
            },
            "chrome_android": {
              "version_added": "45"
            },
            "edge": {
              "version_added": false
            },
            "edge_mobile": {
              "version_added": false
            },
            "firefox": {
              "version_added": "33"
            },
            "firefox_android": {
              "version_added": "33"
            },
            "ie": {
              "version_added": false
            },
            "opera": {
              "version_added": "32"
            },
            "opera_android": {
              "version_added": "45"
            },
            "safari": {
              "version_added": "11"
            },
            "safari_ios": {
              "version_added": "11.3"
            },
            "webview_android": {
              "version_added": "45"
            }
          },
          "status": {
            "experimental": false,
            "standard_track": true,
            "deprecated": false
          }
        }
      },
      "is2D": {
        "__compat": {
          "mdn_url": "https://developer.mozilla.org/docs/Web/API/DOMMatrixReadOnly/is2D",
          "support": {
            "chrome": {
              "version_added": "45"
            },
            "chrome_android": {
              "version_added": "45"
            },
            "edge": {
              "version_added": false
            },
            "edge_mobile": {
              "version_added": false
            },
            "firefox": {
              "version_added": "33"
            },
            "firefox_android": {
              "version_added": "33"
            },
            "ie": {
              "version_added": false
            },
            "opera": {
              "version_added": "32"
            },
            "opera_android": {
              "version_added": "45"
            },
            "safari": {
              "version_added": "11"
            },
            "safari_ios": {
              "version_added": "11.3"
            },
            "webview_android": {
              "version_added": "45"
            }
          },
          "status": {
            "experimental": false,
            "standard_track": true,
            "deprecated": false
          }
        }
      },
      "isIdentity": {
        "__compat": {
          "mdn_url": "https://developer.mozilla.org/docs/Web/API/DOMMatrixReadOnly/isIdentity",
          "support": {
            "chrome": {
              "version_added": "45"
            },
            "chrome_android": {
              "version_added": "45"
            },
            "edge": {
              "version_added": false
            },
            "edge_mobile": {
              "version_added": false
            },
            "firefox": {
              "version_added": "33"
            },
            "firefox_android": {
              "version_added": "33"
            },
            "ie": {
              "version_added": false
            },
            "opera": {
              "version_added": "32"
            },
            "opera_android": {
              "version_added": "45"
            },
            "safari": {
              "version_added": "11"
            },
            "safari_ios": {
              "version_added": "11.3"
            },
            "webview_android": {
              "version_added": "45"
            }
          },
          "status": {
            "experimental": false,
            "standard_track": true,
            "deprecated": false
          }
        }
      },
      "flipX": {
        "__compat": {
          "mdn_url": "https://developer.mozilla.org/docs/Web/API/DOMMatrixReadOnly/flipX",
          "support": {
            "chrome": {
              "version_added": "54"
            },
            "chrome_android": {
              "version_added": "54"
            },
            "edge": {
              "version_added": false
            },
            "edge_mobile": {
              "version_added": false
            },
            "firefox": {
              "version_added": "33"
            },
            "firefox_android": {
              "version_added": "33"
            },
            "ie": {
              "version_added": false
            },
            "opera": {
              "version_added": "41"
            },
            "opera_android": {
              "version_added": "45"
            },
            "safari": {
              "version_added": "11"
            },
            "safari_ios": {
              "version_added": "11.3"
            },
            "webview_android": {
              "version_added": "54"
            }
          },
          "status": {
            "experimental": false,
            "standard_track": true,
            "deprecated": false
          }
        }
      },
      "flipY": {
        "__compat": {
          "mdn_url": "https://developer.mozilla.org/docs/Web/API/DOMMatrixReadOnly/flipY",
          "support": {
            "chrome": {
              "version_added": "54"
            },
            "chrome_android": {
              "version_added": "54"
            },
            "edge": {
              "version_added": false
            },
            "edge_mobile": {
              "version_added": false
            },
            "firefox": {
              "version_added": "33"
            },
            "firefox_android": {
              "version_added": "33"
            },
            "ie": {
              "version_added": false
            },
            "opera": {
              "version_added": "41"
            },
            "opera_android": {
              "version_added": "45"
            },
            "safari": {
              "version_added": "11"
            },
            "safari_ios": {
              "version_added": "11.3"
            },
            "webview_android": {
              "version_added": "54"
            }
          },
          "status": {
            "experimental": false,
            "standard_track": true,
            "deprecated": false
          }
        }
      },
      "inverse": {
        "__compat": {
          "mdn_url": "https://developer.mozilla.org/docs/Web/API/DOMMatrixReadOnly/inverse",
          "support": {
            "chrome": {
              "version_added": "55"
            },
            "chrome_android": {
              "version_added": "55"
            },
            "edge": {
              "version_added": false
            },
            "edge_mobile": {
              "version_added": false
            },
            "firefox": {
              "version_added": "33"
            },
            "firefox_android": {
              "version_added": "33"
            },
            "ie": {
              "version_added": false
            },
            "opera": {
              "version_added": "42"
            },
            "opera_android": {
              "version_added": "45"
            },
            "safari": {
              "version_added": "11"
            },
            "safari_ios": {
              "version_added": "11.3"
            },
            "webview_android": {
              "version_added": "55"
            }
          },
          "status": {
            "experimental": false,
            "standard_track": true,
            "deprecated": false
          }
        }
      },
      "multiply": {
        "__compat": {
          "mdn_url": "https://developer.mozilla.org/docs/Web/API/DOMMatrixReadOnly/multiply",
          "support": {
            "chrome": {
              "version_added": "45"
            },
            "chrome_android": {
              "version_added": "45"
            },
            "edge": {
              "version_added": false
            },
            "edge_mobile": {
              "version_added": false
            },
            "firefox": {
              "version_added": "33"
            },
            "firefox_android": {
              "version_added": "33"
            },
            "ie": {
              "version_added": false
            },
            "opera": {
              "version_added": "32"
            },
            "opera_android": {
              "version_added": "45"
            },
            "safari": {
              "version_added": "11"
            },
            "safari_ios": {
              "version_added": "11.3"
            },
            "webview_android": {
              "version_added": "45"
            }
          },
          "status": {
            "experimental": false,
            "standard_track": true,
            "deprecated": false
          }
        }
      },
      "rotate": {
        "__compat": {
          "mdn_url": "https://developer.mozilla.org/docs/Web/API/DOMMatrixReadOnly/rotate",
          "support": {
            "chrome": {
              "version_added": "56"
            },
            "chrome_android": {
              "version_added": "56"
            },
            "edge": {
              "version_added": false
            },
            "edge_mobile": {
              "version_added": false
            },
            "firefox": {
              "version_added": "33"
            },
            "firefox_android": {
              "version_added": "33"
            },
            "ie": {
              "version_added": false
            },
            "opera": {
              "version_added": "43"
            },
            "opera_android": {
              "version_added": "45"
            },
            "safari": {
              "version_added": "11"
            },
            "safari_ios": {
              "version_added": "11.3"
            },
            "webview_android": {
              "version_added": "56"
            }
          },
          "status": {
            "experimental": false,
            "standard_track": true,
            "deprecated": false
          }
        }
      },
      "rotateAxisAngle": {
        "__compat": {
          "mdn_url": "https://developer.mozilla.org/docs/Web/API/DOMMatrixReadOnly/rotateAxisAngle",
          "support": {
            "chrome": {
              "version_added": "56"
            },
            "chrome_android": {
              "version_added": "56"
            },
            "edge": {
              "version_added": false
            },
            "edge_mobile": {
              "version_added": false
            },
            "firefox": {
              "version_added": "33"
            },
            "firefox_android": {
              "version_added": "33"
            },
            "ie": {
              "version_added": false
            },
            "opera": {
              "version_added": "43"
            },
            "opera_android": {
              "version_added": "45"
            },
            "safari": {
              "version_added": "11"
            },
            "safari_ios": {
              "version_added": "11.3"
            },
            "webview_android": {
              "version_added": "56"
            }
          },
          "status": {
            "experimental": false,
            "standard_track": true,
            "deprecated": false
          }
        }
      },
      "rotateFromVector": {
        "__compat": {
          "mdn_url": "https://developer.mozilla.org/docs/Web/API/DOMMatrixReadOnly/rotateFromVector",
          "support": {
            "chrome": {
              "version_added": "56"
            },
            "chrome_android": {
              "version_added": "56"
            },
            "edge": {
              "version_added": false
            },
            "edge_mobile": {
              "version_added": false
            },
            "firefox": {
              "version_added": "33"
            },
            "firefox_android": {
              "version_added": "33"
            },
            "ie": {
              "version_added": false
            },
            "opera": {
              "version_added": "43"
            },
            "opera_android": {
              "version_added": "45"
            },
            "safari": {
              "version_added": "11"
            },
            "safari_ios": {
              "version_added": "11.3"
            },
            "webview_android": {
              "version_added": "56"
            }
          },
          "status": {
            "experimental": false,
            "standard_track": true,
            "deprecated": false
          }
        }
      },
      "scale": {
        "__compat": {
          "mdn_url": "https://developer.mozilla.org/docs/Web/API/DOMMatrixReadOnly/scale",
          "support": {
            "chrome": {
              "version_added": "45"
            },
            "chrome_android": {
              "version_added": "45"
            },
            "edge": {
              "version_added": false
            },
            "edge_mobile": {
              "version_added": false
            },
            "firefox": {
              "version_added": "33",
              "partial_implementation": true,
              "notes": "Firefox currently still supports the older three-parameter syntax - <code>DOMMatrix.scale(scaleX[, originX][, originY])</code> - not the six-parameter version."
            },
            "firefox_android": {
              "version_added": "33",
              "partial_implementation": true,
              "notes": "Firefox currently still supports the older three-parameter syntax - <code>DOMMatrix.scale(scaleX[, originX][, originY])</code> - not the six-parameter version."
            },
            "ie": {
              "version_added": false
            },
            "opera": {
              "version_added": "32"
            },
            "opera_android": {
              "version_added": "45"
            },
            "safari": {
              "version_added": "11"
            },
            "safari_ios": {
              "version_added": "11.3"
            },
            "webview_android": {
              "version_added": "45"
            }
          },
          "status": {
            "experimental": false,
            "standard_track": true,
            "deprecated": false
          }
        }
      },
      "scale3d": {
        "__compat": {
          "mdn_url": "https://developer.mozilla.org/docs/Web/API/DOMMatrixReadOnly/scale3d",
          "support": {
            "chrome": {
              "version_added": "45"
            },
            "chrome_android": {
              "version_added": "45"
            },
            "edge": {
              "version_added": false
            },
            "edge_mobile": {
              "version_added": false
            },
            "firefox": {
              "version_added": "33"
            },
            "firefox_android": {
              "version_added": "33"
            },
            "ie": {
              "version_added": false
            },
            "opera": {
              "version_added": "32"
            },
            "opera_android": {
              "version_added": "45"
            },
            "safari": {
              "version_added": "11"
            },
            "safari_ios": {
              "version_added": "11.3"
            },
            "webview_android": {
              "version_added": "45"
            }
          },
          "status": {
            "experimental": false,
            "standard_track": true,
            "deprecated": false
          }
        }
      },
      "scaleNonUniform": {
        "__compat": {
          "mdn_url": "https://developer.mozilla.org/docs/Web/API/DOMMatrixReadOnly/scaleNonUniform",
          "support": {
            "chrome": {
              "version_added": "45",
              "version_removed": "56"
            },
            "chrome_android": {
              "version_added": "45",
              "version_removed": "56"
            },
            "edge": {
              "version_added": false
            },
            "edge_mobile": {
              "version_added": false
            },
            "firefox": {
              "version_added": "33"
            },
            "firefox_android": {
              "version_added": "33"
            },
            "ie": {
              "version_added": false
            },
            "opera": {
              "version_added": "32",
              "version_removed": "43"
            },
            "opera_android": {
              "version_added": "45"
            },
            "safari": {
              "version_added": false
            },
            "safari_ios": {
              "version_added": false
            },
            "webview_android": {
              "version_added": "45",
              "version_removed": "56"
            }
          },
          "status": {
            "experimental": false,
            "standard_track": true,
            "deprecated": false
          }
        }
      },
      "skewX": {
        "__compat": {
          "mdn_url": "https://developer.mozilla.org/docs/Web/API/DOMMatrixReadOnly/skewX",
          "support": {
            "chrome": {
              "version_added": "54"
            },
            "chrome_android": {
              "version_added": "54"
            },
            "edge": {
              "version_added": false
            },
            "edge_mobile": {
              "version_added": false
            },
            "firefox": {
              "version_added": "33"
            },
            "firefox_android": {
              "version_added": "33"
            },
            "ie": {
              "version_added": false
            },
            "opera": {
              "version_added": "41"
            },
            "opera_android": {
              "version_added": "45"
            },
            "safari": {
              "version_added": "11"
            },
            "safari_ios": {
              "version_added": "11.3"
            },
            "webview_android": {
              "version_added": "54"
            }
          },
          "status": {
            "experimental": false,
            "standard_track": true,
            "deprecated": false
          }
        }
      },
      "skewY": {
        "__compat": {
          "mdn_url": "https://developer.mozilla.org/docs/Web/API/DOMMatrixReadOnly/skewY",
          "support": {
            "chrome": {
              "version_added": "54"
            },
            "chrome_android": {
              "version_added": "54"
            },
            "edge": {
              "version_added": false
            },
            "edge_mobile": {
              "version_added": false
            },
            "firefox": {
              "version_added": "33"
            },
            "firefox_android": {
              "version_added": "33"
            },
            "ie": {
              "version_added": false
            },
            "opera": {
              "version_added": "41"
            },
            "opera_android": {
              "version_added": "45"
            },
            "safari": {
              "version_added": "11"
            },
            "safari_ios": {
              "version_added": "11.3"
            },
            "webview_android": {
              "version_added": "54"
            }
          },
          "status": {
            "experimental": false,
            "standard_track": true,
            "deprecated": false
          }
        }
      },
      "toFloat32Array": {
        "__compat": {
          "mdn_url": "https://developer.mozilla.org/docs/Web/API/DOMMatrixReadOnly/toFloat32Array",
          "support": {
            "chrome": {
              "version_added": "45"
            },
            "chrome_android": {
              "version_added": "45"
            },
            "edge": {
              "version_added": false
            },
            "edge_mobile": {
              "version_added": false
            },
            "firefox": {
              "version_added": "33"
            },
            "firefox_android": {
              "version_added": "33"
            },
            "ie": {
              "version_added": false
            },
            "opera": {
              "version_added": "32"
            },
            "opera_android": {
              "version_added": "45"
            },
            "safari": {
              "version_added": "11"
            },
            "safari_ios": {
              "version_added": "11.3"
            },
            "webview_android": {
              "version_added": "45"
            }
          },
          "status": {
            "experimental": false,
            "standard_track": true,
            "deprecated": false
          }
        }
      },
      "toFloat64Array": {
        "__compat": {
          "mdn_url": "https://developer.mozilla.org/docs/Web/API/DOMMatrixReadOnly/toFloat64Array",
          "support": {
            "chrome": {
              "version_added": "45"
            },
            "chrome_android": {
              "version_added": "45"
            },
            "edge": {
              "version_added": false
            },
            "edge_mobile": {
              "version_added": false
            },
            "firefox": {
              "version_added": "33"
            },
            "firefox_android": {
              "version_added": "33"
            },
            "ie": {
              "version_added": false
            },
            "opera": {
              "version_added": "32"
            },
            "opera_android": {
              "version_added": "45"
            },
            "safari": {
              "version_added": "11"
            },
            "safari_ios": {
              "version_added": "11.3"
            },
            "webview_android": {
              "version_added": "45"
            }
          },
          "status": {
            "experimental": false,
            "standard_track": true,
            "deprecated": false
          }
        }
      },
      "toJSON": {
        "__compat": {
          "mdn_url": "https://developer.mozilla.org/docs/Web/API/DOMMatrixReadOnly/toJSON",
          "support": {
            "chrome": {
              "version_added": "56"
            },
            "chrome_android": {
              "version_added": "56"
            },
            "edge": {
              "version_added": false
            },
            "edge_mobile": {
              "version_added": false
            },
            "firefox": {
              "version_added": "33"
            },
            "firefox_android": {
              "version_added": "33"
            },
            "ie": {
              "version_added": false
            },
            "opera": {
              "version_added": "43"
            },
            "opera_android": {
              "version_added": "45"
            },
            "safari": {
              "version_added": "11"
            },
            "safari_ios": {
              "version_added": "11.3"
            },
            "webview_android": {
              "version_added": "56"
            }
          },
          "status": {
            "experimental": false,
            "standard_track": true,
            "deprecated": false
          }
        }
      },
      "toString": {
        "__compat": {
          "mdn_url": "https://developer.mozilla.org/docs/Web/API/DOMMatrixReadOnly/toString",
          "support": {
            "chrome": {
              "version_added": "54"
            },
            "chrome_android": {
              "version_added": "54"
            },
            "edge": {
              "version_added": false
            },
            "edge_mobile": {
              "version_added": false
            },
            "firefox": {
              "version_added": "33"
            },
            "firefox_android": {
              "version_added": "33"
            },
            "ie": {
              "version_added": false
            },
            "opera": {
              "version_added": "41"
            },
            "opera_android": {
              "version_added": "45"
            },
            "safari": {
              "version_added": "11"
            },
            "safari_ios": {
              "version_added": "11.3"
            },
            "webview_android": {
              "version_added": "54"
            }
          },
          "status": {
            "experimental": false,
            "standard_track": true,
            "deprecated": false
          }
        }
      },
      "translate": {
        "__compat": {
          "mdn_url": "https://developer.mozilla.org/docs/Web/API/DOMMatrixReadOnly/translate",
          "support": {
            "chrome": {
              "version_added": "45"
            },
            "chrome_android": {
              "version_added": "45"
            },
            "edge": {
              "version_added": false
            },
            "edge_mobile": {
              "version_added": false
            },
            "firefox": {
              "version_added": "33"
            },
            "firefox_android": {
              "version_added": "33"
            },
            "ie": {
              "version_added": false
            },
            "opera": {
              "version_added": "32"
            },
            "opera_android": {
              "version_added": "32"
            },
            "safari": {
              "version_added": "11"
            },
            "safari_ios": {
              "version_added": "11"
            },
            "webview_android": {
              "version_added": "45"
            }
          },
          "status": {
            "experimental": false,
            "standard_track": true,
            "deprecated": false
          }
        }
      },
      "transform": {
        "__compat": {
          "mdn_url": "https://developer.mozilla.org/docs/Web/API/DOMMatrixReadOnly/transform",
          "support": {
            "chrome": {
              "version_added": "61"
            },
            "chrome_android": {
              "version_added": "61"
            },
            "edge": {
              "version_added": false
            },
            "edge_mobile": {
              "version_added": false
            },
            "firefox": {
              "version_added": "33"
            },
            "firefox_android": {
              "version_added": "33"
            },
            "ie": {
              "version_added": false
            },
            "opera": {
              "version_added": "48"
            },
            "opera_android": {
              "version_added": "45"
            },
            "safari": {
              "version_added": "11"
            },
            "safari_ios": {
              "version_added": "11"
            },
            "webview_android": {
              "version_added": "61"
            }
          },
          "status": {
            "experimental": false,
            "standard_track": true,
            "deprecated": false
          }
        }
      },
      "transformPoint": {
        "__compat": {
          "mdn_url": "https://developer.mozilla.org/docs/Web/API/DOMMatrixReadOnly/transformPoint",
          "support": {
            "chrome": {
              "version_added": "56"
            },
            "chrome_android": {
              "version_added": "56"
            },
            "edge": {
              "version_added": false
            },
            "edge_mobile": {
              "version_added": false
            },
            "firefox": {
              "version_added": "33"
            },
            "firefox_android": {
              "version_added": "33"
            },
            "ie": {
              "version_added": false
            },
            "opera": {
              "version_added": "43"
            },
            "opera_android": {
              "version_added": "45"
            },
            "safari": {
              "version_added": "11"
            },
            "safari_ios": {
              "version_added": "11.3"
            },
            "webview_android": {
              "version_added": "56"
            }
          },
          "status": {
            "experimental": false,
            "standard_track": true,
            "deprecated": false
          }
        }
      }
    }
  }
}
