{
  "api": {
    "DOMParser": {
      "__compat": {
        "mdn_url": "https://developer.mozilla.org/docs/Web/API/DOMParser",
        "support": {
          "chrome": {
            "version_added": "1"
          },
          "chrome_android": {
            "version_added": true
          },
          "edge": {
            "version_added": true
          },
          "edge_mobile": {
            "version_added": true
          },
          "firefox": {
            "version_added": "1"
          },
          "firefox_android": {
            "version_added": true
          },
          "ie": {
            "version_added": "9"
          },
          "opera": {
            "version_added": "8"
          },
          "opera_android": {
            "version_added": true
          },
          "safari": {
            "version_added": "3.2"
          },
          "safari_ios": {
            "version_added": true
          },
          "webview_android": {
            "version_added": true
          }
        },
        "status": {
          "experimental": false,
          "standard_track": true,
          "deprecated": false
        }
      },
      "DOMParser": {
        "__compat": {
          "mdn_url": "https://developer.mozilla.org/docs/Web/API/DOMParser/DOMParser",
          "description": "<code>DOMParser()</code> constructor",
          "support": {
            "chrome": {
              "version_added": "1"
            },
            "chrome_android": {
              "version_added": null
            },
            "edge": {
              "version_added": true
            },
            "edge_mobile": {
              "version_added": true
            },
            "firefox": {
              "version_added": "1"
            },
            "firefox_android": {
              "version_added": true
            },
            "ie": {
              "version_added": "9"
            },
            "opera": {
              "version_added": "8"
            },
            "opera_android": {
              "version_added": true
            },
            "safari": {
              "version_added": "3.2"
            },
            "safari_ios": {
              "version_added": null
            },
            "webview_android": {
              "version_added": true
            }
          },
          "status": {
            "experimental": false,
            "standard_track": true,
            "deprecated": false
          }
        }
      },
      "parseFromString": {
        "__compat": {
          "mdn_url": "https://developer.mozilla.org/docs/Web/API/DOMParser/parseFromString",
          "support": {
            "chrome": {
              "version_added": "1"
            },
            "chrome_android": {
              "version_added": true
            },
            "edge": {
              "version_added": "12"
            },
            "edge_mobile": {
              "version_added": true
            },
            "firefox": {
              "version_added": "1"
            },
            "firefox_android": {
              "version_added": true
            },
            "ie": {
              "version_added": "9"
            },
            "opera": {
              "version_added": "8"
            },
            "opera_android": {
              "version_added": true
            },
            "safari": {
              "version_added": "3.2"
            },
            "safari_ios": {
              "version_added": true
            },
            "webview_android": {
              "version_added": true
            }
          },
          "status": {
            "experimental": false,
            "standard_track": true,
            "deprecated": false
          }
        },
        "xml": {
          "__compat": {
            "description": "XML (<code>application/xml</code>) support",
            "support": {
              "chrome": {
                "version_added": "1"
              },
              "chrome_android": {
                "version_added": null
              },
              "edge": {
                "version_added": true
              },
              "edge_mobile": {
                "version_added": true
              },
              "firefox": {
                "version_added": "1"
              },
              "firefox_android": {
                "version_added": true
              },
              "ie": {
                "version_added": "9"
              },
              "opera": {
                "version_added": "8"
              },
              "opera_android": {
                "version_added": true
              },
              "safari": {
                "version_added": "3.2"
              },
              "safari_ios": {
                "version_added": null
              },
              "webview_android": {
                "version_added": true
              }
            },
            "status": {
              "experimental": false,
              "standard_track": true,
              "deprecated": false
            }
          }
        },
        "svg": {
          "__compat": {
            "description": "SVG (<code>image/svg+xml</code>) support",
            "support": {
              "chrome": {
                "version_added": "4"
              },
              "chrome_android": {
                "version_added": null
              },
              "edge": {
                "version_added": true
              },
              "edge_mobile": {
                "version_added": true
              },
              "firefox": {
                "version_added": "10"
              },
              "firefox_android": {
                "version_added": "10"
              },
              "ie": {
                "version_added": "10"
              },
              "opera": {
                "version_added": "15"
              },
              "opera_android": {
                "version_added": true
              },
              "safari": {
                "version_added": "3.2"
              },
              "safari_ios": {
                "version_added": null
              },
              "webview_android": {
                "version_added": null
              }
            },
            "status": {
              "experimental": false,
              "standard_track": true,
              "deprecated": false
            }
          }
        },
        "html": {
          "__compat": {
            "description": "HTML (<code>text/html</code>) support",
            "support": {
              "chrome": {
                "version_added": "31"
              },
              "chrome_android": {
                "version_added": null
              },
              "edge": {
                "version_added": true
              },
              "edge_mobile": {
                "version_added": true
              },
              "firefox": {
                "version_added": "12"
              },
              "firefox_android": {
                "version_added": "14"
              },
              "ie": {
                "version_added": "10"
              },
              "opera": {
                "version_added": "17"
              },
              "opera_android": {
                "version_added": null
              },
              "safari": {
                "version_added": "9.1"
              },
              "safari_ios": {
                "version_added": null
              },
              "webview_android": {
                "version_added": null
              }
            },
            "status": {
              "experimental": false,
              "standard_track": true,
              "deprecated": false
            }
          }
        }
      }
    }
  }
}
