{
  "api": {
    "DOMQuad": {
      "__compat": {
        "mdn_url": "https://developer.mozilla.org/docs/Web/API/DOMQuad",
        "support": {
          "chrome": {
            "version_added": "61"
          },
          "chrome_android": {
            "version_added": "61"
          },
          "edge": {
            "version_added": null
          },
          "edge_mobile": {
            "version_added": null
          },
          "firefox": {
            "version_added": true
          },
          "firefox_android": {
            "version_added": true
          },
          "ie": {
            "version_added": null
          },
          "opera": {
            "version_added": "48"
          },
          "opera_android": {
            "version_added": "45"
          },
          "safari": {
            "version_added": true
          },
          "safari_ios": {
            "version_added": true
          },
          "samsunginternet_android": {
            "version_added": true
          },
          "webview_android": {
            "version_added": "61"
          }
        },
        "status": {
          "experimental": true,
          "standard_track": true,
          "deprecated": false
        }
      },
      "DOMQuad": {
        "__compat": {
          "mdn_url": "https://developer.mozilla.org/docs/Web/API/DOMQuad/DOMQuad",
          "description": "<code>DOMQuad()</code> constructor",
          "support": {
            "chrome": {
              "version_added": null
            },
            "chrome_android": {
              "version_added": null
            },
            "edge": {
              "version_added": null
            },
            "edge_mobile": {
              "version_added": null
            },
            "firefox": {
              "version_added": null
            },
            "firefox_android": {
              "version_added": null
            },
            "ie": {
              "version_added": null
            },
            "opera": {
              "version_added": null
            },
            "opera_android": {
              "version_added": null
            },
            "safari": {
              "version_added": null
            },
            "safari_ios": {
              "version_added": null
            },
            "samsunginternet_android": {
              "version_added": null
            },
            "webview_android": {
              "version_added": null
            }
          },
          "status": {
            "experimental": true,
            "standard_track": true,
            "deprecated": false
          }
        }
      },
      "fromRect": {
        "__compat": {
          "mdn_url": "https://developer.mozilla.org/docs/Web/API/DOMQuad/fromRect",
          "support": {
            "chrome": {
              "version_added": true
            },
            "chrome_android": {
              "version_added": true
            },
            "edge": {
              "version_added": null
            },
            "edge_mobile": {
              "version_added": null
            },
            "firefox": {
              "version_added": null
            },
            "firefox_android": {
              "version_added": null
            },
            "ie": {
              "version_added": null
            },
            "opera": {
              "version_added": true
            },
            "opera_android": {
              "version_added": true
            },
            "safari": {
              "version_added": true
            },
            "safari_ios": {
              "version_added": true
            },
            "samsunginternet_android": {
              "version_added": true
            },
            "webview_android": {
              "version_added": true
            }
          },
          "status": {
            "experimental": true,
            "standard_track": true,
            "deprecated": false
          }
        }
      },
      "fromQuad": {
        "__compat": {
          "mdn_url": "https://developer.mozilla.org/docs/Web/API/DOMQuad/fromQuad",
          "support": {
            "chrome": {
              "version_added": true
            },
            "chrome_android": {
              "version_added": true
            },
            "edge": {
              "version_added": null
            },
            "edge_mobile": {
              "version_added": null
            },
            "firefox": {
              "version_added": null
            },
            "firefox_android": {
              "version_added": null
            },
            "ie": {
              "version_added": null
            },
            "opera": {
              "version_added": true
            },
            "opera_android": {
              "version_added": true
            },
            "safari": {
              "version_added": true
            },
            "safari_ios": {
              "version_added": true
            },
            "samsunginternet_android": {
              "version_added": true
            },
            "webview_android": {
              "version_added": true
            }
          },
          "status": {
            "experimental": true,
            "standard_track": true,
            "deprecated": false
          }
        }
      },
      "getBounds": {
        "__compat": {
          "mdn_url": "https://developer.mozilla.org/docs/Web/API/DOMQuad/getBounds",
          "support": {
            "chrome": {
              "version_added": true
            },
            "chrome_android": {
              "version_added": true
            },
            "edge": {
              "version_added": null
            },
            "edge_mobile": {
              "version_added": null
            },
            "firefox": {
              "version_added": true
            },
            "firefox_android": {
              "version_added": true
            },
            "ie": {
              "version_added": null
            },
            "opera": {
              "version_added": true
            },
            "opera_android": {
              "version_added": true
            },
            "safari": {
              "version_added": true
            },
            "safari_ios": {
              "version_added": true
            },
            "samsunginternet_android": {
              "version_added": true
            },
            "webview_android": {
              "version_added": true
            }
          },
          "status": {
            "experimental": true,
            "standard_track": true,
            "deprecated": false
          }
        }
      },
      "p1": {
        "__compat": {
          "mdn_url": "https://developer.mozilla.org/docs/Web/API/DOMQuad/p1",
          "support": {
            "chrome": {
              "version_added": true
            },
            "chrome_android": {
              "version_added": true
            },
            "edge": {
              "version_added": null
            },
            "edge_mobile": {
              "version_added": null
            },
            "firefox": {
              "version_added": true
            },
            "firefox_android": {
              "version_added": true
            },
            "ie": {
              "version_added": null
            },
            "opera": {
              "version_added": true
            },
            "opera_android": {
              "version_added": true
            },
            "safari": {
              "version_added": true
            },
            "safari_ios": {
              "version_added": true
            },
            "samsunginternet_android": {
              "version_added": true
            },
            "webview_android": {
              "version_added": true
            }
          },
          "status": {
            "experimental": true,
            "standard_track": true,
            "deprecated": false
          }
        }
      },
      "p2": {
        "__compat": {
          "mdn_url": "https://developer.mozilla.org/docs/Web/API/DOMQuad/p2",
          "support": {
            "chrome": {
              "version_added": true
            },
            "chrome_android": {
              "version_added": true
            },
            "edge": {
              "version_added": null
            },
            "edge_mobile": {
              "version_added": null
            },
            "firefox": {
              "version_added": true
            },
            "firefox_android": {
              "version_added": true
            },
            "ie": {
              "version_added": null
            },
            "opera": {
              "version_added": true
            },
            "opera_android": {
              "version_added": true
            },
            "safari": {
              "version_added": true
            },
            "safari_ios": {
              "version_added": true
            },
            "samsunginternet_android": {
              "version_added": true
            },
            "webview_android": {
              "version_added": true
            }
          },
          "status": {
            "experimental": true,
            "standard_track": true,
            "deprecated": false
          }
        }
      },
      "p3": {
        "__compat": {
          "mdn_url": "https://developer.mozilla.org/docs/Web/API/DOMQuad/p3",
          "support": {
            "chrome": {
              "version_added": true
            },
            "chrome_android": {
              "version_added": true
            },
            "edge": {
              "version_added": null
            },
            "edge_mobile": {
              "version_added": null
            },
            "firefox": {
              "version_added": true
            },
            "firefox_android": {
              "version_added": true
            },
            "ie": {
              "version_added": null
            },
            "opera": {
              "version_added": true
            },
            "opera_android": {
              "version_added": true
            },
            "safari": {
              "version_added": true
            },
            "safari_ios": {
              "version_added": true
            },
            "samsunginternet_android": {
              "version_added": true
            },
            "webview_android": {
              "version_added": true
            }
          },
          "status": {
            "experimental": true,
            "standard_track": true,
            "deprecated": false
          }
        }
      },
      "p4": {
        "__compat": {
          "mdn_url": "https://developer.mozilla.org/docs/Web/API/DOMQuad/p4",
          "support": {
            "chrome": {
              "version_added": true
            },
            "chrome_android": {
              "version_added": true
            },
            "edge": {
              "version_added": null
            },
            "edge_mobile": {
              "version_added": null
            },
            "firefox": {
              "version_added": true
            },
            "firefox_android": {
              "version_added": true
            },
            "ie": {
              "version_added": null
            },
            "opera": {
              "version_added": true
            },
            "opera_android": {
              "version_added": true
            },
            "safari": {
              "version_added": true
            },
            "safari_ios": {
              "version_added": true
            },
            "samsunginternet_android": {
              "version_added": true
            },
            "webview_android": {
              "version_added": true
            }
          },
          "status": {
            "experimental": true,
            "standard_track": true,
            "deprecated": false
          }
        }
      },
      "toJSON": {
        "__compat": {
          "mdn_url": "https://developer.mozilla.org/docs/Web/API/DOMQuad/toJSON",
          "support": {
            "chrome": {
              "version_added": true
            },
            "chrome_android": {
              "version_added": true
            },
            "edge": {
              "version_added": null
            },
            "edge_mobile": {
              "version_added": null
            },
            "firefox": {
              "version_added": true
            },
            "firefox_android": {
              "version_added": true
            },
            "ie": {
              "version_added": null
            },
            "opera": {
              "version_added": true
            },
            "opera_android": {
              "version_added": true
            },
            "safari": {
              "version_added": true
            },
            "safari_ios": {
              "version_added": true
            },
            "samsunginternet_android": {
              "version_added": true
            },
            "webview_android": {
              "version_added": true
            }
          },
          "status": {
            "experimental": true,
            "standard_track": true,
            "deprecated": false
          }
        }
      }
    }
  }
}
