{
  "api": {
    "DragEvent": {
      "__compat": {
        "mdn_url": "https://developer.mozilla.org/docs/Web/API/DragEvent",
        "support": {
          "chrome": {
            "version_added": "46"
          },
          "chrome_android": {
            "version_added": false
          },
          "edge": {
            "version_added": true
          },
          "edge_mobile": {
            "version_added": true
          },
          "firefox": {
            "version_added": "3.5"
          },
          "firefox_android": {
            "version_added": true
          },
          "ie": {
            "version_added": "10"
          },
          "opera": {
            "version_added": true
          },
          "opera_android": {
            "version_added": false
          },
          "safari": {
            "version_added": "3.1"
          },
          "safari_ios": {
            "version_added": false
          },
          "webview_android": {
            "version_added": false
          }
        },
        "status": {
          "experimental": false,
          "standard_track": true,
          "deprecated": false
        }
      },
      "DragEvent": {
        "__compat": {
          "mdn_url": "https://developer.mozilla.org/docs/Web/API/DragEvent/DragEvent",
          "description": "<code>DragEvent()</code> constructor",
          "support": {
            "chrome": {
              "version_added": "46"
            },
            "chrome_android": {
              "version_added": false
            },
            "edge": {
              "version_added": null
            },
            "edge_mobile": {
              "version_added": null
            },
            "firefox": {
              "version_added": "3.5"
            },
            "firefox_android": {
              "version_added": true
            },
            "ie": {
              "version_added": "10"
            },
            "opera": {
              "version_added": "12"
            },
            "opera_android": {
              "version_added": false
            },
            "safari": {
              "version_added": "3.1"
            },
            "safari_ios": {
              "version_added": false
            },
            "webview_android": {
              "version_added": false
            }
          },
          "status": {
            "experimental": false,
            "standard_track": true,
            "deprecated": false
          }
        }
      },
      "dataTransfer": {
        "__compat": {
          "mdn_url": "https://developer.mozilla.org/docs/Web/API/DragEvent/dataTransfer",
          "support": {
            "chrome": {
              "version_added": "46"
            },
            "chrome_android": {
              "version_added": false
            },
            "edge": {
              "version_added": "12"
            },
            "edge_mobile": {
              "version_added": true
            },
            "firefox": {
              "version_added": "3.5"
            },
            "firefox_android": {
              "version_added": true
            },
            "ie": {
              "version_added": "10"
            },
            "opera": {
              "version_added": true
            },
            "opera_android": {
              "version_added": false
            },
            "safari": {
              "version_added": "3.1"
            },
            "safari_ios": {
              "version_added": false
            },
            "webview_android": {
              "version_added": false
            }
          },
          "status": {
            "experimental": false,
            "standard_track": true,
            "deprecated": false
          }
        }
      }
    }
  }
}
