{
  "api": {
    "FileSystemFileEntry": {
      "__compat": {
        "mdn_url": "https://developer.mozilla.org/docs/Web/API/FileSystemFileEntry",
        "support": {
          "chrome": {
            "version_added": "13",
            "prefix": "webkit"
          },
          "chrome_android": {
            "version_added": true,
            "prefix": "webkit"
          },
          "edge": {
            "version_added": false,
            "notes": "Edge implements this interface as part of the <code>WebKitEntry</code> interface, which is its name for <code><a href='https://developer.mozilla.org/docs/Web/API/FileSystemEntry'>FileSystemEntry</a></code>."
          },
          "edge_mobile": {
            "version_added": false,
            "notes": "Edge implements this interface as part of the <code>WebKitEntry</code> interface, which is its name for <code><a href='https://developer.mozilla.org/docs/Web/API/FileSystemEntry'>FileSystemEntry</a></code>."
          },
          "firefox": {
            "version_added": "50"
          },
          "firefox_android": {
            "version_added": "50"
          },
          "ie": {
            "version_added": false
          },
          "opera": {
            "version_added": false
          },
          "opera_android": {
            "version_added": false
          },
          "safari": {
            "version_added": false
          },
          "safari_ios": {
            "version_added": false
          },
          "webview_android": {
            "version_added": true,
            "prefix": "webkit"
          }
        },
        "status": {
          "experimental": false,
          "standard_track": false,
          "deprecated": false
        }
      },
      "createWriter": {
        "__compat": {
          "mdn_url": "https://developer.mozilla.org/docs/Web/API/FileSystemFileEntry/createWriter",
          "support": {
            "chrome": {
              "version_added": "13"
            },
            "chrome_android": {
              "version_added": true
            },
            "edge": {
              "version_added": false
            },
            "edge_mobile": {
              "version_added": false
            },
            "firefox": {
              "version_added": "50",
              "version_removed": "52",
              "notes": "While the <code>createWriter()</code> method existed, it immediately called <code>errorCallback</code> with the <code>NS_ERROR_DOM_SECURITY_ERR</code> error."
            },
            "firefox_android": {
              "version_added": "50",
              "version_removed": "52",
              "notes": "While the <code>createWriter()</code> method existed, it immediately called <code>errorCallback</code> with the <code>NS_ERROR_DOM_SECURITY_ERR</code> error."
            },
            "ie": {
              "version_added": false
            },
            "opera": {
              "version_added": false
            },
            "opera_android": {
              "version_added": false
            },
            "safari": {
              "version_added": false
            },
            "safari_ios": {
              "version_added": false
            },
            "webview_android": {
              "version_added": true
            }
          },
          "status": {
            "experimental": false,
            "standard_track": false,
            "deprecated": true
          }
        }
      },
      "file": {
        "__compat": {
          "mdn_url": "https://developer.mozilla.org/docs/Web/API/FileSystemFileEntry/file",
          "support": {
            "chrome": {
              "version_added": "13"
            },
            "chrome_android": {
              "version_added": true
            },
            "edge": {
              "version_added": false
            },
            "edge_mobile": {
              "version_added": false
            },
            "firefox": {
              "version_added": "50"
            },
            "firefox_android": {
              "version_added": "50"
            },
            "ie": {
              "version_added": false
            },
            "opera": {
              "version_added": false
            },
            "opera_android": {
              "version_added": false
            },
            "safari": {
              "version_added": false
            },
            "safari_ios": {
              "version_added": false
            },
            "webview_android": {
              "version_added": true
            }
          },
          "status": {
            "experimental": false,
            "standard_track": false,
            "deprecated": false
          }
        }
      }
    }
  }
}
