{
  "api": {
    "FileError": {
      "__compat": {
        "mdn_url": "https://developer.mozilla.org/docs/Web/API/FileError",
        "support": {
          "chrome": {
            "version_added": "13",
            "version_removed": "53",
            "prefix": "webkit"
          },
          "chrome_android": {
            "version_added": "18",
            "version_removed": "53",
            "prefix": "webkit"
          },
          "edge": {
            "version_added": null
          },
          "edge_mobile": {
            "version_added": null
          },
          "firefox": {
            "version_added": true,
            "version_removed": "13",
            "notes": "The <code>FileError</code> interface has been removed starting with Firefox 13.0. Instead the more general <a href='https://developer.mozilla.org/docs/Web/API/DOMError'><code>DOMError</code></a> interface is used and returned by <a href='https://developer.mozilla.org/docs/Web/API/FileReader'><code>FileReader.error</code></a>."
          },
          "firefox_android": {
            "version_added": true,
            "version_removed": "14",
            "notes": "The <code>FileError</code> interface has been removed starting with Firefox 13.0. Instead the more general <a href='https://developer.mozilla.org/docs/Web/API/DOMError'><code>DOMError</code></a> interface is used and returned by <a href='https://developer.mozilla.org/docs/Web/API/FileReader'><code>FileReader.error</code></a>."
          },
          "ie": {
            "version_added": false
          },
          "opera": {
            "version_added": true,
            "version_removed": "40"
          },
          "opera_android": {
            "version_added": true,
            "version_removed": "41"
          },
          "safari": {
            "version_added": false
          },
          "safari_ios": {
            "version_added": false
          },
          "samsunginternet_android": {
            "version_added": true
          },
          "webview_android": {
            "version_added": true,
            "version_removed": "53",
            "prefix": "webkit"
          }
        },
        "status": {
          "experimental": false,
          "standard_track": false,
          "deprecated": true
        }
      }
    }
  }
}
