{
  "api": {
    "FocusEvent": {
      "__compat": {
        "mdn_url": "https://developer.mozilla.org/docs/Web/API/FocusEvent",
        "support": {
          "chrome": {
            "version_added": true
          },
          "chrome_android": {
            "version_added": true
          },
          "edge": {
            "version_added": true
          },
          "edge_mobile": {
            "version_added": true
          },
          "firefox": {
            "version_added": "24"
          },
          "firefox_android": {
            "version_added": "24"
          },
          "ie": {
            "version_added": "9"
          },
          "opera": {
            "version_added": true
          },
          "opera_android": {
            "version_added": true
          },
          "safari": {
            "version_added": true
          },
          "safari_ios": {
            "version_added": true
          },
          "samsunginternet_android": {
            "version_added": true
          },
          "webview_android": {
            "version_added": true
          }
        },
        "status": {
          "experimental": true,
          "standard_track": true,
          "deprecated": false
        }
      },
      "FocusEvent": {
        "__compat": {
          "mdn_url": "https://developer.mozilla.org/docs/Web/API/FocusEvent/FocusEvent",
          "description": "<code>FocusEvent()</code> constructor",
          "support": {
            "chrome": {
              "version_added": true
            },
            "chrome_android": {
              "version_added": true
            },
            "edge": {
              "version_added": true
            },
            "edge_mobile": {
              "version_added": true
            },
            "firefox": {
              "version_added": "24"
            },
            "firefox_android": {
              "version_added": "24"
            },
            "ie": {
              "version_added": false
            },
            "opera": {
              "version_added": true
            },
            "opera_android": {
              "version_added": true
            },
            "safari": {
              "version_added": true
            },
            "safari_ios": {
              "version_added": true
            },
            "samsunginternet_android": {
              "version_added": null
            },
            "webview_android": {
              "version_added": true
            }
          },
          "status": {
            "experimental": true,
            "standard_track": true,
            "deprecated": false
          }
        }
      },
      "relatedTarget": {
        "__compat": {
          "mdn_url": "https://developer.mozilla.org/docs/Web/API/FocusEvent/relatedTarget",
          "support": {
            "chrome": {
              "version_added": true
            },
            "chrome_android": {
              "version_added": true
            },
            "edge": {
              "version_added": "12"
            },
            "edge_mobile": {
              "version_added": true
            },
            "firefox": {
              "version_added": "48"
            },
            "firefox_android": {
              "version_added": "48"
            },
            "ie": {
              "version_added": "9"
            },
            "opera": {
              "version_added": true
            },
            "opera_android": {
              "version_added": true
            },
            "safari": {
              "version_added": true
            },
            "safari_ios": {
              "version_added": true
            },
            "samsunginternet_android": {
              "version_added": true
            },
            "webview_android": {
              "version_added": true
            }
          },
          "status": {
            "experimental": true,
            "standard_track": true,
            "deprecated": false
          }
        }
      }
    }
  }
}
