{
  "api": {
    "FontFaceSet": {
      "__compat": {
        "mdn_url": "https://developer.mozilla.org/docs/Web/API/FontFaceSet",
        "support": {
          "chrome": {
            "version_added": "35"
          },
          "chrome_android": {
            "version_added": "35"
          },
          "edge": {
            "version_added": null
          },
          "edge_mobile": {
            "version_added": null
          },
          "firefox": {
            "version_added": "41"
          },
          "firefox_android": {
            "version_added": "41"
          },
          "ie": {
            "version_added": null
          },
          "opera": {
            "version_added": null
          },
          "opera_android": {
            "version_added": null
          },
          "safari": {
            "version_added": "10"
          },
          "safari_ios": {
            "version_added": "10"
          },
          "webview_android": {
            "version_added": "37"
          }
        },
        "status": {
          "experimental": true,
          "standard_track": true,
          "deprecated": false
        }
      },
      "add": {
        "__compat": {
          "mdn_url": "https://developer.mozilla.org/docs/Web/API/FontFaceSet/add",
          "support": {
            "chrome": {
              "version_added": "48"
            },
            "chrome_android": {
              "version_added": "48"
            },
            "edge": {
              "version_added": null
            },
            "edge_mobile": {
              "version_added": null
            },
            "firefox": {
              "version_added": true
            },
            "firefox_android": {
              "version_added": true
            },
            "ie": {
              "version_added": null
            },
            "opera": {
              "version_added": "35"
            },
            "opera_android": {
              "version_added": "35"
            },
            "safari": {
              "version_added": "10"
            },
            "safari_ios": {
              "version_added": true
            },
            "webview_android": {
              "version_added": "48"
            }
          },
          "status": {
            "experimental": true,
            "standard_track": true,
            "deprecated": false
          }
        }
      },
      "check": {
        "__compat": {
          "mdn_url": "https://developer.mozilla.org/docs/Web/API/FontFaceSet/check",
          "support": {
            "chrome": {
              "version_added": "35"
            },
            "chrome_android": {
              "version_added": "35"
            },
            "edge": {
              "version_added": null
            },
            "edge_mobile": {
              "version_added": null
            },
            "firefox": {
              "version_added": "41"
            },
            "firefox_android": {
              "version_added": "41"
            },
            "ie": {
              "version_added": null
            },
            "opera": {
              "version_added": null
            },
            "opera_android": {
              "version_added": null
            },
            "safari": {
              "version_added": "10"
            },
            "safari_ios": {
              "version_added": true
            },
            "webview_android": {
              "version_added": "37"
            }
          },
          "status": {
            "experimental": true,
            "standard_track": true,
            "deprecated": false
          }
        }
      },
      "clear": {
        "__compat": {
          "mdn_url": "https://developer.mozilla.org/docs/Web/API/FontFaceSet/clear",
          "support": {
            "chrome": {
              "version_added": "48"
            },
            "chrome_android": {
              "version_added": "48"
            },
            "edge": {
              "version_added": null
            },
            "edge_mobile": {
              "version_added": null
            },
            "firefox": {
              "version_added": true
            },
            "firefox_android": {
              "version_added": true
            },
            "ie": {
              "version_added": null
            },
            "opera": {
              "version_added": "35"
            },
            "opera_android": {
              "version_added": "35"
            },
            "safari": {
              "version_added": "10"
            },
            "safari_ios": {
              "version_added": true
            },
            "webview_android": {
              "version_added": "48"
            }
          },
          "status": {
            "experimental": true,
            "standard_track": true,
            "deprecated": false
          }
        }
      },
      "delete": {
        "__compat": {
          "mdn_url": "https://developer.mozilla.org/docs/Web/API/FontFaceSet/delete",
          "support": {
            "chrome": {
              "version_added": "48"
            },
            "chrome_android": {
              "version_added": "48"
            },
            "edge": {
              "version_added": null
            },
            "edge_mobile": {
              "version_added": null
            },
            "firefox": {
              "version_added": true
            },
            "firefox_android": {
              "version_added": true
            },
            "ie": {
              "version_added": null
            },
            "opera": {
              "version_added": "35"
            },
            "opera_android": {
              "version_added": "35"
            },
            "safari": {
              "version_added": "10"
            },
            "safari_ios": {
              "version_added": true
            },
            "webview_android": {
              "version_added": "48"
            }
          },
          "status": {
            "experimental": true,
            "standard_track": true,
            "deprecated": false
          }
        }
      },
      "load": {
        "__compat": {
          "mdn_url": "https://developer.mozilla.org/docs/Web/API/FontFaceSet/load",
          "support": {
            "chrome": {
              "version_added": "35"
            },
            "chrome_android": {
              "version_added": "35"
            },
            "edge": {
              "version_added": null
            },
            "edge_mobile": {
              "version_added": null
            },
            "firefox": {
              "version_added": "41"
            },
            "firefox_android": {
              "version_added": "41"
            },
            "ie": {
              "version_added": null
            },
            "opera": {
              "version_added": "35"
            },
            "opera_android": {
              "version_added": "35"
            },
            "safari": {
              "version_added": "10"
            },
            "safari_ios": {
              "version_added": true
            },
            "webview_android": {
              "version_added": "37"
            }
          },
          "status": {
            "experimental": true,
            "standard_track": true,
            "deprecated": false
          }
        }
      },
      "onloading": {
        "__compat": {
          "mdn_url": "https://developer.mozilla.org/docs/Web/API/FontFaceSet/onloading",
          "support": {
            "chrome": {
              "version_added": "48"
            },
            "chrome_android": {
              "version_added": "48"
            },
            "edge": {
              "version_added": null
            },
            "edge_mobile": {
              "version_added": null
            },
            "firefox": {
              "version_added": true
            },
            "firefox_android": {
              "version_added": true
            },
            "ie": {
              "version_added": null
            },
            "opera": {
              "version_added": "35"
            },
            "opera_android": {
              "version_added": "35"
            },
            "safari": {
              "version_added": "10"
            },
            "safari_ios": {
              "version_added": true
            },
            "webview_android": {
              "version_added": "48"
            }
          },
          "status": {
            "experimental": true,
            "standard_track": true,
            "deprecated": false
          }
        }
      },
      "onloadingdone": {
        "__compat": {
          "mdn_url": "https://developer.mozilla.org/docs/Web/API/FontFaceSet/onloadingdone",
          "support": {
            "chrome": {
              "version_added": "48"
            },
            "chrome_android": {
              "version_added": "48"
            },
            "edge": {
              "version_added": null
            },
            "edge_mobile": {
              "version_added": null
            },
            "firefox": {
              "version_added": true
            },
            "firefox_android": {
              "version_added": true
            },
            "ie": {
              "version_added": null
            },
            "opera": {
              "version_added": "35"
            },
            "opera_android": {
              "version_added": "35"
            },
            "safari": {
              "version_added": "10"
            },
            "safari_ios": {
              "version_added": true
            },
            "webview_android": {
              "version_added": "48"
            }
          },
          "status": {
            "experimental": true,
            "standard_track": true,
            "deprecated": false
          }
        }
      },
      "onloadingerror": {
        "__compat": {
          "mdn_url": "https://developer.mozilla.org/docs/Web/API/FontFaceSet/onloadingerror",
          "support": {
            "chrome": {
              "version_added": "48"
            },
            "chrome_android": {
              "version_added": "48"
            },
            "edge": {
              "version_added": null
            },
            "edge_mobile": {
              "version_added": null
            },
            "firefox": {
              "version_added": true
            },
            "firefox_android": {
              "version_added": true
            },
            "ie": {
              "version_added": null
            },
            "opera": {
              "version_added": "35"
            },
            "opera_android": {
              "version_added": "35"
            },
            "safari": {
              "version_added": "10"
            },
            "safari_ios": {
              "version_added": true
            },
            "webview_android": {
              "version_added": "48"
            }
          },
          "status": {
            "experimental": true,
            "standard_track": true,
            "deprecated": false
          }
        }
      },
      "ready": {
        "__compat": {
          "mdn_url": "https://developer.mozilla.org/docs/Web/API/FontFaceSet/ready",
          "support": {
            "chrome": {
              "version_added": "35"
            },
            "chrome_android": {
              "version_added": "35"
            },
            "edge": {
              "version_added": null
            },
            "edge_mobile": {
              "version_added": null
            },
            "firefox": {
              "version_added": "41"
            },
            "firefox_android": {
              "version_added": "41"
            },
            "ie": {
              "version_added": null
            },
            "opera": {
              "version_added": "35"
            },
            "opera_android": {
              "version_added": "35"
            },
            "safari": {
              "version_added": "10"
            },
            "safari_ios": {
              "version_added": true
            },
            "webview_android": {
              "version_added": "37"
            }
          },
          "status": {
            "experimental": true,
            "standard_track": true,
            "deprecated": false
          }
        }
      },
      "status": {
        "__compat": {
          "mdn_url": "https://developer.mozilla.org/docs/Web/API/FontFaceSet/status",
          "support": {
            "chrome": {
              "version_added": "48"
            },
            "chrome_android": {
              "version_added": "48"
            },
            "edge": {
              "version_added": null
            },
            "edge_mobile": {
              "version_added": null
            },
            "firefox": {
              "version_added": true
            },
            "firefox_android": {
              "version_added": true
            },
            "ie": {
              "version_added": null
            },
            "opera": {
              "version_added": "35"
            },
            "opera_android": {
              "version_added": "35"
            },
            "safari": {
              "version_added": "10"
            },
            "safari_ios": {
              "version_added": true
            },
            "webview_android": {
              "version_added": "48"
            }
          },
          "status": {
            "experimental": true,
            "standard_track": true,
            "deprecated": false
          }
        }
      },
      "worker_support": {
        "__compat": {
          "description": "Available in workers",
          "support": {
            "chrome": {
              "version_added": "69"
            },
            "chrome_android": {
              "version_added": "69"
            },
            "edge": {
              "version_added": null
            },
            "edge_mobile": {
              "version_added": null
            },
            "firefox": {
              "version_added": null
            },
            "firefox_android": {
              "version_added": null
            },
            "ie": {
              "version_added": null
            },
            "opera": {
              "version_added": null
            },
            "opera_android": {
              "version_added": null
            },
            "safari": {
              "version_added": null
            },
            "safari_ios": {
              "version_added": null
            },
            "webview_android": {
              "version_added": "69"
            }
          },
          "status": {
            "experimental": true,
            "standard_track": true,
            "deprecated": false
          }
        }
      }
    }
  }
}
