{
  "api": {
    "FontFace": {
      "__compat": {
        "mdn_url": "https://developer.mozilla.org/docs/Web/API/FontFace",
        "support": {
          "chrome": {
            "version_added": "35"
          },
          "chrome_android": {
            "version_added": "35"
          },
          "edge": {
            "version_added": null
          },
          "edge_mobile": {
            "version_added": null
          },
          "firefox": {
            "version_added": "41"
          },
          "firefox_android": {
            "version_added": "41"
          },
          "ie": {
            "version_added": null
          },
          "opera": {
            "version_added": "22"
          },
          "opera_android": {
            "version_added": "22"
          },
          "safari": {
            "version_added": "10"
          },
          "safari_ios": {
            "version_added": "10"
          },
          "webview_android": {
            "version_added": "37"
          }
        },
        "status": {
          "experimental": false,
          "standard_track": true,
          "deprecated": false
        }
      },
      "FontFace": {
        "__compat": {
          "mdn_url": "https://developer.mozilla.org/docs/Web/API/FontFace/FontFace",
          "description": "<code>FontFace()</code> constructor",
          "support": {
            "chrome": {
              "version_added": "35"
            },
            "chrome_android": {
              "version_added": "35"
            },
            "edge": {
              "version_added": null
            },
            "edge_mobile": {
              "version_added": null
            },
            "firefox": {
              "version_added": "41"
            },
            "firefox_android": {
              "version_added": "41"
            },
            "ie": {
              "version_added": null
            },
            "opera": {
              "version_added": "22"
            },
            "opera_android": {
              "version_added": "22"
            },
            "safari": {
              "version_added": "10"
            },
            "safari_ios": {
              "version_added": "10"
            },
            "webview_android": {
              "version_added": "37"
            }
          },
          "status": {
            "experimental": false,
            "standard_track": true,
            "deprecated": false
          }
        }
      },
      "display": {
        "__compat": {
          "mdn_url": "https://developer.mozilla.org/docs/Web/API/FontFace/display",
          "support": {
            "chrome": {
              "version_added": "60"
            },
            "chrome_android": {
              "version_added": "60"
            },
            "edge": {
              "version_added": null
            },
            "edge_mobile": {
              "version_added": null
            },
            "firefox": {
              "version_added": "58"
            },
            "firefox_android": {
              "version_added": false
            },
            "ie": {
              "version_added": null
            },
            "opera": {
              "version_added": "47"
            },
            "opera_android": {
              "version_added": "44"
            },
            "safari": {
              "version_added": "11"
            },
            "safari_ios": {
              "version_added": false
            },
            "webview_android": {
              "version_added": "60"
            }
          },
          "status": {
            "experimental": true,
            "standard_track": true,
            "deprecated": false
          }
        }
      },
      "featureSettings": {
        "__compat": {
          "mdn_url": "https://developer.mozilla.org/docs/Web/API/FontFace/featureSettings",
          "support": {
            "chrome": {
              "version_added": "35"
            },
            "chrome_android": {
              "version_added": "35"
            },
            "edge": {
              "version_added": null
            },
            "edge_mobile": {
              "version_added": null
            },
            "firefox": {
              "version_added": true
            },
            "firefox_android": {
              "version_added": true
            },
            "ie": {
              "version_added": null
            },
            "opera": {
              "version_added": true
            },
            "opera_android": {
              "version_added": true
            },
            "safari": {
              "version_added": "10"
            },
            "safari_ios": {
              "version_added": true
            },
            "webview_android": {
              "version_added": "37"
            }
          },
          "status": {
            "experimental": true,
            "standard_track": true,
            "deprecated": false
          }
        }
      },
      "family": {
        "__compat": {
          "mdn_url": "https://developer.mozilla.org/docs/Web/API/FontFace/family",
          "support": {
            "chrome": {
              "version_added": "35"
            },
            "chrome_android": {
              "version_added": "35"
            },
            "edge": {
              "version_added": null
            },
            "edge_mobile": {
              "version_added": null
            },
            "firefox": {
              "version_added": true
            },
            "firefox_android": {
              "version_added": true
            },
            "ie": {
              "version_added": null
            },
            "opera": {
              "version_added": true
            },
            "opera_android": {
              "version_added": true
            },
            "safari": {
              "version_added": "10"
            },
            "safari_ios": {
              "version_added": true
            },
            "webview_android": {
              "version_added": "37"
            }
          },
          "status": {
            "experimental": true,
            "standard_track": true,
            "deprecated": false
          }
        }
      },
      "load": {
        "__compat": {
          "mdn_url": "https://developer.mozilla.org/docs/Web/API/FontFace/load",
          "support": {
            "chrome": [
              {
                "version_added": "45"
              },
              {
                "version_added": "35",
                "version_removed": "45",
                "partial_implementation": true,
                "notes": "Before Chrome 45, the returned promise resolved with void instead of a <code>FontFace</code> object as required by the specification."
              }
            ],
            "chrome_android": [
              {
                "version_added": "45"
              },
              {
                "version_added": "35",
                "version_removed": "45",
                "partial_implementation": true,
                "notes": "Before Chrome 45, the returned promise resolved with void instead of a <code>FontFace</code> object as required by the specification."
              }
            ],
            "edge": {
              "version_added": null
            },
            "edge_mobile": {
              "version_added": null
            },
            "firefox": {
              "version_added": true
            },
            "firefox_android": {
              "version_added": true
            },
            "ie": {
              "version_added": null
            },
            "opera": {
              "version_added": true
            },
            "opera_android": {
              "version_added": true
            },
            "safari": {
              "version_added": "10"
            },
            "safari_ios": {
              "version_added": true
            },
            "webview_android": [
              {
                "version_added": "45"
              },
              {
                "version_added": "37",
                "version_removed": "45",
                "partial_implementation": true,
                "notes": "Before WebView 45, the returned promise resolved with void instead of a <code>FontFace</code> object as required by the specification."
              }
            ]
          },
          "status": {
            "experimental": true,
            "standard_track": true,
            "deprecated": false
          }
        }
      },
      "loaded": {
        "__compat": {
          "mdn_url": "https://developer.mozilla.org/docs/Web/API/FontFace/loaded",
          "support": {
            "chrome": [
              {
                "version_added": "45"
              },
              {
                "version_added": "35",
                "version_removed": "45",
                "partial_implementation": true,
                "notes": "Before Chrome 45, the returned promise resolved with void instead of a <code>FontFace</code> object as required by the specification."
              }
            ],
            "chrome_android": [
              {
                "version_added": "45"
              },
              {
                "version_added": "35",
                "version_removed": "45",
                "partial_implementation": true,
                "notes": "Before Chrome 45, the returned promise resolved with void instead of a <code>FontFace</code> object as required by the specification."
              }
            ],
            "edge": {
              "version_added": null
            },
            "edge_mobile": {
              "version_added": null
            },
            "firefox": {
              "version_added": true
            },
            "firefox_android": {
              "version_added": true
            },
            "ie": {
              "version_added": null
            },
            "opera": {
              "version_added": true
            },
            "opera_android": {
              "version_added": true
            },
            "safari": {
              "version_added": "10"
            },
            "safari_ios": {
              "version_added": true
            },
            "webview_android": [
              {
                "version_added": "45"
              },
              {
                "version_added": "37",
                "version_removed": "45",
                "partial_implementation": true,
                "notes": "Before WebView 45, the returned promise resolved with void instead of a <code>FontFace</code> object as required by the specification."
              }
            ]
          },
          "status": {
            "experimental": true,
            "standard_track": true,
            "deprecated": false
          }
        }
      },
      "status": {
        "__compat": {
          "mdn_url": "https://developer.mozilla.org/docs/Web/API/FontFace/status",
          "support": {
            "chrome": {
              "version_added": "35"
            },
            "chrome_android": {
              "version_added": "35"
            },
            "edge": {
              "version_added": null
            },
            "edge_mobile": {
              "version_added": null
            },
            "firefox": {
              "version_added": true
            },
            "firefox_android": {
              "version_added": true
            },
            "ie": {
              "version_added": null
            },
            "opera": {
              "version_added": true
            },
            "opera_android": {
              "version_added": true
            },
            "safari": {
              "version_added": "10"
            },
            "safari_ios": {
              "version_added": true
            },
            "webview_android": {
              "version_added": "37"
            }
          },
          "status": {
            "experimental": true,
            "standard_track": true,
            "deprecated": false
          }
        }
      },
      "stretch": {
        "__compat": {
          "mdn_url": "https://developer.mozilla.org/docs/Web/API/FontFace/stretch",
          "support": {
            "chrome": {
              "version_added": "35"
            },
            "chrome_android": {
              "version_added": "35"
            },
            "edge": {
              "version_added": null
            },
            "edge_mobile": {
              "version_added": null
            },
            "firefox": {
              "version_added": true
            },
            "firefox_android": {
              "version_added": true
            },
            "ie": {
              "version_added": null
            },
            "opera": {
              "version_added": true
            },
            "opera_android": {
              "version_added": true
            },
            "safari": {
              "version_added": "10"
            },
            "safari_ios": {
              "version_added": true
            },
            "webview_android": {
              "version_added": "37"
            }
          },
          "status": {
            "experimental": true,
            "standard_track": true,
            "deprecated": false
          }
        }
      },
      "style": {
        "__compat": {
          "mdn_url": "https://developer.mozilla.org/docs/Web/API/FontFace/style",
          "support": {
            "chrome": {
              "version_added": "35"
            },
            "chrome_android": {
              "version_added": "35"
            },
            "edge": {
              "version_added": null
            },
            "edge_mobile": {
              "version_added": null
            },
            "firefox": {
              "version_added": true
            },
            "firefox_android": {
              "version_added": true
            },
            "ie": {
              "version_added": null
            },
            "opera": {
              "version_added": true
            },
            "opera_android": {
              "version_added": true
            },
            "safari": {
              "version_added": "10"
            },
            "safari_ios": {
              "version_added": true
            },
            "webview_android": {
              "version_added": "37"
            }
          },
          "status": {
            "experimental": true,
            "standard_track": true,
            "deprecated": false
          }
        }
      },
      "unicodeRange": {
        "__compat": {
          "mdn_url": "https://developer.mozilla.org/docs/Web/API/FontFace/unicodeRange",
          "support": {
            "chrome": {
              "version_added": "35"
            },
            "chrome_android": {
              "version_added": "35"
            },
            "edge": {
              "version_added": null
            },
            "edge_mobile": {
              "version_added": null
            },
            "firefox": {
              "version_added": true
            },
            "firefox_android": {
              "version_added": true
            },
            "ie": {
              "version_added": null
            },
            "opera": {
              "version_added": true
            },
            "opera_android": {
              "version_added": true
            },
            "safari": {
              "version_added": "10"
            },
            "safari_ios": {
              "version_added": true
            },
            "webview_android": {
              "version_added": "37"
            }
          },
          "status": {
            "experimental": true,
            "standard_track": true,
            "deprecated": false
          }
        }
      },
      "variant": {
        "__compat": {
          "mdn_url": "https://developer.mozilla.org/docs/Web/API/FontFace/variant",
          "support": {
            "chrome": {
              "version_added": "35"
            },
            "chrome_android": {
              "version_added": "35"
            },
            "edge": {
              "version_added": null
            },
            "edge_mobile": {
              "version_added": null
            },
            "firefox": {
              "version_added": true
            },
            "firefox_android": {
              "version_added": true
            },
            "ie": {
              "version_added": null
            },
            "opera": {
              "version_added": true
            },
            "opera_android": {
              "version_added": true
            },
            "safari": {
              "version_added": "10"
            },
            "safari_ios": {
              "version_added": true
            },
            "webview_android": {
              "version_added": "37"
            }
          },
          "status": {
            "experimental": true,
            "standard_track": true,
            "deprecated": false
          }
        }
      },
      "weight": {
        "__compat": {
          "mdn_url": "https://developer.mozilla.org/docs/Web/API/FontFace/weight",
          "support": {
            "chrome": {
              "version_added": "35"
            },
            "chrome_android": {
              "version_added": "35"
            },
            "edge": {
              "version_added": null
            },
            "edge_mobile": {
              "version_added": null
            },
            "firefox": {
              "version_added": true
            },
            "firefox_android": {
              "version_added": true
            },
            "ie": {
              "version_added": null
            },
            "opera": {
              "version_added": true
            },
            "opera_android": {
              "version_added": true
            },
            "safari": {
              "version_added": "10"
            },
            "safari_ios": {
              "version_added": true
            },
            "webview_android": {
              "version_added": "37"
            }
          },
          "status": {
            "experimental": true,
            "standard_track": true,
            "deprecated": false
          }
        }
      },
      "worker_support": {
        "__compat": {
          "description": "Available in workers",
          "support": {
            "chrome": {
              "version_added": "69"
            },
            "chrome_android": {
              "version_added": "69"
            },
            "edge": {
              "version_added": null
            },
            "edge_mobile": {
              "version_added": null
            },
            "firefox": {
              "version_added": null
            },
            "firefox_android": {
              "version_added": null
            },
            "ie": {
              "version_added": null
            },
            "opera": {
              "version_added": null
            },
            "opera_android": {
              "version_added": null
            },
            "safari": {
              "version_added": null
            },
            "safari_ios": {
              "version_added": null
            },
            "webview_android": {
              "version_added": "69"
            }
          },
          "status": {
            "experimental": false,
            "standard_track": true,
            "deprecated": false
          }
        }
      }
    }
  }
}
