{
  "api": {
    "GestureEvent": {
      "__compat": {
        "mdn_url": "https://developer.mozilla.org/docs/Web/API/GestureEvent",
        "support": {
          "chrome": {
            "version_added": false
          },
          "chrome_android": {
            "version_added": false
          },
          "edge": {
            "version_added": null
          },
          "edge_mobile": {
            "version_added": null
          },
          "firefox": {
            "version_added": false
          },
          "firefox_android": {
            "version_added": false
          },
          "ie": {
            "version_added": false
          },
          "opera": {
            "version_added": false
          },
          "opera_android": {
            "version_added": false
          },
          "safari": {
            "version_added": "9"
          },
          "safari_ios": {
            "version_added": "2"
          },
          "samsunginternet_android": {
            "version_added": null
          },
          "webview_android": {
            "version_added": false
          }
        },
        "status": {
          "experimental": false,
          "standard_track": false,
          "deprecated": false
        }
      },
      "GestureEvent": {
        "__compat": {
          "mdn_url": "https://developer.mozilla.org/docs/Web/API/GestureEvent/GestureEvent",
          "support": {
            "chrome": {
              "version_added": false
            },
            "chrome_android": {
              "version_added": false
            },
            "edge": {
              "version_added": null
            },
            "edge_mobile": {
              "version_added": null
            },
            "firefox": {
              "version_added": false
            },
            "firefox_android": {
              "version_added": false
            },
            "ie": {
              "version_added": false
            },
            "opera": {
              "version_added": false
            },
            "opera_android": {
              "version_added": false
            },
            "safari": {
              "version_added": "9"
            },
            "safari_ios": {
              "version_added": "2"
            },
            "samsunginternet_android": {
              "version_added": null
            },
            "webview_android": {
              "version_added": false
            }
          },
          "status": {
            "experimental": false,
            "standard_track": false,
            "deprecated": false
          }
        }
      },
      "initGestureEvent": {
        "__compat": {
          "mdn_url": "https://developer.mozilla.org/docs/Web/API/GestureEvent/initGestureEvent",
          "support": {
            "chrome": {
              "version_added": false
            },
            "chrome_android": {
              "version_added": false
            },
            "edge": {
              "version_added": null
            },
            "edge_mobile": {
              "version_added": null
            },
            "firefox": {
              "version_added": false
            },
            "firefox_android": {
              "version_added": false
            },
            "ie": {
              "version_added": false
            },
            "opera": {
              "version_added": false
            },
            "opera_android": {
              "version_added": false
            },
            "safari": {
              "version_added": "9"
            },
            "safari_ios": {
              "version_added": "2"
            },
            "samsunginternet_android": {
              "version_added": null
            },
            "webview_android": {
              "version_added": false
            }
          },
          "status": {
            "experimental": false,
            "standard_track": false,
            "deprecated": false
          }
        }
      },
      "rotation": {
        "__compat": {
          "mdn_url": "https://developer.mozilla.org/docs/Web/API/GestureEvent/rotation",
          "support": {
            "chrome": {
              "version_added": false
            },
            "chrome_android": {
              "version_added": false
            },
            "edge": {
              "version_added": null
            },
            "edge_mobile": {
              "version_added": null
            },
            "firefox": {
              "version_added": false
            },
            "firefox_android": {
              "version_added": false
            },
            "ie": {
              "version_added": false
            },
            "opera": {
              "version_added": false
            },
            "opera_android": {
              "version_added": false
            },
            "safari": {
              "version_added": "9"
            },
            "safari_ios": {
              "version_added": "2"
            },
            "samsunginternet_android": {
              "version_added": null
            },
            "webview_android": {
              "version_added": false
            }
          },
          "status": {
            "experimental": false,
            "standard_track": false,
            "deprecated": false
          }
        }
      },
      "scale": {
        "__compat": {
          "mdn_url": "https://developer.mozilla.org/docs/Web/API/GestureEvent/scale",
          "support": {
            "chrome": {
              "version_added": false
            },
            "chrome_android": {
              "version_added": false
            },
            "edge": {
              "version_added": null
            },
            "edge_mobile": {
              "version_added": null
            },
            "firefox": {
              "version_added": false
            },
            "firefox_android": {
              "version_added": false
            },
            "ie": {
              "version_added": false
            },
            "opera": {
              "version_added": false
            },
            "opera_android": {
              "version_added": false
            },
            "safari": {
              "version_added": "9"
            },
            "safari_ios": {
              "version_added": "2"
            },
            "samsunginternet_android": {
              "version_added": null
            },
            "webview_android": {
              "version_added": false
            }
          },
          "status": {
            "experimental": false,
            "standard_track": false,
            "deprecated": false
          }
        }
      }
    }
  }
}
