{
  "api": {
    "HashChangeEvent": {
      "__compat": {
        "mdn_url": "https://developer.mozilla.org/docs/Web/API/HashChangeEvent",
        "support": {
          "chrome": {
            "version_added": "5"
          },
          "chrome_android": {
            "version_added": true
          },
          "edge": {
            "version_added": true
          },
          "edge_mobile": {
            "version_added": true
          },
          "firefox": {
            "version_added": "3.6"
          },
          "firefox_android": {
            "version_added": "4"
          },
          "ie": {
            "version_added": "8"
          },
          "opera": {
            "version_added": "10.6"
          },
          "opera_android": {
            "version_added": "11"
          },
          "safari": {
            "version_added": "5"
          },
          "safari_ios": {
            "version_added": "5"
          },
          "webview_android": {
            "version_added": true
          }
        },
        "status": {
          "experimental": false,
          "standard_track": true,
          "deprecated": false
        }
      },
      "oldURL": {
        "__compat": {
          "mdn_url": "https://developer.mozilla.org/docs/Web/API/HashChangeEvent/oldURL",
          "support": {
            "chrome": {
              "version_added": true
            },
            "chrome_android": {
              "version_added": true
            },
            "edge": {
              "version_added": "12"
            },
            "edge_mobile": {
              "version_added": null
            },
            "firefox": {
              "version_added": "6"
            },
            "firefox_android": {
              "version_added": true
            },
            "ie": {
              "version_added": false
            },
            "opera": {
              "version_added": true
            },
            "opera_android": {
              "version_added": true
            },
            "safari": {
              "version_added": true
            },
            "safari_ios": {
              "version_added": true
            },
            "samsunginternet_android": {
              "version_added": true
            },
            "webview_android": {
              "version_added": true
            }
          },
          "status": {
            "experimental": false,
            "standard_track": true,
            "deprecated": false
          }
        }
      },
      "newURL": {
        "__compat": {
          "mdn_url": "https://developer.mozilla.org/docs/Web/API/HashChangeEvent/newURL",
          "support": {
            "chrome": {
              "version_added": true
            },
            "chrome_android": {
              "version_added": true
            },
            "edge": {
              "version_added": "12"
            },
            "edge_mobile": {
              "version_added": null
            },
            "firefox": {
              "version_added": "6"
            },
            "firefox_android": {
              "version_added": true
            },
            "ie": {
              "version_added": false
            },
            "opera": {
              "version_added": true
            },
            "opera_android": {
              "version_added": true
            },
            "safari": {
              "version_added": true
            },
            "safari_ios": {
              "version_added": true
            },
            "samsunginternet_android": {
              "version_added": true
            },
            "webview_android": {
              "version_added": true
            }
          },
          "status": {
            "experimental": false,
            "standard_track": true,
            "deprecated": false
          }
        }
      }
    }
  }
}
