{
  "api": {
    "HTMLTextAreaElement": {
      "__compat": {
        "mdn_url": "https://developer.mozilla.org/docs/Web/API/HTMLTextAreaElement",
        "support": {
          "chrome": {
            "version_added": true
          },
          "chrome_android": {
            "version_added": true
          },
          "edge": {
            "version_added": true
          },
          "edge_mobile": {
            "version_added": true
          },
          "firefox": {
            "version_added": true
          },
          "firefox_android": {
            "version_added": true
          },
          "ie": {
            "version_added": null
          },
          "opera": {
            "version_added": true
          },
          "opera_android": {
            "version_added": true
          },
          "safari": {
            "version_added": true
          },
          "safari_ios": {
            "version_added": true
          },
          "webview_android": {
            "version_added": true
          }
        },
        "status": {
          "experimental": false,
          "standard_track": true,
          "deprecated": false
        }
      },
      "autocapitalize": {
        "__compat": {
          "mdn_url": "https://developer.mozilla.org/docs/Web/API/HTMLTextAreaElement/autocapitalize",
          "support": {
            "chrome": {
              "version_added": "43"
            },
            "chrome_android": {
              "version_added": "43"
            },
            "edge": {
              "version_added": false
            },
            "edge_mobile": {
              "version_added": false
            },
            "firefox": {
              "version_added": null
            },
            "firefox_android": {
              "version_added": null
            },
            "ie": {
              "version_added": null
            },
            "opera": {
              "version_added": null
            },
            "opera_android": {
              "version_added": null
            },
            "safari": {
              "version_added": null
            },
            "safari_ios": {
              "version_added": null
            },
            "webview_android": {
              "version_added": false
            }
          },
          "status": {
            "experimental": false,
            "standard_track": true,
            "deprecated": false
          }
        }
      },
      "autocomplete": {
        "__compat": {
          "mdn_url": "https://developer.mozilla.org/docs/Web/API/HTMLTextAreaElement/autocomplete",
          "support": {
            "chrome": {
              "version_added": "66"
            },
            "chrome_android": {
              "version_added": "66"
            },
            "edge": {
              "version_added": null
            },
            "edge_mobile": {
              "version_added": null
            },
            "firefox": {
              "version_added": true
            },
            "firefox_android": {
              "version_added": true
            },
            "ie": {
              "version_added": null
            },
            "opera": {
              "version_added": true
            },
            "opera_android": {
              "version_added": true
            },
            "safari": {
              "version_added": true
            },
            "safari_ios": {
              "version_added": true
            },
            "webview_android": {
              "version_added": "66"
            }
          },
          "status": {
            "experimental": false,
            "standard_track": true,
            "deprecated": false
          }
        }
      },
      "reportValidity": {
        "__compat": {
          "mdn_url": "https://developer.mozilla.org/docs/Web/API/HTMLButtonElement/reportValidity",
          "support": {
            "chrome": {
              "version_added": "40"
            },
            "chrome_android": {
              "version_added": "40"
            },
            "edge": {
              "version_added": "17"
            },
            "edge_mobile": {
              "version_added": null
            },
            "firefox": {
              "version_added": "49"
            },
            "firefox_android": {
              "version_added": "64"
            },
            "ie": {
              "version_added": false
            },
            "opera": {
              "version_added": "27"
            },
            "opera_android": {
              "version_added": "27"
            },
            "safari": {
              "version_added": "10"
            },
            "safari_ios": {
              "version_added": "10"
            },
            "samsunginternet_android": {
              "version_added": "4.0"
            },
            "webview_android": {
              "version_added": "40"
            }
          },
          "status": {
            "experimental": false,
            "standard_track": true,
            "deprecated": false
          }
        }
      },
      "textLength": {
        "__compat": {
          "mdn_url": "https://developer.mozilla.org/docs/Web/API/HTMLTextAreaElement/textLength",
          "support": {
            "chrome": {
              "version_added": "47"
            },
            "chrome_android": {
              "version_added": true
            },
            "edge": {
              "version_added": "17"
            },
            "edge_mobile": {
              "version_added": false
            },
            "firefox": {
              "version_added": "28"
            },
            "firefox_android": {
              "version_added": true
            },
            "ie": {
              "version_added": false
            },
            "opera": {
              "version_added": "30"
            },
            "opera_android": {
              "version_added": true
            },
            "safari": {
              "version_added": "9"
            },
            "safari_ios": {
              "version_added": true
            },
            "webview_android": {
              "version_added": true
            }
          },
          "status": {
            "experimental": false,
            "standard_track": true,
            "deprecated": false
          }
        }
      },
      "labels": {
        "__compat": {
          "mdn_url": "https://developer.mozilla.org/docs/Web/API/HTMLTextAreaElement/labels",
          "support": {
            "chrome": {
              "version_added": "14"
            },
            "chrome_android": {
              "version_added": true
            },
            "edge": {
              "version_added": "18"
            },
            "edge_mobile": {
              "version_added": false
            },
            "firefox": {
              "version_added": "56"
            },
            "firefox_android": {
              "version_added": "56"
            },
            "ie": {
              "version_added": false
            },
            "opera": {
              "version_added": true
            },
            "opera_android": {
              "version_added": true
            },
            "safari": {
              "version_added": true
            },
            "safari_ios": {
              "version_added": true
            },
            "webview_android": {
              "version_added": true
            }
          },
          "status": {
            "experimental": false,
            "standard_track": true,
            "deprecated": false
          }
        }
      }
    }
  }
}
