{
  "api": {
    "HTMLAllCollection": {
      "__compat": {
        "mdn_url": "https://developer.mozilla.org/docs/Web/API/HTMLAllCollection",
        "support": {
          "chrome": {
            "version_added": true
          },
          "chrome_android": {
            "version_added": true
          },
          "edge": {
            "version_added": true
          },
          "edge_mobile": {
            "version_added": null
          },
          "firefox": {
            "version_added": true
          },
          "firefox_android": {
            "version_added": true
          },
          "ie": {
            "version_added": null
          },
          "opera": {
            "version_added": true
          },
          "opera_android": {
            "version_added": true
          },
          "safari": {
            "version_added": true
          },
          "safari_ios": {
            "version_added": true
          },
          "webview_android": {
            "version_added": true
          }
        },
        "status": {
          "experimental": false,
          "standard_track": true,
          "deprecated": false
        }
      },
      "length": {
        "__compat": {
          "mdn_url": "https://developer.mozilla.org/docs/Web/API/HTMLAllCollection/length",
          "support": {
            "chrome": {
              "version_added": "44"
            },
            "chrome_android": {
              "version_added": "44"
            },
            "edge": {
              "version_added": "14"
            },
            "edge_mobile": {
              "version_added": null
            },
            "firefox": {
              "version_added": true
            },
            "firefox_android": {
              "version_added": true
            },
            "ie": {
              "version_added": null
            },
            "opera": {
              "version_added": "31"
            },
            "opera_android": {
              "version_added": "32"
            },
            "safari": {
              "version_added": "10"
            },
            "safari_ios": {
              "version_added": true
            },
            "webview_android": {
              "version_added": "44"
            }
          },
          "status": {
            "experimental": false,
            "standard_track": true,
            "deprecated": false
          }
        }
      },
      "item": {
        "__compat": {
          "mdn_url": "https://developer.mozilla.org/docs/Web/API/HTMLAllCollection/item",
          "support": {
            "chrome": {
              "version_added": true
            },
            "chrome_android": {
              "version_added": true
            },
            "edge": {
              "version_added": "14"
            },
            "edge_mobile": {
              "version_added": null
            },
            "firefox": {
              "version_added": true
            },
            "firefox_android": {
              "version_added": true
            },
            "ie": {
              "version_added": null
            },
            "opera": {
              "version_added": true
            },
            "opera_android": {
              "version_added": true
            },
            "safari": {
              "version_added": "6"
            },
            "safari_ios": {
              "version_added": true
            },
            "webview_android": {
              "version_added": true
            }
          },
          "status": {
            "experimental": false,
            "standard_track": true,
            "deprecated": false
          }
        }
      },
      "namedItem": {
        "__compat": {
          "mdn_url": "https://developer.mozilla.org/docs/Web/API/HTMLAllCollection/namedItem",
          "support": {
            "chrome": {
              "version_added": true
            },
            "chrome_android": {
              "version_added": true
            },
            "edge": {
              "version_added": "14"
            },
            "edge_mobile": {
              "version_added": null
            },
            "firefox": {
              "version_added": true
            },
            "firefox_android": {
              "version_added": true
            },
            "ie": {
              "version_added": null
            },
            "opera": {
              "version_added": true
            },
            "opera_android": {
              "version_added": true
            },
            "safari": {
              "version_added": "6"
            },
            "safari_ios": {
              "version_added": true
            },
            "webview_android": {
              "version_added": true
            }
          },
          "status": {
            "experimental": false,
            "standard_track": true,
            "deprecated": false
          }
        }
      }
    }
  }
}
