{
  "api": {
    "HTMLMeterElement": {
      "__compat": {
        "mdn_url": "https://developer.mozilla.org/docs/Web/API/HTMLMeterElement",
        "support": {
          "chrome": {
            "version_added": "6"
          },
          "edge": {
            "version_added": true
          },
          "edge_mobile": {
            "version_added": true
          },
          "firefox": {
            "version_added": "16"
          },
          "firefox_android": {
            "version_added": "16"
          },
          "ie": {
            "version_added": "10"
          },
          "opera": {
            "version_added": "11"
          },
          "opera_android": {
            "version_added": "11"
          },
          "safari": {
            "version_added": "5"
          }
        },
        "status": {
          "experimental": false,
          "standard_track": true,
          "deprecated": false
        }
      },
      "high": {
        "__compat": {
          "mdn_url": "https://developer.mozilla.org/docs/Web/API/HTMLMeterElement/high",
          "support": {
            "chrome": {
              "version_added": "6"
            },
            "edge": {
              "version_added": "13"
            },
            "edge_mobile": {
              "version_added": true
            },
            "firefox": {
              "version_added": "16"
            },
            "firefox_android": {
              "version_added": "16"
            },
            "ie": {
              "version_added": "10"
            },
            "opera": {
              "version_added": "11"
            },
            "opera_android": {
              "version_added": "11"
            },
            "safari": {
              "version_added": "5"
            }
          },
          "status": {
            "experimental": false,
            "standard_track": true,
            "deprecated": false
          }
        }
      },
      "low": {
        "__compat": {
          "mdn_url": "https://developer.mozilla.org/docs/Web/API/HTMLMeterElement/low",
          "support": {
            "chrome": {
              "version_added": "6"
            },
            "edge": {
              "version_added": "13"
            },
            "edge_mobile": {
              "version_added": true
            },
            "firefox": {
              "version_added": "16"
            },
            "firefox_android": {
              "version_added": "16"
            },
            "ie": {
              "version_added": "10"
            },
            "opera": {
              "version_added": "11"
            },
            "opera_android": {
              "version_added": "11"
            },
            "safari": {
              "version_added": "5"
            }
          },
          "status": {
            "experimental": false,
            "standard_track": true,
            "deprecated": false
          }
        }
      },
      "max": {
        "__compat": {
          "mdn_url": "https://developer.mozilla.org/docs/Web/API/HTMLMeterElement/max",
          "support": {
            "chrome": {
              "version_added": "6"
            },
            "edge": {
              "version_added": "13"
            },
            "edge_mobile": {
              "version_added": true
            },
            "firefox": {
              "version_added": "16"
            },
            "firefox_android": {
              "version_added": "16"
            },
            "ie": {
              "version_added": "10"
            },
            "opera": {
              "version_added": "11"
            },
            "opera_android": {
              "version_added": "11"
            },
            "safari": {
              "version_added": "5"
            }
          },
          "status": {
            "experimental": false,
            "standard_track": true,
            "deprecated": false
          }
        }
      },
      "min": {
        "__compat": {
          "mdn_url": "https://developer.mozilla.org/docs/Web/API/HTMLMeterElement/min",
          "support": {
            "chrome": {
              "version_added": "6"
            },
            "edge": {
              "version_added": "13"
            },
            "edge_mobile": {
              "version_added": true
            },
            "firefox": {
              "version_added": "16"
            },
            "firefox_android": {
              "version_added": "16"
            },
            "ie": {
              "version_added": "10"
            },
            "opera": {
              "version_added": "11"
            },
            "opera_android": {
              "version_added": "11"
            },
            "safari": {
              "version_added": "5"
            }
          },
          "status": {
            "experimental": false,
            "standard_track": true,
            "deprecated": false
          }
        }
      },
      "optimum": {
        "__compat": {
          "mdn_url": "https://developer.mozilla.org/docs/Web/API/HTMLMeterElement/optimum",
          "support": {
            "chrome": {
              "version_added": "6"
            },
            "edge": {
              "version_added": "13"
            },
            "edge_mobile": {
              "version_added": true
            },
            "firefox": {
              "version_added": "16"
            },
            "firefox_android": {
              "version_added": "16"
            },
            "ie": {
              "version_added": "10"
            },
            "opera": {
              "version_added": "11"
            },
            "opera_android": {
              "version_added": "11"
            },
            "safari": {
              "version_added": "5"
            }
          },
          "status": {
            "experimental": false,
            "standard_track": true,
            "deprecated": false
          }
        }
      },
      "value": {
        "__compat": {
          "mdn_url": "https://developer.mozilla.org/docs/Web/API/HTMLMeterElement/value",
          "support": {
            "chrome": {
              "version_added": "6"
            },
            "edge": {
              "version_added": "13"
            },
            "edge_mobile": {
              "version_added": true
            },
            "firefox": {
              "version_added": "16"
            },
            "firefox_android": {
              "version_added": "16"
            },
            "ie": {
              "version_added": "10"
            },
            "opera": {
              "version_added": "11"
            },
            "opera_android": {
              "version_added": "11"
            },
            "safari": {
              "version_added": "5"
            }
          },
          "status": {
            "experimental": false,
            "standard_track": true,
            "deprecated": false
          }
        }
      },
      "labels": {
        "__compat": {
          "mdn_url": "https://developer.mozilla.org/docs/Web/API/HTMLMeterElement/labels",
          "support": {
            "chrome": {
              "version_added": true
            },
            "edge": {
              "version_added": "18"
            },
            "edge_mobile": {
              "version_added": false
            },
            "firefox": {
              "version_added": "56"
            },
            "firefox_android": {
              "version_added": "56"
            },
            "ie": {
              "version_added": null
            },
            "opera": {
              "version_added": true
            },
            "safari": {
              "version_added": true
            }
          },
          "status": {
            "experimental": false,
            "standard_track": true,
            "deprecated": false
          }
        }
      }
    }
  }
}
