{
  "api": {
    "HTMLElement": {
      "__compat": {
        "mdn_url": "https://developer.mozilla.org/docs/Web/API/HTMLElement",
        "support": {
          "chrome": {
            "version_added": "1"
          },
          "chrome_android": {
            "version_added": "18"
          },
          "edge": {
            "version_added": true
          },
          "edge_mobile": {
            "version_added": true
          },
          "firefox": {
            "version_added": "1"
          },
          "firefox_android": {
            "version_added": "4"
          },
          "ie": {
            "version_added": null
          },
          "opera": {
            "version_added": true
          },
          "opera_android": {
            "version_added": true
          },
          "safari": {
            "version_added": true
          },
          "safari_ios": {
            "version_added": true
          },
          "webview_android": {
            "version_added": true
          }
        },
        "status": {
          "experimental": false,
          "standard_track": true,
          "deprecated": false
        }
      },
      "accessKey": {
        "__compat": {
          "mdn_url": "https://developer.mozilla.org/docs/Web/API/HTMLElement/accessKey",
          "support": {
            "chrome": {
              "version_added": "17"
            },
            "chrome_android": {
              "version_added": "18"
            },
            "edge": {
              "version_added": "12"
            },
            "edge_mobile": {
              "version_added": true
            },
            "firefox": {
              "version_added": "5"
            },
            "firefox_android": {
              "version_added": "5"
            },
            "ie": {
              "version_added": null
            },
            "opera": {
              "version_added": true
            },
            "opera_android": {
              "version_added": true
            },
            "safari": {
              "version_added": "6"
            },
            "safari_ios": {
              "version_added": true
            },
            "webview_android": {
              "version_added": "4.4"
            }
          },
          "status": {
            "experimental": false,
            "standard_track": true,
            "deprecated": false
          }
        }
      },
      "accessKeyLabel": {
        "__compat": {
          "mdn_url": "https://developer.mozilla.org/docs/Web/API/HTMLElement/accessKeyLabel",
          "support": {
            "chrome": {
              "version_added": false
            },
            "chrome_android": {
              "version_added": false
            },
            "edge": {
              "version_added": false
            },
            "edge_mobile": {
              "version_added": false
            },
            "firefox": {
              "version_added": "8"
            },
            "firefox_android": {
              "version_added": "8"
            },
            "ie": {
              "version_added": null
            },
            "opera": {
              "version_added": null
            },
            "opera_android": {
              "version_added": null
            },
            "safari": {
              "version_added": null
            },
            "safari_ios": {
              "version_added": null
            },
            "webview_android": {
              "version_added": false
            }
          },
          "status": {
            "experimental": false,
            "standard_track": true,
            "deprecated": false
          }
        }
      },
      "animationcancel_event": {
        "__compat": {
          "description": "<code>animationcancel</code> event",
          "mdn_url": "https://developer.mozilla.org/docs/Web/API/HTMLElement/animationcancel_event",
          "support": {
            "chrome": {
              "version_added": false
            },
            "chrome_android": {
              "version_added": false
            },
            "edge": {
              "version_added": null
            },
            "edge_mobile": {
              "version_added": null
            },
            "firefox": {
              "version_added": "54"
            },
            "firefox_android": {
              "version_added": "54"
            },
            "ie": {
              "version_added": null
            },
            "opera": {
              "version_added": false
            },
            "opera_android": {
              "version_added": false
            },
            "safari": {
              "version_added": null
            },
            "safari_ios": {
              "version_added": null
            },
            "webview_android": {
              "version_added": false
            }
          },
          "status": {
            "experimental": false,
            "standard_track": true,
            "deprecated": false
          }
        }
      },
      "animationend_event": {
        "__compat": {
          "description": "<code>animationend</code> event",
          "mdn_url": "https://developer.mozilla.org/docs/Web/API/HTMLElement/animationend_event",
          "support": {
            "chrome": {
              "version_added": "43"
            },
            "chrome_android": {
              "version_added": "43"
            },
            "edge": {
              "version_added": null
            },
            "edge_mobile": {
              "version_added": null
            },
            "firefox": {
              "version_added": true
            },
            "firefox_android": {
              "version_added": true
            },
            "ie": {
              "version_added": null
            },
            "opera": {
              "version_added": "30"
            },
            "opera_android": {
              "version_added": "30"
            },
            "safari": {
              "version_added": null
            },
            "safari_ios": {
              "version_added": null
            },
            "samsunginternet_android": {
              "version_added": null
            },
            "webview_android": {
              "version_added": "43"
            }
          },
          "status": {
            "experimental": false,
            "standard_track": true,
            "deprecated": false
          }
        }
      },
      "animationiteration_event": {
        "__compat": {
          "description": "<code>animationiteration</code> event",
          "mdn_url": "https://developer.mozilla.org/docs/Web/API/HTMLElement/animationiteration_event",
          "support": {
            "chrome": {
              "version_added": "43"
            },
            "chrome_android": {
              "version_added": "43"
            },
            "edge": {
              "version_added": null
            },
            "edge_mobile": {
              "version_added": null
            },
            "firefox": {
              "version_added": "51"
            },
            "firefox_android": {
              "version_added": "51"
            },
            "ie": {
              "version_added": null
            },
            "opera": {
              "version_added": "30"
            },
            "opera_android": {
              "version_added": "30"
            },
            "safari": {
              "version_added": null
            },
            "safari_ios": {
              "version_added": null
            },
            "samsunginternet_android": {
              "version_added": null
            },
            "webview_android": {
              "version_added": "43"
            }
          },
          "status": {
            "experimental": false,
            "standard_track": true,
            "deprecated": false
          }
        }
      },
      "animationstart_event": {
        "__compat": {
          "description": "<code>animationstart</code> event",
          "mdn_url": "https://developer.mozilla.org/docs/Web/API/HTMLElement/animationstart_event",
          "support": {
            "chrome": {
              "version_added": "43"
            },
            "chrome_android": {
              "version_added": "43"
            },
            "edge": {
              "version_added": null
            },
            "edge_mobile": {
              "version_added": null
            },
            "firefox": {
              "version_added": "51"
            },
            "firefox_android": {
              "version_added": "51"
            },
            "ie": {
              "version_added": null
            },
            "opera": {
              "version_added": "30"
            },
            "opera_android": {
              "version_added": "30"
            },
            "safari": {
              "version_added": null
            },
            "safari_ios": {
              "version_added": null
            },
            "samsunginternet_android": {
              "version_added": null
            },
            "webview_android": {
              "version_added": "43"
            }
          },
          "status": {
            "experimental": false,
            "standard_track": true,
            "deprecated": false
          }
        }
      },
      "autoCapitalize": {
        "__compat": {
          "mdn_url": "https://developer.mozilla.org/docs/Web/API/HTMLElement/autoCapitalize",
          "support": {
            "chrome": {
              "version_added": "66"
            },
            "chrome_android": {
              "version_added": "66"
            },
            "edge": {
              "version_added": null
            },
            "edge_mobile": {
              "version_added": null
            },
            "firefox": {
              "version_added": null
            },
            "firefox_android": {
              "version_added": null
            },
            "ie": {
              "version_added": null
            },
            "opera": {
              "version_added": null
            },
            "opera_android": {
              "version_added": null
            },
            "safari": {
              "version_added": null
            },
            "safari_ios": {
              "version_added": null
            },
            "webview_android": {
              "version_added": "66"
            }
          },
          "status": {
            "experimental": false,
            "standard_track": true,
            "deprecated": false
          }
        }
      },
      "beforeinput_event": {
        "__compat": {
          "mdn_url": "https://developer.mozilla.org/docs/Web/API/HTMLElement/beforeinput_event",
          "description": "<code>beforeinput</code> event",
          "support": {
            "chrome": {
              "version_added": true
            },
            "chrome_android": {
              "version_added": true
            },
            "edge": {
              "version_added": false
            },
            "edge_mobile": {
              "version_added": false
            },
            "firefox": {
              "version_added": false
            },
            "firefox_android": {
              "version_added": false
            },
            "ie": {
              "version_added": false
            },
            "opera": {
              "version_added": true
            },
            "opera_android": {
              "version_added": true
            },
            "safari": {
              "version_added": true
            },
            "safari_ios": {
              "version_added": true
            },
            "samsunginternet_android": {
              "version_added": true
            },
            "webview_android": {
              "version_added": true
            }
          },
          "status": {
            "experimental": true,
            "standard_track": true,
            "deprecated": false
          }
        }
      },
      "blur": {
        "__compat": {
          "mdn_url": "https://developer.mozilla.org/docs/Web/API/HTMLElement/blur",
          "support": {
            "chrome": {
              "version_added": "1"
            },
            "chrome_android": {
              "version_added": "18"
            },
            "edge": {
              "version_added": "12"
            },
            "edge_mobile": {
              "version_added": true
            },
            "firefox": {
              "version_added": "5"
            },
            "firefox_android": {
              "version_added": "5"
            },
            "ie": {
              "version_added": "9"
            },
            "opera": {
              "version_added": true
            },
            "opera_android": {
              "version_added": true
            },
            "safari": {
              "version_added": "10"
            },
            "safari_ios": {
              "version_added": true
            },
            "webview_android": {
              "version_added": "4.4"
            }
          },
          "status": {
            "experimental": false,
            "standard_track": true,
            "deprecated": false
          }
        }
      },
      "click": {
        "__compat": {
          "mdn_url": "https://developer.mozilla.org/docs/Web/API/HTMLElement/click",
          "support": {
            "chrome": {
              "version_added": "9",
              "notes": "Before Chrome 19, <code>click</code> is only defined on buttons and inputs."
            },
            "chrome_android": {
              "version_added": "18",
              "notes": "Before Chrome 19, <code>click</code> is only defined on buttons and inputs."
            },
            "edge": {
              "version_added": "12"
            },
            "edge_mobile": {
              "version_added": true
            },
            "firefox": {
              "version_added": "3",
              "notes": "Before Firefox 5, <code>click</code> is only defined on buttons and inputs, and has no effect on text and file inputs."
            },
            "firefox_android": {
              "version_added": "5"
            },
            "ie": {
              "version_added": true
            },
            "opera": {
              "version_added": true
            },
            "opera_android": {
              "version_added": true
            },
            "safari": {
              "version_added": "6",
              "notes": "Before Safari 6, <code>click</code> is only defined on buttons and inputs."
            },
            "safari_ios": {
              "version_added": true,
              "notes": "Before Safari 6, <code>click</code> is only defined on buttons and inputs."
            },
            "webview_android": {
              "version_added": true,
              "notes": "Before Android WebView 4.4, <code>click</code> is only defined on buttons and inputs."
            }
          },
          "status": {
            "experimental": false,
            "standard_track": true,
            "deprecated": false
          }
        }
      },
      "contentEditable": {
        "__compat": {
          "mdn_url": "https://developer.mozilla.org/docs/Web/API/HTMLElement/contentEditable",
          "support": {
            "chrome": {
              "version_added": "1"
            },
            "chrome_android": {
              "version_added": "18"
            },
            "edge": {
              "version_added": "12"
            },
            "edge_mobile": {
              "version_added": true
            },
            "firefox": {
              "version_added": "3"
            },
            "firefox_android": {
              "version_added": "4"
            },
            "ie": {
              "version_added": "5.5"
            },
            "opera": {
              "version_added": "9"
            },
            "opera_android": {
              "version_added": true
            },
            "safari": {
              "version_added": "6"
            },
            "safari_ios": {
              "version_added": true
            },
            "webview_android": {
              "version_added": "4.4"
            }
          },
          "status": {
            "experimental": false,
            "standard_track": true,
            "deprecated": false
          }
        }
      },
      "contextMenu": {
        "__compat": {
          "mdn_url": "https://developer.mozilla.org/docs/Web/API/HTMLElement/contextMenu",
          "support": {
            "chrome": {
              "version_added": "45",
              "version_removed": "61"
            },
            "chrome_android": {
              "version_added": "45",
              "version_removed": "61"
            },
            "edge": {
              "version_added": true
            },
            "edge_mobile": {
              "version_added": true
            },
            "firefox": {
              "version_added": "1"
            },
            "firefox_android": {
              "version_added": "4"
            },
            "ie": {
              "version_added": null
            },
            "opera": {
              "version_added": null
            },
            "opera_android": {
              "version_added": null
            },
            "safari": {
              "version_added": null
            },
            "safari_ios": {
              "version_added": null
            },
            "webview_android": {
              "version_added": "45",
              "version_removed": "61"
            }
          },
          "status": {
            "experimental": false,
            "standard_track": false,
            "deprecated": true
          }
        }
      },
      "dataset": {
        "__compat": {
          "mdn_url": "https://developer.mozilla.org/docs/Web/API/HTMLElement/dataset",
          "support": {
            "chrome": {
              "version_added": "8"
            },
            "chrome_android": {
              "version_added": "18"
            },
            "edge": {
              "version_added": "12"
            },
            "edge_mobile": {
              "version_added": true
            },
            "firefox": {
              "version_added": "6"
            },
            "firefox_android": {
              "version_added": "6"
            },
            "ie": {
              "version_added": "11"
            },
            "opera": {
              "version_added": "11"
            },
            "opera_android": {
              "version_added": true
            },
            "safari": {
              "version_added": "10"
            },
            "safari_ios": {
              "version_added": true
            },
            "webview_android": {
              "version_added": "4.4"
            }
          },
          "status": {
            "experimental": false,
            "standard_track": true,
            "deprecated": false
          }
        }
      },
      "dir": {
        "__compat": {
          "mdn_url": "https://developer.mozilla.org/docs/Web/API/HTMLElement/dir",
          "support": {
            "chrome": {
              "version_added": "1"
            },
            "chrome_android": {
              "version_added": "18"
            },
            "edge": {
              "version_added": "12"
            },
            "edge_mobile": {
              "version_added": true
            },
            "firefox": {
              "version_added": "1"
            },
            "firefox_android": {
              "version_added": "4"
            },
            "ie": {
              "version_added": null
            },
            "opera": {
              "version_added": true
            },
            "opera_android": {
              "version_added": true
            },
            "safari": {
              "version_added": "6"
            },
            "safari_ios": {
              "version_added": true
            },
            "webview_android": {
              "version_added": "4.4"
            }
          },
          "status": {
            "experimental": false,
            "standard_track": true,
            "deprecated": false
          }
        }
      },
      "draggable": {
        "__compat": {
          "mdn_url": "https://developer.mozilla.org/docs/Web/API/HTMLElement/draggable",
          "support": {
            "chrome": {
              "version_added": "7"
            },
            "chrome_android": {
              "version_added": "18"
            },
            "edge": {
              "version_added": "12"
            },
            "edge_mobile": {
              "version_added": true
            },
            "firefox": {
              "version_added": "2"
            },
            "firefox_android": {
              "version_added": "4"
            },
            "ie": {
              "version_added": true
            },
            "opera": {
              "version_added": "12"
            },
            "opera_android": {
              "version_added": true
            },
            "safari": {
              "version_added": "6"
            },
            "safari_ios": {
              "version_added": true
            },
            "webview_android": {
              "version_added": "4.4"
            }
          },
          "status": {
            "experimental": false,
            "standard_track": true,
            "deprecated": false
          }
        }
      },
      "dropzone": {
        "__compat": {
          "mdn_url": "https://developer.mozilla.org/docs/Web/API/HTMLElement/dropzone",
          "support": {
            "chrome": {
              "version_added": "14",
              "version_removed": "59"
            },
            "chrome_android": {
              "version_added": "18",
              "version_removed": "59"
            },
            "edge": {
              "version_added": true
            },
            "edge_mobile": {
              "version_added": true
            },
            "firefox": {
              "version_added": "1"
            },
            "firefox_android": {
              "version_added": "4"
            },
            "ie": {
              "version_added": null
            },
            "opera": {
              "version_added": null
            },
            "opera_android": {
              "version_added": null
            },
            "safari": {
              "version_added": null
            },
            "safari_ios": {
              "version_added": null
            },
            "webview_android": {
              "version_added": "4.4",
              "version_removed": "59"
            }
          },
          "status": {
            "experimental": false,
            "standard_track": true,
            "deprecated": false
          }
        }
      },
      "focus": {
        "__compat": {
          "mdn_url": "https://developer.mozilla.org/docs/Web/API/HTMLElement/focus",
          "support": {
            "chrome": {
              "version_added": "1"
            },
            "chrome_android": {
              "version_added": "18"
            },
            "edge": {
              "version_added": "12"
            },
            "edge_mobile": {
              "version_added": true
            },
            "firefox": {
              "version_added": "5"
            },
            "firefox_android": {
              "version_added": "5"
            },
            "ie": {
              "version_added": "9"
            },
            "opera": {
              "version_added": "32"
            },
            "opera_android": {
              "version_added": "32"
            },
            "safari": {
              "version_added": "10"
            },
            "safari_ios": {
              "version_added": true
            },
            "webview_android": {
              "version_added": "4.4"
            }
          },
          "status": {
            "experimental": false,
            "standard_track": true,
            "deprecated": false
          }
        },
        "preventScroll_option": {
          "__compat": {
            "description": "<code>preventScroll</code> boolean option",
            "support": {
              "chrome": {
                "version_added": "64"
              },
              "chrome_android": {
                "version_added": "64"
              },
              "edge": {
                "version_added": null
              },
              "edge_mobile": {
                "version_added": null
              },
              "firefox": {
                "version_added": null
              },
              "firefox_android": {
                "version_added": null
              },
              "ie": {
                "version_added": null
              },
              "opera": {
                "version_added": "51"
              },
              "opera_android": {
                "version_added": "47"
              },
              "safari": {
                "version_added": null
              },
              "safari_ios": {
                "version_added": null
              },
              "webview_android": {
                "version_added": "64"
              }
            },
            "status": {
              "experimental": false,
              "standard_track": true,
              "deprecated": false
            }
          }
        }
      },
      "forceSpellCheck": {
        "__compat": {
          "mdn_url": "https://developer.mozilla.org/docs/Web/API/HTMLElement/forceSpellCheck",
          "support": {
            "chrome": {
              "version_added": false
            },
            "chrome_android": {
              "version_added": false
            },
            "edge": {
              "version_added": false
            },
            "edge_mobile": {
              "version_added": true
            },
            "firefox": {
              "version_added": false
            },
            "firefox_android": {
              "version_added": "4"
            },
            "ie": {
              "version_added": false
            },
            "opera": {
              "version_added": false
            },
            "opera_android": {
              "version_added": null
            },
            "safari": {
              "version_added": null
            },
            "safari_ios": {
              "version_added": null
            },
            "webview_android": {
              "version_added": false
            }
          },
          "status": {
            "experimental": false,
            "standard_track": false,
            "deprecated": false
          }
        }
      },
      "gotpointercapture_event": {
        "__compat": {
          "description": "<code>gotpointercapture</code> event",
          "mdn_url": "https://developer.mozilla.org/docs/Web/API/HTMLElement/gotpointercapture_event",
          "support": {
            "chrome": {
              "version_added": "57"
            },
            "chrome_android": {
              "version_added": "57"
            },
            "edge": {
              "version_added": null
            },
            "edge_mobile": {
              "version_added": null
            },
            "firefox": {
              "version_added": "59"
            },
            "firefox_android": {
              "version_added": false
            },
            "ie": {
              "version_added": null
            },
            "opera": {
              "version_added": "44"
            },
            "opera_android": {
              "version_added": "43"
            },
            "safari": {
              "version_added": null
            },
            "safari_ios": {
              "version_added": null
            },
            "samsunginternet_android": {
              "version_added": null
            },
            "webview_android": {
              "version_added": "57"
            }
          },
          "status": {
            "experimental": false,
            "standard_track": true,
            "deprecated": false
          }
        }
      },
      "hidden": {
        "__compat": {
          "mdn_url": "https://developer.mozilla.org/docs/Web/API/HTMLElement/hidden",
          "support": {
            "chrome": {
              "version_added": true
            },
            "chrome_android": {
              "version_added": true
            },
            "edge": {
              "version_added": "12"
            },
            "edge_mobile": {
              "version_added": true
            },
            "firefox": {
              "version_added": "1"
            },
            "firefox_android": {
              "version_added": "4"
            },
            "ie": {
              "version_added": null
            },
            "opera": {
              "version_added": true
            },
            "opera_android": {
              "version_added": true
            },
            "safari": {
              "version_added": "6"
            },
            "safari_ios": {
              "version_added": true
            },
            "webview_android": {
              "version_added": true
            }
          },
          "status": {
            "experimental": false,
            "standard_track": true,
            "deprecated": false
          }
        }
      },
      "inert": {
        "__compat": {
          "mdn_url": "https://developer.mozilla.org/docs/Web/API/HTMLElement/inert",
          "support": {
            "chrome": {
              "version_added": "60"
            },
            "chrome_android": {
              "version_added": "60"
            },
            "edge": {
              "version_added": true
            },
            "edge_mobile": {
              "version_added": null
            },
            "firefox": {
              "version_added": null
            },
            "firefox_android": {
              "version_added": null
            },
            "ie": {
              "version_added": null
            },
            "opera": {
              "version_added": "47"
            },
            "opera_android": {
              "version_added": "44"
            },
            "safari": {
              "version_added": null
            },
            "safari_ios": {
              "version_added": null
            },
            "webview_android": {
              "version_added": "60"
            }
          },
          "status": {
            "experimental": false,
            "standard_track": true,
            "deprecated": false
          }
        }
      },
      "innerText": {
        "__compat": {
          "mdn_url": "https://developer.mozilla.org/docs/Web/API/HTMLElement/innerText",
          "support": {
            "chrome": {
              "version_added": "1"
            },
            "chrome_android": {
              "version_added": "18"
            },
            "edge": {
              "version_added": "12"
            },
            "edge_mobile": {
              "version_added": "12"
            },
            "firefox": {
              "version_added": "45"
            },
            "firefox_android": {
              "version_added": "45"
            },
            "ie": {
              "version_added": "10"
            },
            "opera": {
              "version_added": "9.6"
            },
            "opera_android": {
              "version_added": true
            },
            "safari": {
              "version_added": "3"
            },
            "safari_ios": {
              "version_added": "4"
            },
            "samsunginternet_android": {
              "version_added": true
            },
            "webview_android": {
              "version_added": "4.4"
            }
          },
          "status": {
            "experimental": false,
            "standard_track": true,
            "deprecated": false
          }
        }
      },
      "input_event": {
        "__compat": {
          "mdn_url": "https://developer.mozilla.org/docs/Web/API/HTMLElement/input_event",
          "description": "<code>input</code> event",
          "support": {
            "chrome": {
              "version_added": true
            },
            "chrome_android": {
              "version_added": true
            },
            "edge": {
              "version_added": true,
              "partial_implementation": true,
              "notes": "Not supported on <code>select</code>, <code>checkbox</code>, or <code>radio</code> inputs."
            },
            "edge_mobile": {
              "version_added": true,
              "partial_implementation": true,
              "notes": "Not supported on <code>select</code>, <code>checkbox</code>, or <code>radio</code> inputs."
            },
            "firefox": {
              "version_added": true
            },
            "firefox_android": {
              "version_added": true
            },
            "ie": {
              "version_added": "9",
              "partial_implementation": true,
              "notes": "Only supports <code>input</code> of type <code>text</code> and <code>password</code>."
            },
            "opera": {
              "version_added": true
            },
            "opera_android": {
              "version_added": null
            },
            "safari": {
              "version_added": true
            },
            "safari_ios": {
              "version_added": true
            },
            "samsunginternet_android": {
              "version_added": true
            },
            "webview_android": {
              "version_added": true
            }
          },
          "status": {
            "experimental": false,
            "standard_track": true,
            "deprecated": false
          }
        }
      },
      "inputMode": {
        "__compat": {
          "mdn_url": "https://developer.mozilla.org/docs/Web/API/HTMLElement/inputMode",
          "support": {
            "chrome": {
              "version_added": "66"
            },
            "chrome_android": {
              "version_added": "66"
            },
            "edge": {
              "version_added": null
            },
            "edge_mobile": {
              "version_added": null
            },
            "firefox": {
              "version_added": null
            },
            "firefox_android": {
              "version_added": null
            },
            "ie": {
              "version_added": null
            },
            "opera": {
              "version_added": true
            },
            "opera_android": {
              "version_added": true
            },
            "safari": {
              "version_added": null
            },
            "safari_ios": {
              "version_added": null
            },
            "samsunginternet_android": {
              "version_added": true
            },
            "webview_android": {
              "version_added": "66"
            }
          },
          "status": {
            "experimental": false,
            "standard_track": true,
            "deprecated": false
          }
        }
      },
      "isContentEditable": {
        "__compat": {
          "mdn_url": "https://developer.mozilla.org/docs/Web/API/HTMLElement/isContentEditable",
          "support": {
            "chrome": {
              "version_added": "1"
            },
            "chrome_android": {
              "version_added": "18"
            },
            "edge": {
              "version_added": "12"
            },
            "edge_mobile": {
              "version_added": true
            },
            "firefox": {
              "version_added": "1"
            },
            "firefox_android": {
              "version_added": "4"
            },
            "ie": {
              "version_added": null
            },
            "opera": {
              "version_added": true
            },
            "opera_android": {
              "version_added": true
            },
            "safari": {
              "version_added": "6"
            },
            "safari_ios": {
              "version_added": true
            },
            "webview_android": {
              "version_added": "4.4"
            }
          },
          "status": {
            "experimental": false,
            "standard_track": true,
            "deprecated": false
          }
        }
      },
      "itemId": {
        "__compat": {
          "mdn_url": "https://developer.mozilla.org/docs/Web/API/HTMLElement/itemId",
          "support": {
            "chrome": {
              "version_added": "17",
              "version_removed": "28"
            },
            "chrome_android": {
              "version_added": "18",
              "version_removed": "28"
            },
            "edge": {
              "version_added": false
            },
            "edge_mobile": {
              "version_added": true
            },
            "firefox": {
              "version_added": "6"
            },
            "firefox_android": {
              "version_added": "4"
            },
            "ie": {
              "version_added": false
            },
            "opera": {
              "version_added": "11",
              "version_removed": "15"
            },
            "opera_android": {
              "version_added": null
            },
            "safari": {
              "version_added": null
            },
            "safari_ios": {
              "version_added": null
            },
            "webview_android": {
              "version_added": false
            }
          },
          "status": {
            "experimental": true,
            "standard_track": true,
            "deprecated": false
          }
        }
      },
      "itemProp": {
        "__compat": {
          "mdn_url": "https://developer.mozilla.org/docs/Web/API/HTMLElement/itemProp",
          "support": {
            "chrome": {
              "version_added": "17",
              "version_removed": "28"
            },
            "chrome_android": {
              "version_added": "18",
              "version_removed": "28"
            },
            "edge": {
              "version_added": false
            },
            "edge_mobile": {
              "version_added": true
            },
            "firefox": {
              "version_added": "6"
            },
            "firefox_android": {
              "version_added": "4"
            },
            "ie": {
              "version_added": false
            },
            "opera": {
              "version_added": "11",
              "version_removed": "15"
            },
            "opera_android": {
              "version_added": null
            },
            "safari": {
              "version_added": null
            },
            "safari_ios": {
              "version_added": null
            },
            "webview_android": {
              "version_added": false
            }
          },
          "status": {
            "experimental": true,
            "standard_track": true,
            "deprecated": false
          }
        }
      },
      "itemRef": {
        "__compat": {
          "mdn_url": "https://developer.mozilla.org/docs/Web/API/HTMLElement/itemRef",
          "support": {
            "chrome": {
              "version_added": "17",
              "version_removed": "28"
            },
            "chrome_android": {
              "version_added": "18",
              "version_removed": "28"
            },
            "edge": {
              "version_added": false
            },
            "edge_mobile": {
              "version_added": true
            },
            "firefox": {
              "version_added": "6"
            },
            "firefox_android": {
              "version_added": "4"
            },
            "ie": {
              "version_added": false
            },
            "opera": {
              "version_added": "11",
              "version_removed": "15"
            },
            "opera_android": {
              "version_added": null
            },
            "safari": {
              "version_added": null
            },
            "safari_ios": {
              "version_added": null
            },
            "webview_android": {
              "version_added": false
            }
          },
          "status": {
            "experimental": true,
            "standard_track": true,
            "deprecated": false
          }
        }
      },
      "itemScope": {
        "__compat": {
          "mdn_url": "https://developer.mozilla.org/docs/Web/API/HTMLElement/itemScope",
          "support": {
            "chrome": {
              "version_added": "17",
              "version_removed": "28"
            },
            "chrome_android": {
              "version_added": "18",
              "version_removed": "28"
            },
            "edge": {
              "version_added": false
            },
            "edge_mobile": {
              "version_added": true
            },
            "firefox": {
              "version_added": "6"
            },
            "firefox_android": {
              "version_added": "4"
            },
            "ie": {
              "version_added": false
            },
            "opera": {
              "version_added": "11",
              "version_removed": "15"
            },
            "opera_android": {
              "version_added": null
            },
            "safari": {
              "version_added": null
            },
            "safari_ios": {
              "version_added": null
            },
            "webview_android": {
              "version_added": false
            }
          },
          "status": {
            "experimental": true,
            "standard_track": true,
            "deprecated": false
          }
        }
      },
      "itemType": {
        "__compat": {
          "mdn_url": "https://developer.mozilla.org/docs/Web/API/HTMLElement/itemType",
          "support": {
            "chrome": {
              "version_added": "17",
              "version_removed": "28"
            },
            "chrome_android": {
              "version_added": "18",
              "version_removed": "28"
            },
            "edge": {
              "version_added": false
            },
            "edge_mobile": {
              "version_added": true
            },
            "firefox": {
              "version_added": "6"
            },
            "firefox_android": {
              "version_added": "4"
            },
            "ie": {
              "version_added": false
            },
            "opera": {
              "version_added": "11",
              "version_removed": "15"
            },
            "opera_android": {
              "version_added": null
            },
            "safari": {
              "version_added": null
            },
            "safari_ios": {
              "version_added": null
            },
            "webview_android": {
              "version_added": false
            }
          },
          "status": {
            "experimental": true,
            "standard_track": true,
            "deprecated": false
          }
        }
      },
      "itemValue": {
        "__compat": {
          "mdn_url": "https://developer.mozilla.org/docs/Web/API/HTMLElement/itemValue",
          "support": {
            "chrome": {
              "version_added": "17",
              "version_removed": "28"
            },
            "chrome_android": {
              "version_added": "18",
              "version_removed": "28"
            },
            "edge": {
              "version_added": false
            },
            "edge_mobile": {
              "version_added": true
            },
            "firefox": {
              "version_added": "6"
            },
            "firefox_android": {
              "version_added": "4"
            },
            "ie": {
              "version_added": false
            },
            "opera": {
              "version_added": "11",
              "version_removed": "15"
            },
            "opera_android": {
              "version_added": null
            },
            "safari": {
              "version_added": null
            },
            "safari_ios": {
              "version_added": null
            },
            "webview_android": {
              "version_added": false
            }
          },
          "status": {
            "experimental": false,
            "standard_track": true,
            "deprecated": false
          }
        }
      },
      "lang": {
        "__compat": {
          "mdn_url": "https://developer.mozilla.org/docs/Web/API/HTMLElement/lang",
          "support": {
            "chrome": {
              "version_added": "1"
            },
            "chrome_android": {
              "version_added": "18"
            },
            "edge": {
              "version_added": "12"
            },
            "edge_mobile": {
              "version_added": true
            },
            "firefox": {
              "version_added": "1"
            },
            "firefox_android": {
              "version_added": "4"
            },
            "ie": {
              "version_added": null
            },
            "opera": {
              "version_added": true
            },
            "opera_android": {
              "version_added": true
            },
            "safari": {
              "version_added": "6"
            },
            "safari_ios": {
              "version_added": true
            },
            "webview_android": {
              "version_added": "4.4"
            }
          },
          "status": {
            "experimental": false,
            "standard_track": true,
            "deprecated": false
          }
        }
      },
      "lostpointercapture_event": {
        "__compat": {
          "description": "<code>lostpointercapture</code> event",
          "mdn_url": "https://developer.mozilla.org/docs/Web/API/HTMLElement/lostpointercapture_event",
          "support": {
            "chrome": {
              "version_added": "57"
            },
            "chrome_android": {
              "version_added": "57"
            },
            "edge": {
              "version_added": null
            },
            "edge_mobile": {
              "version_added": null
            },
            "firefox": {
              "version_added": "59"
            },
            "firefox_android": {
              "version_added": false
            },
            "ie": {
              "version_added": null
            },
            "opera": {
              "version_added": "44"
            },
            "opera_android": {
              "version_added": "43"
            },
            "safari": {
              "version_added": null
            },
            "safari_ios": {
              "version_added": null
            },
            "samsunginternet_android": {
              "version_added": null
            },
            "webview_android": {
              "version_added": "57"
            }
          },
          "status": {
            "experimental": false,
            "standard_track": true,
            "deprecated": false
          }
        }
      },
      "noModule": {
        "__compat": {
          "mdn_url": "https://developer.mozilla.org/docs/Web/API/HTMLElement/noModule",
          "support": {
            "chrome": {
              "version_added": "60"
            },
            "chrome_android": {
              "version_added": "60"
            },
            "edge": {
              "version_added": null
            },
            "edge_mobile": {
              "version_added": null
            },
            "firefox": {
              "version_added": null
            },
            "firefox_android": {
              "version_added": null
            },
            "ie": {
              "version_added": false
            },
            "opera": {
              "version_added": "47"
            },
            "opera_android": {
              "version_added": "44"
            },
            "safari": {
              "version_added": null
            },
            "safari_ios": {
              "version_added": null
            },
            "webview_android": {
              "version_added": "60"
            }
          },
          "status": {
            "experimental": false,
            "standard_track": true,
            "deprecated": false
          }
        }
      },
      "nonce": {
        "__compat": {
          "mdn_url": "https://developer.mozilla.org/docs/Web/API/HTMLElement/nonce",
          "support": {
            "chrome": {
              "version_added": "61"
            },
            "chrome_android": {
              "version_added": "61"
            },
            "edge": {
              "version_added": false
            },
            "edge_mobile": {
              "version_added": false
            },
            "firefox": {
              "version_added": false
            },
            "firefox_android": {
              "version_added": false
            },
            "ie": {
              "version_added": false
            },
            "opera": {
              "version_added": true
            },
            "opera_android": {
              "version_added": true
            },
            "safari": {
              "version_added": null
            },
            "safari_ios": {
              "version_added": null
            },
            "webview_android": {
              "version_added": "61"
            }
          },
          "status": {
            "experimental": false,
            "standard_track": true,
            "deprecated": false
          }
        }
      },
      "offsetHeight": {
        "__compat": {
          "mdn_url": "https://developer.mozilla.org/docs/Web/API/HTMLElement/offsetHeight",
          "support": {
            "chrome": {
              "version_added": "47"
            },
            "chrome_android": {
              "version_added": "47"
            },
            "edge": {
              "version_added": "12"
            },
            "edge_mobile": {
              "version_added": true
            },
            "firefox": {
              "version_added": "1"
            },
            "firefox_android": {
              "version_added": "4"
            },
            "ie": {
              "version_added": true
            },
            "opera": {
              "version_added": true
            },
            "opera_android": {
              "version_added": true
            },
            "safari": {
              "version_added": "11"
            },
            "safari_ios": {
              "version_added": true
            },
            "webview_android": {
              "version_added": "47"
            }
          },
          "status": {
            "experimental": true,
            "standard_track": true,
            "deprecated": false
          }
        }
      },
      "offsetLeft": {
        "__compat": {
          "mdn_url": "https://developer.mozilla.org/docs/Web/API/HTMLElement/offsetLeft",
          "support": {
            "chrome": {
              "version_added": "47"
            },
            "chrome_android": {
              "version_added": "47"
            },
            "edge": {
              "version_added": "12"
            },
            "edge_mobile": {
              "version_added": true
            },
            "firefox": {
              "version_added": "1"
            },
            "firefox_android": {
              "version_added": "4"
            },
            "ie": {
              "version_added": true
            },
            "opera": {
              "version_added": true
            },
            "opera_android": {
              "version_added": true
            },
            "safari": {
              "version_added": "11"
            },
            "safari_ios": {
              "version_added": true
            },
            "webview_android": {
              "version_added": "47"
            }
          },
          "status": {
            "experimental": true,
            "standard_track": true,
            "deprecated": false
          }
        }
      },
      "offsetParent": {
        "__compat": {
          "mdn_url": "https://developer.mozilla.org/docs/Web/API/HTMLElement/offsetParent",
          "support": {
            "chrome": {
              "version_added": "47"
            },
            "chrome_android": {
              "version_added": "47"
            },
            "edge": {
              "version_added": "12"
            },
            "edge_mobile": {
              "version_added": true
            },
            "firefox": {
              "version_added": "1"
            },
            "firefox_android": {
              "version_added": "4"
            },
            "ie": {
              "version_added": true
            },
            "opera": {
              "version_added": true
            },
            "opera_android": {
              "version_added": true
            },
            "safari": {
              "version_added": "11"
            },
            "safari_ios": {
              "version_added": true
            },
            "webview_android": {
              "version_added": "47"
            }
          },
          "status": {
            "experimental": true,
            "standard_track": true,
            "deprecated": false
          }
        }
      },
      "offsetTop": {
        "__compat": {
          "mdn_url": "https://developer.mozilla.org/docs/Web/API/HTMLElement/offsetWidth",
          "support": {
            "chrome": {
              "version_added": "47"
            },
            "chrome_android": {
              "version_added": "47"
            },
            "edge": {
              "version_added": "12"
            },
            "edge_mobile": {
              "version_added": true
            },
            "firefox": {
              "version_added": "1"
            },
            "firefox_android": {
              "version_added": "4"
            },
            "ie": {
              "version_added": true
            },
            "opera": {
              "version_added": true
            },
            "opera_android": {
              "version_added": true
            },
            "safari": {
              "version_added": "11"
            },
            "safari_ios": {
              "version_added": true
            },
            "webview_android": {
              "version_added": "47"
            }
          },
          "status": {
            "experimental": true,
            "standard_track": true,
            "deprecated": false
          }
        }
      },
      "offsetWidth": {
        "__compat": {
          "mdn_url": "https://developer.mozilla.org/docs/Web/API/HTMLElement/offsetWidth",
          "support": {
            "chrome": {
              "version_added": "47"
            },
            "chrome_android": {
              "version_added": "47"
            },
            "edge": {
              "version_added": "12"
            },
            "edge_mobile": {
              "version_added": true
            },
            "firefox": {
              "version_added": "1"
            },
            "firefox_android": {
              "version_added": "4"
            },
            "ie": {
              "version_added": true
            },
            "opera": {
              "version_added": true
            },
            "opera_android": {
              "version_added": true
            },
            "safari": {
              "version_added": "11"
            },
            "safari_ios": {
              "version_added": true
            },
            "webview_android": {
              "version_added": "47"
            }
          },
          "status": {
            "experimental": true,
            "standard_track": true,
            "deprecated": false
          }
        }
      },
      "onModule": {
        "__compat": {
          "mdn_url": "https://developer.mozilla.org/docs/Web/API/HTMLElement/onModule",
          "support": {
            "chrome": {
              "version_added": "60"
            },
            "chrome_android": {
              "version_added": "60"
            },
            "edge": {
              "version_added": null
            },
            "edge_mobile": {
              "version_added": null
            },
            "firefox": {
              "version_added": null
            },
            "firefox_android": {
              "version_added": null
            },
            "ie": {
              "version_added": null
            },
            "opera": {
              "version_added": "47"
            },
            "opera_android": {
              "version_added": "44"
            },
            "safari": {
              "version_added": null
            },
            "safari_ios": {
              "version_added": null
            },
            "webview_android": {
              "version_added": "60"
            }
          },
          "status": {
            "experimental": false,
            "standard_track": true,
            "deprecated": false
          }
        }
      },
      "oncopy": {
        "__compat": {
          "mdn_url": "https://developer.mozilla.org/docs/Web/API/HTMLElement/oncopy",
          "support": {
            "chrome": {
              "version_added": "71"
            },
            "chrome_android": {
              "version_added": "71"
            },
            "edge": {
              "version_added": "12"
            },
            "edge_mobile": {
              "version_added": true
            },
            "firefox": {
              "version_added": "3"
            },
            "firefox_android": {
              "version_added": "4"
            },
            "ie": {
              "version_added": null
            },
            "opera": {
              "version_added": true
            },
            "opera_android": {
              "version_added": true
            },
            "safari": {
              "version_added": true
            },
            "safari_ios": {
              "version_added": true
            },
            "webview_android": {
              "version_added": "71"
            }
          },
          "status": {
            "experimental": false,
            "standard_track": false,
            "deprecated": false
          }
        }
      },
      "oncut": {
        "__compat": {
          "mdn_url": "https://developer.mozilla.org/docs/Web/API/HTMLElement/oncut",
          "support": {
            "chrome": {
              "version_added": "71"
            },
            "chrome_android": {
              "version_added": "71"
            },
            "edge": {
              "version_added": "12"
            },
            "edge_mobile": {
              "version_added": true
            },
            "firefox": {
              "version_added": "3"
            },
            "firefox_android": {
              "version_added": "4"
            },
            "ie": {
              "version_added": null
            },
            "opera": {
              "version_added": true
            },
            "opera_android": {
              "version_added": true
            },
            "safari": {
              "version_added": true
            },
            "safari_ios": {
              "version_added": true
            },
            "webview_android": {
              "version_added": "71"
            }
          },
          "status": {
            "experimental": false,
            "standard_track": false,
            "deprecated": false
          }
        }
      },
      "onpaste": {
        "__compat": {
          "mdn_url": "https://developer.mozilla.org/docs/Web/API/HTMLElement/onpaste",
          "support": {
            "chrome": {
              "version_added": "71"
            },
            "chrome_android": {
              "version_added": "71"
            },
            "edge": {
              "version_added": "12"
            },
            "edge_mobile": {
              "version_added": true
            },
            "firefox": {
              "version_added": "3"
            },
            "firefox_android": {
              "version_added": "4"
            },
            "ie": {
              "version_added": null
            },
            "opera": {
              "version_added": true
            },
            "opera_android": {
              "version_added": true
            },
            "safari": {
              "version_added": true
            },
            "safari_ios": {
              "version_added": true
            },
            "webview_android": {
              "version_added": "71"
            }
          },
          "status": {
            "experimental": false,
            "standard_track": false,
            "deprecated": false
          }
        }
      },
      "outerText": {
        "__compat": {
          "mdn_url": "https://developer.mozilla.org/docs/Web/API/HTMLElement/outerText",
          "support": {
            "chrome": {
              "version_added": "43"
            },
            "chrome_android": {
              "version_added": "43"
            },
            "edge": {
              "version_added": "12"
            },
            "edge_mobile": {
              "version_added": true
            },
            "firefox": {
              "version_added": false
            },
            "firefox_android": {
              "version_added": false
            },
            "ie": {
              "version_added": true
            },
            "opera": {
              "version_added": true
            },
            "opera_android": {
              "version_added": true
            },
            "safari": {
              "version_added": "6"
            },
            "safari_ios": {
              "version_added": true
            },
            "webview_android": {
              "version_added": "43"
            }
          },
          "status": {
            "experimental": false,
            "standard_track": false,
            "deprecated": false
          }
        }
      },
      "pointercancel_event": {
        "__compat": {
          "description": "<code>pointercancel</code> event",
          "mdn_url": "https://developer.mozilla.org/docs/Web/API/HTMLElement/pointercancel_event",
          "support": {
            "chrome": {
              "version_added": "55"
            },
            "chrome_android": {
              "version_added": "55"
            },
            "edge": {
              "version_added": true
            },
            "edge_mobile": {
              "version_added": true
            },
            "firefox": [
              {
                "version_added": "59"
              },
              {
                "version_added": "29",
                "flags": [
                  {
                    "type": "preference",
                    "name": "dom.w3c_pointer_events.enabled",
                    "value_to_set": "true"
                  }
                ]
              }
            ],
            "firefox_android": {
              "version_added": "29",
              "flags": [
                {
                  "type": "preference",
                  "name": "dom.w3c_pointer_events.enabled",
                  "value_to_set": "true"
                }
              ]
            },
            "ie": [
              {
                "version_added": "11"
              },
              {
                "version_added": "10",
                "alternative_name": "mspointercancel"
              }
            ],
            "opera": {
              "version_added": null
            },
            "opera_android": {
              "version_added": null
            },
            "safari": {
              "version_added": false
            },
            "safari_ios": {
              "version_added": false
            },
            "samsunginternet_android": {
              "version_added": null
            },
            "webview_android": {
              "version_added": "55"
            }
          },
          "status": {
            "experimental": false,
            "standard_track": true,
            "deprecated": false
          }
        }
      },
      "pointerdown_event": {
        "__compat": {
          "description": "<code>pointerdown</code> event",
          "mdn_url": "https://developer.mozilla.org/docs/Web/API/HTMLElement/pointerdown_event",
          "support": {
            "chrome": {
              "version_added": "55"
            },
            "chrome_android": {
              "version_added": "55"
            },
            "edge": {
              "version_added": true
            },
            "edge_mobile": {
              "version_added": true
            },
            "firefox": [
              {
                "version_added": "59"
              },
              {
                "version_added": "29",
                "flags": [
                  {
                    "type": "preference",
                    "name": "dom.w3c_pointer_events.enabled",
                    "value_to_set": "true"
                  }
                ]
              }
            ],
            "firefox_android": {
              "version_added": "29",
              "flags": [
                {
                  "type": "preference",
                  "name": "dom.w3c_pointer_events.enabled",
                  "value_to_set": "true"
                }
              ]
            },
            "ie": [
              {
                "version_added": "11"
              },
              {
                "version_added": "10",
                "alternative_name": "mspointerdown"
              }
            ],
            "opera": {
              "version_added": null
            },
            "opera_android": {
              "version_added": null
            },
            "safari": {
              "version_added": false
            },
            "safari_ios": {
              "version_added": false
            },
            "samsunginternet_android": {
              "version_added": null
            },
            "webview_android": {
              "version_added": "55"
            }
          },
          "status": {
            "experimental": false,
            "standard_track": true,
            "deprecated": false
          }
        }
      },
      "pointerenter_event": {
        "__compat": {
          "description": "<code>pointerenter</code> event",
          "mdn_url": "https://developer.mozilla.org/docs/Web/API/HTMLElement/pointerenter_event",
          "support": {
            "chrome": {
              "version_added": "55"
            },
            "chrome_android": {
              "version_added": "55"
            },
            "edge": {
              "version_added": true
            },
            "edge_mobile": {
              "version_added": true
            },
            "firefox": [
              {
                "version_added": "59"
              },
              {
                "version_added": "29",
                "flags": [
                  {
                    "type": "preference",
                    "name": "dom.w3c_pointer_events.enabled",
                    "value_to_set": "true"
                  }
                ]
              }
            ],
            "firefox_android": {
              "version_added": "29",
              "flags": [
                {
                  "type": "preference",
                  "name": "dom.w3c_pointer_events.enabled",
                  "value_to_set": "true"
                }
              ]
            },
            "ie": [
              {
                "version_added": "11"
              },
              {
                "version_added": "10",
                "alternative_name": "mspointerenter"
              }
            ],
            "opera": {
              "version_added": null
            },
            "opera_android": {
              "version_added": null
            },
            "safari": {
              "version_added": false
            },
            "safari_ios": {
              "version_added": false
            },
            "samsunginternet_android": {
              "version_added": null
            },
            "webview_android": {
              "version_added": "55"
            }
          },
          "status": {
            "experimental": false,
            "standard_track": true,
            "deprecated": false
          }
        }
      },
      "pointerleave_event": {
        "__compat": {
          "description": "<code>pointerleave</code> event",
          "mdn_url": "https://developer.mozilla.org/docs/Web/API/HTMLElement/pointerleave_event",
          "support": {
            "chrome": {
              "version_added": "55"
            },
            "chrome_android": {
              "version_added": "55"
            },
            "edge": {
              "version_added": true
            },
            "edge_mobile": {
              "version_added": true
            },
            "firefox": [
              {
                "version_added": "59"
              },
              {
                "version_added": "29",
                "flags": [
                  {
                    "type": "preference",
                    "name": "dom.w3c_pointer_events.enabled",
                    "value_to_set": "true"
                  }
                ]
              }
            ],
            "firefox_android": {
              "version_added": "29",
              "flags": [
                {
                  "type": "preference",
                  "name": "dom.w3c_pointer_events.enabled",
                  "value_to_set": "true"
                }
              ]
            },
            "ie": [
              {
                "version_added": "11"
              },
              {
                "version_added": "10",
                "alternative_name": "mspointerleave"
              }
            ],
            "opera": {
              "version_added": null
            },
            "opera_android": {
              "version_added": null
            },
            "safari": {
              "version_added": false
            },
            "safari_ios": {
              "version_added": false
            },
            "samsunginternet_android": {
              "version_added": null
            },
            "webview_android": {
              "version_added": "55"
            }
          },
          "status": {
            "experimental": false,
            "standard_track": true,
            "deprecated": false
          }
        }
      },
      "pointermove_event": {
        "__compat": {
          "description": "<code>pointermove</code> event",
          "mdn_url": "https://developer.mozilla.org/docs/Web/API/HTMLElement/pointermove_event",
          "support": {
            "chrome": {
              "version_added": "55"
            },
            "chrome_android": {
              "version_added": "55"
            },
            "edge": {
              "version_added": true
            },
            "edge_mobile": {
              "version_added": true
            },
            "firefox": [
              {
                "version_added": "59"
              },
              {
                "version_added": "29",
                "flags": [
                  {
                    "type": "preference",
                    "name": "dom.w3c_pointer_events.enabled",
                    "value_to_set": "true"
                  }
                ]
              }
            ],
            "firefox_android": {
              "version_added": "29",
              "flags": [
                {
                  "type": "preference",
                  "name": "dom.w3c_pointer_events.enabled",
                  "value_to_set": "true"
                }
              ]
            },
            "ie": [
              {
                "version_added": "11"
              },
              {
                "version_added": "10",
                "alternative_name": "mspointermove"
              }
            ],
            "opera": {
              "version_added": null
            },
            "opera_android": {
              "version_added": null
            },
            "safari": {
              "version_added": false
            },
            "safari_ios": {
              "version_added": false
            },
            "samsunginternet_android": {
              "version_added": null
            },
            "webview_android": {
              "version_added": "55"
            }
          },
          "status": {
            "experimental": false,
            "standard_track": true,
            "deprecated": false
          }
        }
      },
      "pointerout_event": {
        "__compat": {
          "description": "<code>pointerout</code> event",
          "mdn_url": "https://developer.mozilla.org/docs/Web/API/HTMLElement/pointerout_event",
          "support": {
            "chrome": {
              "version_added": "55"
            },
            "chrome_android": {
              "version_added": "55"
            },
            "edge": {
              "version_added": true
            },
            "edge_mobile": {
              "version_added": true
            },
            "firefox": [
              {
                "version_added": "59"
              },
              {
                "version_added": "29",
                "flags": [
                  {
                    "type": "preference",
                    "name": "dom.w3c_pointer_events.enabled",
                    "value_to_set": "true"
                  }
                ]
              }
            ],
            "firefox_android": {
              "version_added": "29",
              "flags": [
                {
                  "type": "preference",
                  "name": "dom.w3c_pointer_events.enabled",
                  "value_to_set": "true"
                }
              ]
            },
            "ie": [
              {
                "version_added": "11"
              },
              {
                "version_added": "10",
                "alternative_name": "mspointerout"
              }
            ],
            "opera": {
              "version_added": null
            },
            "opera_android": {
              "version_added": null
            },
            "safari": {
              "version_added": false
            },
            "safari_ios": {
              "version_added": false
            },
            "samsunginternet_android": {
              "version_added": null
            },
            "webview_android": {
              "version_added": "55"
            }
          },
          "status": {
            "experimental": false,
            "standard_track": true,
            "deprecated": false
          }
        }
      },
      "pointerover_event": {
        "__compat": {
          "description": "<code>pointerover</code> event",
          "mdn_url": "https://developer.mozilla.org/docs/Web/API/HTMLElement/pointerover_event",
          "support": {
            "chrome": {
              "version_added": "55"
            },
            "chrome_android": {
              "version_added": "55"
            },
            "edge": {
              "version_added": true
            },
            "edge_mobile": {
              "version_added": true
            },
            "firefox": [
              {
                "version_added": "59"
              },
              {
                "version_added": "29",
                "flags": [
                  {
                    "type": "preference",
                    "name": "dom.w3c_pointer_events.enabled",
                    "value_to_set": "true"
                  }
                ]
              }
            ],
            "firefox_android": {
              "version_added": "29",
              "flags": [
                {
                  "type": "preference",
                  "name": "dom.w3c_pointer_events.enabled",
                  "value_to_set": "true"
                }
              ]
            },
            "ie": [
              {
                "version_added": "11"
              },
              {
                "version_added": "10",
                "alternative_name": "mspointerover"
              }
            ],
            "opera": {
              "version_added": null
            },
            "opera_android": {
              "version_added": null
            },
            "safari": {
              "version_added": false
            },
            "safari_ios": {
              "version_added": false
            },
            "samsunginternet_android": {
              "version_added": null
            },
            "webview_android": {
              "version_added": "55"
            }
          },
          "status": {
            "experimental": false,
            "standard_track": true,
            "deprecated": false
          }
        }
      },
      "pointerup_event": {
        "__compat": {
          "description": "<code>pointerup</code> event",
          "mdn_url": "https://developer.mozilla.org/docs/Web/API/HTMLElement/pointerup_event",
          "support": {
            "chrome": {
              "version_added": "55"
            },
            "chrome_android": {
              "version_added": "55"
            },
            "edge": {
              "version_added": true
            },
            "edge_mobile": {
              "version_added": true
            },
            "firefox": [
              {
                "version_added": "59"
              },
              {
                "version_added": "29",
                "flags": [
                  {
                    "type": "preference",
                    "name": "dom.w3c_pointer_events.enabled",
                    "value_to_set": "true"
                  }
                ]
              }
            ],
            "firefox_android": {
              "version_added": "29",
              "flags": [
                {
                  "type": "preference",
                  "name": "dom.w3c_pointer_events.enabled",
                  "value_to_set": "true"
                }
              ]
            },
            "ie": [
              {
                "version_added": "11"
              },
              {
                "version_added": "10",
                "alternative_name": "mspointerup"
              }
            ],
            "opera": {
              "version_added": null
            },
            "opera_android": {
              "version_added": null
            },
            "safari": {
              "version_added": false
            },
            "safari_ios": {
              "version_added": false
            },
            "samsunginternet_android": {
              "version_added": null
            },
            "webview_android": {
              "version_added": "55"
            }
          },
          "status": {
            "experimental": false,
            "standard_track": true,
            "deprecated": false
          }
        }
      },
      "spellcheck": {
        "__compat": {
          "mdn_url": "https://developer.mozilla.org/docs/Web/API/HTMLElement/spellcheck",
          "support": {
            "chrome": {
              "version_added": "43"
            },
            "chrome_android": {
              "version_added": "43"
            },
            "edge": {
              "version_added": "12"
            },
            "edge_mobile": {
              "version_added": true
            },
            "firefox": {
              "version_added": "2"
            },
            "firefox_android": {
              "version_added": "4"
            },
            "ie": {
              "version_added": null
            },
            "opera": {
              "version_added": true
            },
            "opera_android": {
              "version_added": true
            },
            "safari": {
              "version_added": "6"
            },
            "safari_ios": {
              "version_added": true
            },
            "webview_android": {
              "version_added": "43"
            }
          },
          "status": {
            "experimental": false,
            "standard_track": true,
            "deprecated": false
          }
        }
      },
      "style": {
        "__compat": {
          "mdn_url": "https://developer.mozilla.org/docs/Web/API/HTMLElement/style",
          "support": {
            "chrome": {
              "version_added": "45"
            },
            "chrome_android": {
              "version_added": "45"
            },
            "edge": {
              "version_added": "12"
            },
            "edge_mobile": {
              "version_added": true
            },
            "firefox": {
              "version_added": true,
              "notes": "Returns <code>CSS2Properties</code>, rather than <code>CSSStyleDeclaration</code>."
            },
            "firefox_android": {
              "version_added": "4"
            },
            "ie": {
              "version_added": true
            },
            "opera": {
              "version_added": true
            },
            "opera_android": {
              "version_added": true
            },
            "safari": {
              "version_added": "11"
            },
            "safari_ios": {
              "version_added": true
            },
            "webview_android": {
              "version_added": "45"
            }
          },
          "status": {
            "experimental": false,
            "standard_track": true,
            "deprecated": false
          }
        }
      },
      "tabIndex": {
        "__compat": {
          "mdn_url": "https://developer.mozilla.org/docs/Web/API/HTMLElement/tabIndex",
          "support": {
            "chrome": {
              "version_added": "1"
            },
            "chrome_android": {
              "version_added": "18"
            },
            "edge": [
              {
                "version_added": "18"
              },
              {
                "version_added": true,
                "partial_implementation": true,
                "notes": "Returns incorrect value for elements without an explicit tabindex attribute. See <a href='https://developer.microsoft.com/microsoft-edge/platform/issues/4365703/'>issue 4365703</a> for details."
              }
            ],
            "edge_mobile": {
              "version_added": true,
              "partial_implementation": true,
              "notes": "Returns incorrect value for elements without an explicit tabindex attribute. See <a href='https://developer.microsoft.com/microsoft-edge/platform/issues/4365703/'>issue 4365703</a> for details."
            },
            "firefox": {
              "version_added": "1"
            },
            "firefox_android": {
              "version_added": "4"
            },
            "ie": {
              "version_added": "7",
              "partial_implementation": true,
              "notes": "Returns incorrect value for elements without an explicit tabindex attribute. See <a href='https://developer.microsoft.com/microsoft-edge/platform/issues/4365703/'>issue 4365703</a> for details."
            },
            "opera": {
              "version_added": true
            },
            "opera_android": {
              "version_added": true
            },
            "safari": {
              "version_added": "6"
            },
            "safari_ios": {
              "version_added": true
            },
            "webview_android": {
              "version_added": "4.4"
            }
          },
          "status": {
            "experimental": false,
            "standard_track": true,
            "deprecated": false
          }
        }
      },
      "title": {
        "__compat": {
          "mdn_url": "https://developer.mozilla.org/docs/Web/API/HTMLElement/title",
          "support": {
            "chrome": {
              "version_added": "1"
            },
            "chrome_android": {
              "version_added": "18"
            },
            "edge": {
              "version_added": "12"
            },
            "edge_mobile": {
              "version_added": true
            },
            "firefox": {
              "version_added": "1"
            },
            "firefox_android": {
              "version_added": "4"
            },
            "ie": {
              "version_added": null
            },
            "opera": {
              "version_added": true
            },
            "opera_android": {
              "version_added": true
            },
            "safari": {
              "version_added": "6"
            },
            "safari_ios": {
              "version_added": true
            },
            "webview_android": {
              "version_added": "4.4"
            }
          },
          "status": {
            "experimental": false,
            "standard_track": true,
            "deprecated": false
          }
        }
      },
      "transitioncancel_event": {
        "__compat": {
          "description": "<code>transitioncancel</code> event",
          "mdn_url": "https://developer.mozilla.org/docs/Web/API/HTMLElement/transitioncancel_event",
          "support": {
            "chrome": {
              "version_added": "74"
            },
            "chrome_android": {
              "version_added": "74"
            },
            "edge": {
              "version_added": null
            },
            "edge_mobile": {
              "version_added": null
            },
            "firefox": {
              "version_added": "53"
            },
            "firefox_android": {
              "version_added": "53"
            },
            "ie": {
              "version_added": null
            },
            "opera": {
              "version_added": null
            },
            "opera_android": {
              "version_added": null
            },
            "safari": {
              "version_added": null
            },
            "safari_ios": {
              "version_added": null
            },
            "samsunginternet_android": {
              "version_added": null
            },
            "webview_android": {
              "version_added": "74"
            }
          },
          "status": {
            "experimental": false,
            "standard_track": true,
            "deprecated": false
          }
        }
      },
      "transitionend_event": {
        "__compat": {
          "description": "<code>transitionend</code> event",
          "mdn_url": "https://developer.mozilla.org/docs/Web/API/HTMLElement/transitionend_event",
          "support": {
            "chrome": {
              "version_added": "74"
            },
            "chrome_android": {
              "version_added": "74"
            },
            "edge": {
              "version_added": null
            },
            "edge_mobile": {
              "version_added": null
            },
            "firefox": {
              "version_added": "51"
            },
            "firefox_android": {
              "version_added": "51"
            },
            "ie": {
              "version_added": null
            },
            "opera": {
              "version_added": null
            },
            "opera_android": {
              "version_added": null
            },
            "safari": {
              "version_added": true
            },
            "safari_ios": {
              "version_added": true
            },
            "samsunginternet_android": {
              "version_added": null
            },
            "webview_android": {
              "version_added": "74"
            }
          },
          "status": {
            "experimental": false,
            "standard_track": true,
            "deprecated": false
          }
        }
      },
      "transitionrun_event": {
        "__compat": {
          "description": "<code>transitionrun</code> event",
          "mdn_url": "https://developer.mozilla.org/docs/Web/API/HTMLElement/transitionrun_event",
          "support": {
            "chrome": {
              "version_added": "74"
            },
            "chrome_android": {
              "version_added": "74"
            },
            "edge": {
              "version_added": null
            },
            "edge_mobile": {
              "version_added": null
            },
            "firefox": {
              "version_added": "53"
            },
            "firefox_android": {
              "version_added": "53"
            },
            "ie": {
              "version_added": null
            },
            "opera": {
              "version_added": null
            },
            "opera_android": {
              "version_added": null
            },
            "safari": {
              "version_added": null
            },
            "safari_ios": {
              "version_added": null
            },
            "samsunginternet_android": {
              "version_added": null
            },
            "webview_android": {
              "version_added": "74"
            }
          },
          "status": {
            "experimental": false,
            "standard_track": true,
            "deprecated": false
          }
        }
      },
      "transitionstart_event": {
        "__compat": {
          "description": "<code>transitionstart</code> event",
          "mdn_url": "https://developer.mozilla.org/docs/Web/API/HTMLElement/transitionstart_event",
          "support": {
            "chrome": {
              "version_added": "74"
            },
            "chrome_android": {
              "version_added": "74"
            },
            "edge": {
              "version_added": null
            },
            "edge_mobile": {
              "version_added": null
            },
            "firefox": {
              "version_added": "53"
            },
            "firefox_android": {
              "version_added": "53"
            },
            "ie": {
              "version_added": null
            },
            "opera": {
              "version_added": null
            },
            "opera_android": {
              "version_added": null
            },
            "safari": {
              "version_added": null
            },
            "safari_ios": {
              "version_added": null
            },
            "samsunginternet_android": {
              "version_added": null
            },
            "webview_android": {
              "version_added": "74"
            }
          },
          "status": {
            "experimental": false,
            "standard_track": true,
            "deprecated": false
          }
        }
      },
      "translate": {
        "__compat": {
          "mdn_url": "https://developer.mozilla.org/docs/Web/API/HTMLElement/translate",
          "support": {
            "chrome": {
              "version_added": "19"
            },
            "chrome_android": {
              "version_added": "25"
            },
            "edge": {
              "version_added": false
            },
            "edge_mobile": {
              "version_added": true
            },
            "firefox": {
              "version_added": false
            },
            "firefox_android": {
              "version_added": "4"
            },
            "ie": {
              "version_added": false
            },
            "opera": {
              "version_added": false
            },
            "opera_android": {
              "version_added": true
            },
            "safari": {
              "version_added": "6"
            },
            "safari_ios": {
              "version_added": true
            },
            "webview_android": {
              "version_added": "4.4"
            }
          },
          "status": {
            "experimental": true,
            "standard_track": true,
            "deprecated": false
          }
        }
      }
    }
  }
}
