{
  "api": {
    "HTMLLinkElement": {
      "__compat": {
        "mdn_url": "https://developer.mozilla.org/docs/Web/API/HTMLLinkElement",
        "support": {
          "chrome": {
            "version_added": true
          },
          "chrome_android": {
            "version_added": true
          },
          "edge": {
            "version_added": true
          },
          "edge_mobile": {
            "version_added": true
          },
          "firefox": {
            "version_added": "1"
          },
          "firefox_android": {
            "version_added": "4"
          },
          "ie": {
            "version_added": true
          },
          "opera": {
            "version_added": true
          },
          "opera_android": {
            "version_added": true
          },
          "safari": {
            "version_added": true
          },
          "safari_ios": {
            "version_added": true
          },
          "webview_android": {
            "version_added": true
          }
        },
        "status": {
          "experimental": false,
          "standard_track": true,
          "deprecated": false
        }
      },
      "as": {
        "__compat": {
          "mdn_url": "https://developer.mozilla.org/docs/Web/API/HTMLLinkElement/as",
          "support": {
            "chrome": {
              "version_added": "50"
            },
            "chrome_android": {
              "version_added": "50"
            },
            "edge": {
              "version_added": "17"
            },
            "edge_mobile": {
              "version_added": false
            },
            "firefox": {
              "version_added": "56"
            },
            "firefox_android": {
              "version_added": "56"
            },
            "ie": {
              "version_added": true
            },
            "opera": {
              "version_added": "37"
            },
            "opera_android": {
              "version_added": "37"
            },
            "safari": {
              "version_added": true
            },
            "safari_ios": {
              "version_added": true
            },
            "webview_android": {
              "version_added": "50"
            }
          },
          "status": {
            "experimental": true,
            "standard_track": true,
            "deprecated": false
          }
        }
      },
      "crossOrigin": {
        "__compat": {
          "mdn_url": "https://developer.mozilla.org/docs/Web/API/HTMLLinkElement/crossOrigin",
          "support": {
            "chrome": {
              "version_added": true
            },
            "chrome_android": {
              "version_added": true
            },
            "edge": {
              "version_added": "17"
            },
            "edge_mobile": {
              "version_added": false
            },
            "firefox": {
              "version_added": "18"
            },
            "firefox_android": {
              "version_added": "18"
            },
            "ie": {
              "version_added": null
            },
            "opera": {
              "version_added": true
            },
            "opera_android": {
              "version_added": true
            },
            "safari": {
              "version_added": true
            },
            "safari_ios": {
              "version_added": true
            },
            "webview_android": {
              "version_added": true
            }
          },
          "status": {
            "experimental": true,
            "standard_track": true,
            "deprecated": false
          }
        }
      },
      "referrerPolicy": {
        "__compat": {
          "mdn_url": "https://developer.mozilla.org/docs/Web/API/HTMLLinkElement/referrerPolicy",
          "support": {
            "chrome": {
              "version_added": "51"
            },
            "chrome_android": {
              "version_added": "51"
            },
            "edge": {
              "version_added": false
            },
            "edge_mobile": {
              "version_added": false
            },
            "firefox": {
              "version_added": "50"
            },
            "firefox_android": {
              "version_added": "50"
            },
            "ie": {
              "version_added": false
            },
            "opera": {
              "version_added": "38"
            },
            "opera_android": {
              "version_added": "41"
            },
            "safari": {
              "version_added": "11.1"
            },
            "safari_ios": {
              "version_added": false
            },
            "webview_android": {
              "version_added": "51"
            }
          },
          "status": {
            "experimental": false,
            "standard_track": true,
            "deprecated": false
          }
        }
      },
      "rel": {
        "__compat": {
          "mdn_url": "https://developer.mozilla.org/docs/Web/API/HTMLLinkElement/rel",
          "support": {
            "chrome": {
              "version_added": true
            },
            "chrome_android": {
              "version_added": true
            },
            "edge": {
              "version_added": "12"
            },
            "edge_mobile": {
              "version_added": true
            },
            "firefox": {
              "version_added": true
            },
            "firefox_android": {
              "version_added": true
            },
            "ie": {
              "version_added": true
            },
            "opera": {
              "version_added": true
            },
            "opera_android": {
              "version_added": true
            },
            "safari": {
              "version_added": true
            },
            "safari_ios": {
              "version_added": true
            },
            "webview_android": {
              "version_added": true
            }
          },
          "status": {
            "experimental": false,
            "standard_track": true,
            "deprecated": false
          }
        }
      },
      "relList": {
        "__compat": {
          "mdn_url": "https://developer.mozilla.org/docs/Web/API/HTMLLinkElement/relList",
          "support": {
            "chrome": {
              "version_added": "54"
            },
            "chrome_android": {
              "version_added": "54"
            },
            "edge": {
              "version_added": "17"
            },
            "edge_mobile": {
              "version_added": false
            },
            "firefox": {
              "version_added": "30"
            },
            "firefox_android": {
              "version_added": "30"
            },
            "ie": {
              "version_added": null
            },
            "opera": {
              "version_added": true
            },
            "opera_android": {
              "version_added": true
            },
            "safari": {
              "version_added": true
            },
            "safari_ios": {
              "version_added": true
            },
            "webview_android": {
              "version_added": "54"
            }
          },
          "status": {
            "experimental": false,
            "standard_track": true,
            "deprecated": false
          }
        }
      },
      "sizes": {
        "__compat": {
          "mdn_url": "https://developer.mozilla.org/docs/Web/API/HTMLLinkElement/sizes",
          "support": {
            "chrome": {
              "version_added": true,
              "notes": "Before Chrome 50, this property returned the deprecated child <code>DOMSettableTokenList</code> instead of <code>DOMTokenList</code>."
            },
            "chrome_android": {
              "version_added": true,
              "notes": "Before Chrome 50, this property returned the deprecated child <code>DOMSettableTokenList</code> instead of <code>DOMTokenList</code>."
            },
            "edge": {
              "version_added": false
            },
            "edge_mobile": {
              "version_added": false
            },
            "firefox": {
              "version_added": false
            },
            "firefox_android": {
              "version_added": false
            },
            "ie": {
              "version_added": null
            },
            "opera": {
              "version_added": true,
              "notes": "Before Opera 37, this property returned the deprecated child <code>DOMSettableTokenList</code> instead of <code>DOMTokenList</code>."
            },
            "opera_android": {
              "version_added": true,
              "notes": "Before Opera 37, this property returned the deprecated child <code>DOMSettableTokenList</code> instead of <code>DOMTokenList</code>."
            },
            "safari": {
              "version_added": true
            },
            "safari_ios": {
              "version_added": true
            },
            "webview_android": {
              "version_added": true,
              "notes": "Before Chrome 50, this property returned the deprecated child <code>DOMSettableTokenList</code> instead of <code>DOMTokenList</code>."
            }
          },
          "status": {
            "experimental": false,
            "standard_track": true,
            "deprecated": false
          }
        }
      }
    }
  }
}
