{
  "api": {
    "HTMLShadowElement": {
      "__compat": {
        "mdn_url": "https://developer.mozilla.org/docs/Web/API/HTMLShadowElement",
        "support": {
          "chrome": {
            "version_added": "35"
          },
          "chrome_android": {
            "version_added": "35"
          },
          "edge": {
            "version_added": false
          },
          "edge_mobile": {
            "version_added": false
          },
          "firefox": {
            "version_added": "28",
            "version_removed": "58",
            "flags": [
              {
                "type": "preference",
                "name": "dom.webcomponents.enabled",
                "value_to_set": "true"
              }
            ]
          },
          "firefox_android": {
            "version_added": "28",
            "version_removed": "58",
            "flags": [
              {
                "type": "preference",
                "name": "dom.webcomponents.enabled",
                "value_to_set": "true"
              }
            ]
          },
          "ie": {
            "version_added": false
          },
          "opera": {
            "version_added": "26"
          },
          "opera_android": {
            "version_added": null
          },
          "safari": {
            "version_added": false
          },
          "safari_ios": {
            "version_added": false
          },
          "samsunginternet_android": {
            "version_added": true
          },
          "webview_android": {
            "version_added": "37"
          }
        },
        "status": {
          "experimental": false,
          "standard_track": false,
          "deprecated": true
        }
      },
      "getDistributedNodes": {
        "__compat": {
          "mdn_url": "https://developer.mozilla.org/docs/Web/API/HTMLShadowElement/getDistributedNodes",
          "support": {
            "chrome": {
              "version_added": "35"
            },
            "chrome_android": {
              "version_added": "35"
            },
            "edge": {
              "version_added": false
            },
            "edge_mobile": {
              "version_added": false
            },
            "firefox": {
              "version_added": false
            },
            "firefox_android": {
              "version_added": false
            },
            "ie": {
              "version_added": false
            },
            "opera": {
              "version_added": "26"
            },
            "opera_android": {
              "version_added": null
            },
            "safari": {
              "version_added": false
            },
            "safari_ios": {
              "version_added": false
            },
            "samsunginternet_android": {
              "version_added": true
            },
            "webview_android": {
              "version_added": "37"
            }
          },
          "status": {
            "experimental": false,
            "standard_track": false,
            "deprecated": true
          }
        }
      }
    }
  }
}
