{
  "api": {
    "IdleDeadline": {
      "__compat": {
        "mdn_url": "https://developer.mozilla.org/docs/Web/API/IdleDeadline",
        "support": {
          "chrome": {
            "version_added": "47"
          },
          "chrome_android": {
            "version_added": "47"
          },
          "edge": {
            "version_added": false
          },
          "edge_mobile": {
            "version_added": false
          },
          "firefox": [
            {
              "version_added": "55"
            },
            {
              "version_added": "53",
              "flags": [
                {
                  "type": "preference",
                  "name": "dom.requestIdleCallback.enabled",
                  "value_to_set": "true"
                }
              ]
            }
          ],
          "firefox_android": [
            {
              "version_added": "55"
            },
            {
              "version_added": "53",
              "flags": [
                {
                  "type": "preference",
                  "name": "dom.requestIdleCallback.enabled",
                  "value_to_set": "true"
                }
              ]
            }
          ],
          "ie": {
            "version_added": false
          },
          "opera": {
            "version_added": "34"
          },
          "opera_android": {
            "version_added": "34"
          },
          "safari": {
            "version_added": false
          },
          "safari_ios": {
            "version_added": false
          },
          "samsunginternet_android": {
            "version_added": true
          },
          "webview_android": {
            "version_added": "47"
          }
        },
        "status": {
          "experimental": false,
          "standard_track": true,
          "deprecated": false
        }
      },
      "didTimeout": {
        "__compat": {
          "mdn_url": "https://developer.mozilla.org/docs/Web/API/IdleDeadline/didTimeout",
          "support": {
            "chrome": {
              "version_added": "47"
            },
            "chrome_android": {
              "version_added": "47"
            },
            "edge": {
              "version_added": false
            },
            "edge_mobile": {
              "version_added": false
            },
            "firefox": [
              {
                "version_added": "55"
              },
              {
                "version_added": "53",
                "flags": [
                  {
                    "type": "preference",
                    "name": "dom.requestIdleCallback.enabled",
                    "value_to_set": "true"
                  }
                ]
              }
            ],
            "firefox_android": [
              {
                "version_added": "55"
              },
              {
                "version_added": "53",
                "flags": [
                  {
                    "type": "preference",
                    "name": "dom.requestIdleCallback.enabled",
                    "value_to_set": "true"
                  }
                ]
              }
            ],
            "ie": {
              "version_added": false
            },
            "opera": {
              "version_added": "34"
            },
            "opera_android": {
              "version_added": "34"
            },
            "safari": {
              "version_added": false
            },
            "safari_ios": {
              "version_added": false
            },
            "samsunginternet_android": {
              "version_added": true
            },
            "webview_android": {
              "version_added": "47"
            }
          },
          "status": {
            "experimental": false,
            "standard_track": true,
            "deprecated": false
          }
        }
      },
      "timeRemaining": {
        "__compat": {
          "mdn_url": "https://developer.mozilla.org/docs/Web/API/IdleDeadline/timeRemaining",
          "support": {
            "chrome": {
              "version_added": "47"
            },
            "chrome_android": {
              "version_added": "47"
            },
            "edge": {
              "version_added": false
            },
            "edge_mobile": {
              "version_added": false
            },
            "firefox": [
              {
                "version_added": "55"
              },
              {
                "version_added": "53",
                "flags": [
                  {
                    "type": "preference",
                    "name": "dom.requestIdleCallback.enabled",
                    "value_to_set": "true"
                  }
                ]
              }
            ],
            "firefox_android": [
              {
                "version_added": "55"
              },
              {
                "version_added": "53",
                "flags": [
                  {
                    "type": "preference",
                    "name": "dom.requestIdleCallback.enabled",
                    "value_to_set": "true"
                  }
                ]
              }
            ],
            "ie": {
              "version_added": false
            },
            "opera": {
              "version_added": "34"
            },
            "opera_android": {
              "version_added": "34"
            },
            "safari": {
              "version_added": false
            },
            "safari_ios": {
              "version_added": false
            },
            "samsunginternet_android": {
              "version_added": true
            },
            "webview_android": {
              "version_added": "47"
            }
          },
          "status": {
            "experimental": false,
            "standard_track": true,
            "deprecated": false
          }
        }
      }
    }
  }
}
