{
  "api": {
    "IIRFilterNode": {
      "__compat": {
        "mdn_url": "https://developer.mozilla.org/docs/Web/API/IIRFilterNode",
        "support": {
          "chrome": {
            "version_added": "49"
          },
          "chrome_android": {
            "version_added": "49"
          },
          "edge": {
            "version_added": true
          },
          "edge_mobile": {
            "version_added": true
          },
          "firefox": {
            "version_added": "50"
          },
          "firefox_android": {
            "version_added": "50"
          },
          "ie": {
            "version_added": false
          },
          "opera": {
            "version_added": "36"
          },
          "opera_android": {
            "version_added": "36"
          },
          "safari": {
            "version_added": null
          },
          "safari_ios": {
            "version_added": null
          },
          "samsunginternet_android": {
            "version_added": "5.0"
          },
          "webview_android": {
            "version_added": "49"
          }
        },
        "status": {
          "experimental": false,
          "standard_track": true,
          "deprecated": false
        }
      },
      "IIRFilterNode": {
        "__compat": {
          "mdn_url": "https://developer.mozilla.org/docs/Web/API/IIRFilterNode/IIRFilterNode",
          "description": "<code>IIRFilterNode()</code> constructor",
          "support": {
            "chrome": {
              "version_added": "55",
              "notes": "Before version 59, the default values were not supported."
            },
            "chrome_android": {
              "version_added": "55",
              "notes": "Before version 59, the default values were not supported."
            },
            "edge": {
              "version_added": null
            },
            "edge_mobile": {
              "version_added": null
            },
            "firefox": {
              "version_added": "53"
            },
            "firefox_android": {
              "version_added": "53"
            },
            "ie": {
              "version_added": false
            },
            "opera": {
              "version_added": "42"
            },
            "opera_android": {
              "version_added": "42"
            },
            "safari": {
              "version_added": null
            },
            "safari_ios": {
              "version_added": null
            },
            "samsunginternet_android": {
              "version_added": "6.0"
            },
            "webview_android": {
              "version_added": "55",
              "notes": "Before version 59, the default values were not supported."
            }
          },
          "status": {
            "experimental": false,
            "standard_track": true,
            "deprecated": false
          }
        }
      },
      "getFrequencyResponse": {
        "__compat": {
          "mdn_url": "https://developer.mozilla.org/docs/Web/API/IIRFilterNode/getFrequencyResponse",
          "support": {
            "chrome": {
              "version_added": "49"
            },
            "chrome_android": {
              "version_added": "49"
            },
            "edge": {
              "version_added": "14"
            },
            "edge_mobile": {
              "version_added": true
            },
            "firefox": {
              "version_added": "50"
            },
            "firefox_android": {
              "version_added": "50"
            },
            "ie": {
              "version_added": false
            },
            "opera": {
              "version_added": "36"
            },
            "opera_android": {
              "version_added": "36"
            },
            "safari": {
              "version_added": null
            },
            "safari_ios": {
              "version_added": null
            },
            "samsunginternet_android": {
              "version_added": "5.0"
            },
            "webview_android": {
              "version_added": "49"
            }
          },
          "status": {
            "experimental": false,
            "standard_track": true,
            "deprecated": false
          }
        }
      }
    }
  }
}
