{
  "api": {
    "ImageData": {
      "__compat": {
        "mdn_url": "https://developer.mozilla.org/docs/Web/API/ImageData",
        "support": {
          "chrome": {
            "version_added": "4"
          },
          "chrome_android": {
            "version_added": true
          },
          "edge": {
            "version_added": true
          },
          "edge_mobile": {
            "version_added": null
          },
          "firefox": {
            "version_added": "14"
          },
          "firefox_android": {
            "version_added": "14"
          },
          "ie": {
            "version_added": "9"
          },
          "opera": {
            "version_added": "9"
          },
          "opera_android": {
            "version_added": "10.1"
          },
          "safari": {
            "version_added": "3.1"
          },
          "safari_ios": {
            "version_added": "3.2"
          },
          "samsunginternet_android": {
            "version_added": true
          },
          "webview_android": {
            "version_added": true
          }
        },
        "status": {
          "experimental": false,
          "standard_track": true,
          "deprecated": false
        }
      },
      "worker_support": {
        "__compat": {
          "description": "Available in workers",
          "support": {
            "chrome": {
              "version_added": true
            },
            "chrome_android": {
              "version_added": null
            },
            "edge": {
              "version_added": null
            },
            "edge_mobile": {
              "version_added": null
            },
            "firefox": {
              "version_added": "25"
            },
            "firefox_android": {
              "version_added": "25"
            },
            "ie": {
              "version_added": null
            },
            "opera": {
              "version_added": null
            },
            "opera_android": {
              "version_added": null
            },
            "safari": {
              "version_added": null
            },
            "safari_ios": {
              "version_added": null
            },
            "samsunginternet_android": {
              "version_added": null
            },
            "webview_android": {
              "version_added": true
            }
          },
          "status": {
            "experimental": false,
            "standard_track": true,
            "deprecated": false
          }
        }
      },
      "ImageData": {
        "__compat": {
          "description": "<code>ImageData()</code> constructor",
          "mdn_url": "https://developer.mozilla.org/docs/Web/API/ImageData/ImageData",
          "support": {
            "chrome": {
              "version_added": "42"
            },
            "chrome_android": {
              "version_added": "42"
            },
            "edge": {
              "version_added": true
            },
            "edge_mobile": {
              "version_added": null
            },
            "firefox": {
              "version_added": "29"
            },
            "firefox_android": {
              "version_added": "29"
            },
            "ie": {
              "version_added": false
            },
            "opera": {
              "version_added": "29"
            },
            "opera_android": {
              "version_added": null
            },
            "safari": {
              "version_added": null
            },
            "safari_ios": {
              "version_added": null
            },
            "samsunginternet_android": {
              "version_added": "4.0"
            },
            "webview_android": {
              "version_added": false
            }
          },
          "status": {
            "experimental": true,
            "standard_track": true,
            "deprecated": false
          }
        }
      },
      "data": {
        "__compat": {
          "mdn_url": "https://developer.mozilla.org/docs/Web/API/ImageData/data",
          "support": {
            "chrome": {
              "version_added": true
            },
            "chrome_android": {
              "version_added": true
            },
            "edge": {
              "version_added": "12"
            },
            "edge_mobile": {
              "version_added": true
            },
            "firefox": {
              "version_added": "14"
            },
            "firefox_android": {
              "version_added": "14"
            },
            "ie": {
              "version_added": "9"
            },
            "opera": {
              "version_added": "9"
            },
            "opera_android": {
              "version_added": true
            },
            "safari": {
              "version_added": "3.1"
            },
            "safari_ios": {
              "version_added": true
            },
            "samsunginternet_android": {
              "version_added": true
            },
            "webview_android": {
              "version_added": true
            }
          },
          "status": {
            "experimental": false,
            "standard_track": true,
            "deprecated": false
          }
        }
      },
      "height": {
        "__compat": {
          "mdn_url": "https://developer.mozilla.org/docs/Web/API/ImageData/height",
          "support": {
            "chrome": {
              "version_added": true
            },
            "chrome_android": {
              "version_added": true
            },
            "edge": {
              "version_added": "12"
            },
            "edge_mobile": {
              "version_added": true
            },
            "firefox": {
              "version_added": "14"
            },
            "firefox_android": {
              "version_added": "14"
            },
            "ie": {
              "version_added": "9"
            },
            "opera": {
              "version_added": "9"
            },
            "opera_android": {
              "version_added": true
            },
            "safari": {
              "version_added": "3.1"
            },
            "safari_ios": {
              "version_added": true
            },
            "samsunginternet_android": {
              "version_added": true
            },
            "webview_android": {
              "version_added": true
            }
          },
          "status": {
            "experimental": false,
            "standard_track": true,
            "deprecated": false
          }
        }
      },
      "width": {
        "__compat": {
          "mdn_url": "https://developer.mozilla.org/docs/Web/API/ImageData/width",
          "support": {
            "chrome": {
              "version_added": true
            },
            "chrome_android": {
              "version_added": true
            },
            "edge": {
              "version_added": "12"
            },
            "edge_mobile": {
              "version_added": true
            },
            "firefox": {
              "version_added": "14"
            },
            "firefox_android": {
              "version_added": "14"
            },
            "ie": {
              "version_added": "9"
            },
            "opera": {
              "version_added": "9"
            },
            "opera_android": {
              "version_added": true
            },
            "safari": {
              "version_added": "3.1"
            },
            "safari_ios": {
              "version_added": true
            },
            "samsunginternet_android": {
              "version_added": true
            },
            "webview_android": {
              "version_added": true
            }
          },
          "status": {
            "experimental": false,
            "standard_track": true,
            "deprecated": false
          }
        }
      }
    }
  }
}
