{
  "api": {
    "InputEvent": {
      "__compat": {
        "mdn_url": "https://developer.mozilla.org/docs/Web/API/InputEvent",
        "support": {
          "chrome": {
            "version_added": "60"
          },
          "chrome_android": {
            "version_added": "60"
          },
          "edge": {
            "version_added": false
          },
          "edge_mobile": {
            "version_added": null
          },
          "firefox": {
            "version_added": "31"
          },
          "firefox_android": {
            "version_added": "31"
          },
          "ie": {
            "version_added": false
          },
          "opera": {
            "version_added": "47"
          },
          "opera_android": {
            "version_added": "44"
          },
          "safari": {
            "version_added": "10.1"
          },
          "safari_ios": {
            "version_added": "10.1"
          },
          "samsunginternet_android": {
            "version_added": true
          },
          "webview_android": {
            "version_added": "60"
          }
        },
        "status": {
          "experimental": true,
          "standard_track": true,
          "deprecated": false
        }
      },
      "InputEvent": {
        "__compat": {
          "mdn_url": "https://developer.mozilla.org/docs/Web/API/InputEvent/InputEvent",
          "description": "<code>InputEvent()</code> constructor",
          "support": {
            "chrome": {
              "version_added": "60"
            },
            "chrome_android": {
              "version_added": "60"
            },
            "edge": {
              "version_added": false
            },
            "edge_mobile": {
              "version_added": null
            },
            "firefox": {
              "version_added": "31"
            },
            "firefox_android": {
              "version_added": "31"
            },
            "ie": {
              "version_added": false
            },
            "opera": {
              "version_added": "47"
            },
            "opera_android": {
              "version_added": "44"
            },
            "safari": {
              "version_added": null
            },
            "safari_ios": {
              "version_added": null
            },
            "samsunginternet_android": {
              "version_added": null
            },
            "webview_android": {
              "version_added": "60"
            }
          },
          "status": {
            "experimental": true,
            "standard_track": true,
            "deprecated": false
          }
        }
      },
      "data": {
        "__compat": {
          "mdn_url": "https://developer.mozilla.org/docs/Web/API/InputEvent/data",
          "support": {
            "chrome": {
              "version_added": "60"
            },
            "chrome_android": {
              "version_added": "60"
            },
            "edge": {
              "version_added": false
            },
            "edge_mobile": {
              "version_added": null
            },
            "firefox": {
              "version_added": "67"
            },
            "firefox_android": {
              "version_added": "67"
            },
            "ie": {
              "version_added": false
            },
            "opera": {
              "version_added": "47"
            },
            "opera_android": {
              "version_added": "44"
            },
            "safari": {
              "version_added": false
            },
            "safari_ios": {
              "version_added": false
            },
            "samsunginternet_android": {
              "version_added": true
            },
            "webview_android": {
              "version_added": "60"
            }
          },
          "status": {
            "experimental": true,
            "standard_track": true,
            "deprecated": false
          }
        }
      },
      "dataTransfer": {
        "__compat": {
          "mdn_url": "https://developer.mozilla.org/docs/Web/API/InputEvent/dataTransfer",
          "support": {
            "chrome": {
              "version_added": "60"
            },
            "chrome_android": {
              "version_added": "60"
            },
            "edge": {
              "version_added": false
            },
            "edge_mobile": {
              "version_added": null
            },
            "firefox": {
              "version_added": "67"
            },
            "firefox_android": {
              "version_added": "67"
            },
            "ie": {
              "version_added": false
            },
            "opera": {
              "version_added": "47"
            },
            "opera_android": {
              "version_added": "44"
            },
            "safari": {
              "version_added": false
            },
            "safari_ios": {
              "version_added": false
            },
            "samsunginternet_android": {
              "version_added": true
            },
            "webview_android": {
              "version_added": "60"
            }
          },
          "status": {
            "experimental": true,
            "standard_track": true,
            "deprecated": false
          }
        }
      },
      "getTargetRanges": {
        "__compat": {
          "mdn_url": "https://developer.mozilla.org/docs/Web/API/InputEvent/getTargetRanges",
          "support": {
            "chrome": {
              "version_added": "60"
            },
            "chrome_android": {
              "version_added": "60"
            },
            "edge": {
              "version_added": false
            },
            "edge_mobile": {
              "version_added": false
            },
            "firefox": {
              "version_added": false
            },
            "firefox_android": {
              "version_added": false
            },
            "ie": {
              "version_added": false
            },
            "opera": {
              "version_added": "47"
            },
            "opera_android": {
              "version_added": "44"
            },
            "safari": {
              "version_added": "10.1"
            },
            "safari_ios": {
              "version_added": "10.1"
            },
            "samsunginternet_android": {
              "version_added": true
            },
            "webview_android": {
              "version_added": "60"
            }
          },
          "status": {
            "experimental": true,
            "standard_track": true,
            "deprecated": false
          }
        }
      },
      "inputType": {
        "__compat": {
          "mdn_url": "https://developer.mozilla.org/docs/Web/API/InputEvent/inputType",
          "support": {
            "chrome": {
              "version_added": "60"
            },
            "chrome_android": {
              "version_added": "60"
            },
            "edge": {
              "version_added": false
            },
            "edge_mobile": {
              "version_added": null
            },
            "firefox": {
              "version_added": "66"
            },
            "firefox_android": {
              "version_added": "66"
            },
            "ie": {
              "version_added": false
            },
            "opera": {
              "version_added": "47"
            },
            "opera_android": {
              "version_added": "44"
            },
            "safari": {
              "version_added": "10.1"
            },
            "safari_ios": {
              "version_added": "10.1"
            },
            "samsunginternet_android": {
              "version_added": true
            },
            "webview_android": {
              "version_added": "60"
            }
          },
          "status": {
            "experimental": true,
            "standard_track": true,
            "deprecated": false
          }
        },
        "insertFromPasteAsQuotation": {
          "__compat": {
            "description": "<code>insertFromPasteAsQuotation</code> input type",
            "support": {
              "chrome": {
                "version_added": false
              },
              "chrome_android": {
                "version_added": false
              },
              "edge": {
                "version_added": null
              },
              "edge_mobile": {
                "version_added": null
              },
              "firefox": {
                "version_added": "67"
              },
              "firefox_android": {
                "version_added": "67"
              },
              "ie": {
                "version_added": false
              },
              "opera": {
                "version_added": false
              },
              "opera_android": {
                "version_added": false
              },
              "safari": {
                "version_added": null
              },
              "safari_ios": {
                "version_added": null
              },
              "samsunginternet_android": {
                "version_added": false
              },
              "webview_android": {
                "version_added": false
              }
            },
            "status": {
              "experimental": true,
              "standard_track": true,
              "deprecated": false
            }
          }
        }
      },
      "isComposing": {
        "__compat": {
          "mdn_url": "https://developer.mozilla.org/docs/Web/API/InputEvent/isComposing",
          "support": {
            "chrome": {
              "version_added": "60"
            },
            "chrome_android": {
              "version_added": "60"
            },
            "edge": {
              "version_added": false
            },
            "edge_mobile": {
              "version_added": null
            },
            "firefox": {
              "version_added": "31"
            },
            "firefox_android": {
              "version_added": "31"
            },
            "ie": {
              "version_added": false
            },
            "opera": {
              "version_added": "47"
            },
            "opera_android": {
              "version_added": "44"
            },
            "safari": {
              "version_added": false
            },
            "safari_ios": {
              "version_added": false
            },
            "samsunginternet_android": {
              "version_added": true
            },
            "webview_android": {
              "version_added": "60"
            }
          },
          "status": {
            "experimental": true,
            "standard_track": true,
            "deprecated": false
          }
        }
      }
    }
  }
}
