{
  "api": {
    "Location": {
      "__compat": {
        "mdn_url": "https://developer.mozilla.org/docs/Web/API/Location",
        "support": {
          "chrome": {
            "version_added": true
          },
          "edge": {
            "version_added": true
          },
          "edge_mobile": {
            "version_added": true
          },
          "firefox": {
            "version_added": true
          },
          "firefox_android": {
            "version_added": true
          },
          "ie": {
            "version_added": true
          },
          "opera": {
            "version_added": true
          },
          "opera_android": {
            "version_added": true
          },
          "safari": {
            "version_added": true
          },
          "safari_ios": {
            "version_added": true
          },
          "samsunginternet_android": {
            "version_added": true
          },
          "webview_android": {
            "version_added": true
          }
        },
        "status": {
          "experimental": false,
          "standard_track": true,
          "deprecated": false
        }
      },
      "assign": {
        "__compat": {
          "mdn_url": "https://developer.mozilla.org/docs/Web/API/Location/assign",
          "support": {
            "chrome": {
              "version_added": true
            },
            "chrome_android": {
              "version_added": true
            },
            "edge": {
              "version_added": "12"
            },
            "edge_mobile": {
              "version_added": true
            },
            "firefox": {
              "version_added": true
            },
            "firefox_android": {
              "version_added": true
            },
            "ie": {
              "version_added": true
            },
            "opera": {
              "version_added": true
            },
            "opera_android": {
              "version_added": true
            },
            "safari": {
              "version_added": true
            },
            "safari_ios": {
              "version_added": true
            },
            "samsunginternet_android": {
              "version_added": true
            },
            "webview_android": {
              "version_added": true
            }
          },
          "status": {
            "experimental": false,
            "standard_track": true,
            "deprecated": false
          }
        }
      },
      "hash": {
        "__compat": {
          "mdn_url": "https://developer.mozilla.org/docs/Web/API/Location/hash",
          "support": {
            "chrome": {
              "version_added": true
            },
            "chrome_android": {
              "version_added": true
            },
            "edge": {
              "version_added": "12"
            },
            "edge_mobile": {
              "version_added": true
            },
            "firefox": {
              "version_added": "22"
            },
            "firefox_android": {
              "version_added": "22"
            },
            "ie": {
              "version_added": true
            },
            "opera": {
              "version_added": true
            },
            "opera_android": {
              "version_added": true
            },
            "safari": {
              "version_added": true
            },
            "safari_ios": {
              "version_added": true
            },
            "samsunginternet_android": {
              "version_added": true
            },
            "webview_android": {
              "version_added": true
            }
          },
          "status": {
            "experimental": false,
            "standard_track": true,
            "deprecated": false
          }
        }
      },
      "host": {
        "__compat": {
          "mdn_url": "https://developer.mozilla.org/docs/Web/API/Location/host",
          "support": {
            "chrome": {
              "version_added": true
            },
            "chrome_android": {
              "version_added": true
            },
            "edge": {
              "version_added": "12"
            },
            "edge_mobile": {
              "version_added": true
            },
            "firefox": {
              "version_added": "22"
            },
            "firefox_android": {
              "version_added": "22"
            },
            "ie": {
              "version_added": true
            },
            "opera": {
              "version_added": true
            },
            "opera_android": {
              "version_added": true
            },
            "safari": {
              "version_added": true
            },
            "safari_ios": {
              "version_added": true
            },
            "samsunginternet_android": {
              "version_added": true
            },
            "webview_android": {
              "version_added": true
            }
          },
          "status": {
            "experimental": false,
            "standard_track": true,
            "deprecated": false
          }
        }
      },
      "hostname": {
        "__compat": {
          "mdn_url": "https://developer.mozilla.org/docs/Web/API/Location/hostname",
          "support": {
            "chrome": {
              "version_added": true
            },
            "chrome_android": {
              "version_added": true
            },
            "edge": {
              "version_added": "12"
            },
            "edge_mobile": {
              "version_added": true
            },
            "firefox": {
              "version_added": "22"
            },
            "firefox_android": {
              "version_added": "22"
            },
            "ie": {
              "version_added": false
            },
            "opera": {
              "version_added": false
            },
            "opera_android": {
              "version_added": false
            },
            "safari": {
              "version_added": true
            },
            "safari_ios": {
              "version_added": true
            },
            "samsunginternet_android": {
              "version_added": true
            },
            "webview_android": {
              "version_added": true
            }
          },
          "status": {
            "experimental": false,
            "standard_track": true,
            "deprecated": false
          }
        }
      },
      "href": {
        "__compat": {
          "mdn_url": "https://developer.mozilla.org/docs/Web/API/Location/href",
          "support": {
            "chrome": {
              "version_added": true
            },
            "chrome_android": {
              "version_added": true
            },
            "edge": {
              "version_added": "12"
            },
            "edge_mobile": {
              "version_added": true
            },
            "firefox": {
              "version_added": "22"
            },
            "firefox_android": {
              "version_added": "22"
            },
            "ie": {
              "version_added": true
            },
            "opera": {
              "version_added": true
            },
            "opera_android": {
              "version_added": true
            },
            "safari": {
              "version_added": true
            },
            "safari_ios": {
              "version_added": true
            },
            "samsunginternet_android": {
              "version_added": true
            },
            "webview_android": {
              "version_added": true
            }
          },
          "status": {
            "experimental": false,
            "standard_track": true,
            "deprecated": false
          }
        }
      },
      "origin": {
        "__compat": {
          "mdn_url": "https://developer.mozilla.org/docs/Web/API/Location/origin",
          "support": {
            "chrome": {
              "version_added": true
            },
            "chrome_android": {
              "version_added": true
            },
            "edge": {
              "version_added": "12"
            },
            "edge_mobile": {
              "version_added": true
            },
            "firefox": {
              "version_added": "26",
              "notes": "Before Firefox 49, results for URL using the blob scheme incorrectly returned null."
            },
            "firefox_android": {
              "version_added": "26",
              "notes": "Before Firefox 49, results for URL using the blob scheme incorrectly returned null."
            },
            "ie": {
              "version_added": "11",
              "notes": "Intranet sites are set to Compatibility View, which will emulate IE7 and omit <code>window.location.origin</code>."
            },
            "opera": {
              "version_added": "10"
            },
            "opera_android": {
              "version_added": null
            },
            "safari": {
              "version_added": true,
              "notes": "According to <a href='https://developer.apple.com/documentation/webkitjs/location/1631059-origin'>Apple's documentation</a>, <code>window.location.origin</code> is supported since Safari 10 (both desktop and mobile), but the feature seems to be present in some older versions as well. Because of this, the exact versions supporting this feature cannot be determined reliably."
            },
            "safari_ios": {
              "version_added": "5"
            },
            "samsunginternet_android": {
              "version_added": null
            },
            "webview_android": {
              "version_added": true
            }
          },
          "status": {
            "experimental": false,
            "standard_track": true,
            "deprecated": false
          }
        }
      },
      "password": {
        "__compat": {
          "mdn_url": "https://developer.mozilla.org/docs/Web/API/Location/password",
          "support": {
            "chrome": {
              "version_added": true
            },
            "chrome_android": {
              "version_added": true
            },
            "edge": {
              "version_added": null
            },
            "firefox": {
              "version_added": "26"
            },
            "firefox_android": {
              "version_added": "26"
            },
            "ie": {
              "version_added": null
            },
            "opera": {
              "version_added": null
            },
            "opera_android": {
              "version_added": null
            },
            "safari": {
              "version_added": null
            },
            "safari_ios": {
              "version_added": null
            },
            "samsunginternet_android": {
              "version_added": null
            },
            "webview_android": {
              "version_added": true
            }
          },
          "status": {
            "experimental": false,
            "standard_track": true,
            "deprecated": false
          }
        }
      },
      "pathname": {
        "__compat": {
          "mdn_url": "https://developer.mozilla.org/docs/Web/API/Location/pathname",
          "support": {
            "chrome": {
              "version_added": true
            },
            "chrome_android": {
              "version_added": true
            },
            "edge": {
              "version_added": "12"
            },
            "edge_mobile": {
              "version_added": true
            },
            "firefox": {
              "version_added": "22",
              "notes": "Before Firefox 53, the <code>pathname</code> property returned wrong parts of the URL. For example, for a URL of http://z.com/x?a=true&b=false, <code>pathname</code> would return \"/x?a=true&b=false\" rather than \"/x\"."
            },
            "firefox_android": {
              "version_added": "22",
              "notes": "Before Firefox 53, the <code>pathname</code> property returned wrong parts of the URL. For example, for a URL of http://z.com/x?a=true&b=false, <code>pathname</code> would return \"/x?a=true&b=false\" rather than \"/x\"."
            },
            "ie": {
              "version_added": true
            },
            "opera": {
              "version_added": true
            },
            "opera_android": {
              "version_added": true
            },
            "safari": {
              "version_added": true
            },
            "safari_ios": {
              "version_added": true
            },
            "samsunginternet_android": {
              "version_added": true
            },
            "webview_android": {
              "version_added": true
            }
          },
          "status": {
            "experimental": false,
            "standard_track": true,
            "deprecated": false
          }
        }
      },
      "port": {
        "__compat": {
          "mdn_url": "https://developer.mozilla.org/docs/Web/API/Location/port",
          "support": {
            "chrome": {
              "version_added": true
            },
            "chrome_android": {
              "version_added": true
            },
            "edge": {
              "version_added": "12"
            },
            "edge_mobile": {
              "version_added": true
            },
            "firefox": {
              "version_added": "22"
            },
            "firefox_android": {
              "version_added": "22"
            },
            "ie": {
              "version_added": true
            },
            "opera": {
              "version_added": true
            },
            "opera_android": {
              "version_added": true
            },
            "safari": {
              "version_added": true
            },
            "safari_ios": {
              "version_added": true
            },
            "samsunginternet_android": {
              "version_added": true
            },
            "webview_android": {
              "version_added": true
            }
          },
          "status": {
            "experimental": false,
            "standard_track": true,
            "deprecated": false
          }
        }
      },
      "protocol": {
        "__compat": {
          "mdn_url": "https://developer.mozilla.org/docs/Web/API/Location/protocol",
          "support": {
            "chrome": {
              "version_added": true
            },
            "chrome_android": {
              "version_added": true
            },
            "edge": {
              "version_added": "12"
            },
            "edge_mobile": {
              "version_added": true
            },
            "firefox": {
              "version_added": "22"
            },
            "firefox_android": {
              "version_added": "22"
            },
            "ie": {
              "version_added": true
            },
            "opera": {
              "version_added": true
            },
            "opera_android": {
              "version_added": true
            },
            "safari": {
              "version_added": true
            },
            "safari_ios": {
              "version_added": true
            },
            "samsunginternet_android": {
              "version_added": true
            },
            "webview_android": {
              "version_added": true
            }
          },
          "status": {
            "experimental": false,
            "standard_track": true,
            "deprecated": false
          }
        }
      },
      "reload": {
        "__compat": {
          "mdn_url": "https://developer.mozilla.org/docs/Web/API/Location/reload",
          "support": {
            "chrome": {
              "version_added": true
            },
            "chrome_android": {
              "version_added": true
            },
            "edge": {
              "version_added": "12",
              "notes": "If a page added to <em>Trusted Sites</em> contains a cross-origin iframe, then calling <code>reload()</code> from within the iframe reloads the trusted page (in other words, the top page reloads, not the iframe)."
            },
            "edge_mobile": {
              "version_added": true
            },
            "firefox": {
              "version_added": true
            },
            "firefox_android": {
              "version_added": true
            },
            "ie": {
              "version_added": true,
              "notes": "If a page added to <em>Trusted Sites</em> contains a cross-origin iframe, then calling <code>reload()</code> from within the iframe reloads the trusted page (in other words, the top page reloads, not the iframe)."
            },
            "opera": {
              "version_added": true
            },
            "opera_android": {
              "version_added": true
            },
            "safari": {
              "version_added": true
            },
            "safari_ios": {
              "version_added": true
            },
            "samsunginternet_android": {
              "version_added": true
            },
            "webview_android": {
              "version_added": true
            }
          },
          "status": {
            "experimental": false,
            "standard_track": true,
            "deprecated": false
          }
        }
      },
      "replace": {
        "__compat": {
          "mdn_url": "https://developer.mozilla.org/docs/Web/API/Location/replace",
          "support": {
            "chrome": {
              "version_added": true
            },
            "chrome_android": {
              "version_added": true
            },
            "edge": {
              "version_added": "12"
            },
            "edge_mobile": {
              "version_added": true
            },
            "firefox": {
              "version_added": true
            },
            "firefox_android": {
              "version_added": true
            },
            "ie": {
              "version_added": true
            },
            "opera": {
              "version_added": true
            },
            "opera_android": {
              "version_added": true
            },
            "safari": {
              "version_added": true
            },
            "safari_ios": {
              "version_added": true
            },
            "samsunginternet_android": {
              "version_added": true
            },
            "webview_android": {
              "version_added": true
            }
          },
          "status": {
            "experimental": false,
            "standard_track": true,
            "deprecated": false
          }
        }
      },
      "search": {
        "__compat": {
          "mdn_url": "https://developer.mozilla.org/docs/Web/API/Location/search",
          "support": {
            "chrome": {
              "version_added": true
            },
            "chrome_android": {
              "version_added": true
            },
            "edge": {
              "version_added": "12"
            },
            "edge_mobile": {
              "version_added": true
            },
            "firefox": {
              "version_added": "22",
              "notes": "Before Firefox 53, the <code>search</code> property returned wrong parts of the URL. For example, for a URL of http://z.com/x?a=true&b=false,  <code>search</code> would return \"\", rather than \"?a=true&b=false\"."
            },
            "firefox_android": {
              "version_added": "22",
              "notes": "Before Firefox 53, the <code>search</code> property returned wrong parts of the URL. For example, for a URL of http://z.com/x?a=true&b=false,  <code>search</code> would return \"\", rather than \"?a=true&b=false\"."
            },
            "ie": {
              "version_added": true
            },
            "opera": {
              "version_added": true
            },
            "opera_android": {
              "version_added": true
            },
            "safari": {
              "version_added": true
            },
            "safari_ios": {
              "version_added": true
            },
            "samsunginternet_android": {
              "version_added": true
            },
            "webview_android": {
              "version_added": true
            }
          },
          "status": {
            "experimental": false,
            "standard_track": true,
            "deprecated": false
          }
        }
      },
      "toString": {
        "__compat": {
          "mdn_url": "https://developer.mozilla.org/docs/Web/API/Location/toString",
          "support": {
            "chrome": {
              "version_added": "52"
            },
            "chrome_android": {
              "version_added": "52"
            },
            "edge": {
              "version_added": true
            },
            "edge_mobile": {
              "version_added": true
            },
            "firefox": {
              "version_added": "22"
            },
            "firefox_android": {
              "version_added": "22"
            },
            "ie": {
              "version_added": "11",
              "notes": "Intranet sites are set to Compatibility View, which will emulate IE7 and omit <code>window.location.toString</code>."
            },
            "opera": {
              "version_added": null
            },
            "opera_android": {
              "version_added": null
            },
            "safari": {
              "version_added": null
            },
            "safari_ios": {
              "version_added": null
            },
            "samsunginternet_android": {
              "version_added": null
            },
            "webview_android": {
              "version_added": "52"
            }
          },
          "status": {
            "experimental": false,
            "standard_track": true,
            "deprecated": false
          }
        }
      },
      "username": {
        "__compat": {
          "mdn_url": "https://developer.mozilla.org/docs/Web/API/Location/username",
          "support": {
            "chrome": {
              "version_added": true
            },
            "chrome_android": {
              "version_added": true
            },
            "edge": {
              "version_added": null
            },
            "firefox": {
              "version_added": "26"
            },
            "firefox_android": {
              "version_added": "26"
            },
            "ie": {
              "version_added": null
            },
            "opera": {
              "version_added": null
            },
            "opera_android": {
              "version_added": null
            },
            "safari": {
              "version_added": null
            },
            "safari_ios": {
              "version_added": null
            },
            "samsunginternet_android": {
              "version_added": null
            },
            "webview_android": {
              "version_added": true
            }
          },
          "status": {
            "experimental": false,
            "standard_track": true,
            "deprecated": false
          }
        }
      }
    }
  }
}
