{
  "api": {
    "MediaQueryList": {
      "__compat": {
        "mdn_url": "https://developer.mozilla.org/docs/Web/API/MediaQueryList",
        "support": {
          "chrome": {
            "version_added": "9"
          },
          "chrome_android": {
            "version_added": "18"
          },
          "edge": {
            "version_added": true
          },
          "edge_mobile": {
            "version_added": true
          },
          "firefox": {
            "version_added": "6"
          },
          "firefox_android": {
            "version_added": true
          },
          "ie": {
            "version_added": "10"
          },
          "opera": {
            "version_added": "12.1"
          },
          "opera_android": {
            "version_added": true
          },
          "safari": {
            "version_added": "5.1"
          },
          "safari_ios": {
            "version_added": "5"
          },
          "webview_android": {
            "version_added": true
          }
        },
        "status": {
          "experimental": true,
          "standard_track": true,
          "deprecated": false
        }
      },
      "addListener": {
        "__compat": {
          "mdn_url": "https://developer.mozilla.org/docs/Web/API/MediaQueryList/addListener",
          "support": {
            "chrome": {
              "version_added": "9"
            },
            "chrome_android": {
              "version_added": "18"
            },
            "edge": {
              "version_added": "12"
            },
            "edge_mobile": {
              "version_added": true
            },
            "firefox": {
              "version_added": "6"
            },
            "firefox_android": {
              "version_added": true
            },
            "ie": {
              "version_added": "10"
            },
            "opera": {
              "version_added": "12.1"
            },
            "opera_android": {
              "version_added": true
            },
            "safari": {
              "version_added": "5.1"
            },
            "safari_ios": {
              "version_added": "5"
            },
            "webview_android": {
              "version_added": true
            }
          },
          "status": {
            "experimental": false,
            "standard_track": true,
            "deprecated": false
          }
        }
      },
      "matches": {
        "__compat": {
          "mdn_url": "https://developer.mozilla.org/docs/Web/API/MediaQueryList/matches",
          "support": {
            "chrome": {
              "version_added": "9"
            },
            "chrome_android": {
              "version_added": "18"
            },
            "edge": {
              "version_added": "12"
            },
            "edge_mobile": {
              "version_added": true
            },
            "firefox": {
              "version_added": "6"
            },
            "firefox_android": {
              "version_added": true
            },
            "ie": {
              "version_added": "10"
            },
            "opera": {
              "version_added": "12.1"
            },
            "opera_android": {
              "version_added": true
            },
            "safari": {
              "version_added": "5.1"
            },
            "safari_ios": {
              "version_added": "5"
            },
            "webview_android": {
              "version_added": true
            }
          },
          "status": {
            "experimental": false,
            "standard_track": true,
            "deprecated": false
          }
        }
      },
      "media": {
        "__compat": {
          "mdn_url": "https://developer.mozilla.org/docs/Web/API/MediaQueryList/media",
          "support": {
            "chrome": {
              "version_added": "9"
            },
            "chrome_android": {
              "version_added": "18"
            },
            "edge": {
              "version_added": "12"
            },
            "edge_mobile": {
              "version_added": true
            },
            "firefox": {
              "version_added": "6"
            },
            "firefox_android": {
              "version_added": true
            },
            "ie": {
              "version_added": "10"
            },
            "opera": {
              "version_added": "12.1"
            },
            "opera_android": {
              "version_added": true
            },
            "safari": {
              "version_added": "5.1"
            },
            "safari_ios": {
              "version_added": "5"
            },
            "webview_android": {
              "version_added": true
            }
          },
          "status": {
            "experimental": false,
            "standard_track": true,
            "deprecated": false
          }
        }
      },
      "onchange": {
        "__compat": {
          "mdn_url": "https://developer.mozilla.org/docs/Web/API/MediaQueryList/onchange",
          "support": {
            "chrome": {
              "version_added": "45"
            },
            "chrome_android": {
              "version_added": "45"
            },
            "edge": {
              "version_added": null
            },
            "edge_mobile": {
              "version_added": null
            },
            "firefox": {
              "version_added": "55"
            },
            "firefox_android": {
              "version_added": "55"
            },
            "ie": {
              "version_added": false
            },
            "opera": {
              "version_added": true
            },
            "opera_android": {
              "version_added": true
            },
            "safari": {
              "version_added": false
            },
            "safari_ios": {
              "version_added": false
            },
            "webview_android": {
              "version_added": "45"
            }
          },
          "status": {
            "experimental": false,
            "standard_track": true,
            "deprecated": false
          }
        }
      },
      "removeListener": {
        "__compat": {
          "mdn_url": "https://developer.mozilla.org/docs/Web/API/MediaQueryList/removeListener",
          "support": {
            "chrome": {
              "version_added": "9"
            },
            "chrome_android": {
              "version_added": "18"
            },
            "edge": {
              "version_added": "12"
            },
            "edge_mobile": {
              "version_added": true
            },
            "firefox": {
              "version_added": "6"
            },
            "firefox_android": {
              "version_added": true
            },
            "ie": {
              "version_added": "10"
            },
            "opera": {
              "version_added": "12.1"
            },
            "opera_android": {
              "version_added": true
            },
            "safari": {
              "version_added": "5.1"
            },
            "safari_ios": {
              "version_added": "5"
            },
            "webview_android": {
              "version_added": true
            }
          },
          "status": {
            "experimental": false,
            "standard_track": true,
            "deprecated": false
          }
        }
      },
      "EventListener_objects": {
        "__compat": {
          "description": "<code>EventListener</code> objects as parameters",
          "support": {
            "chrome": {
              "version_added": "45"
            },
            "chrome_android": {
              "version_added": "45"
            },
            "edge": {
              "version_added": null
            },
            "edge_mobile": {
              "version_added": null
            },
            "firefox": {
              "version_added": "55"
            },
            "firefox_android": {
              "version_added": "55"
            },
            "ie": {
              "version_added": false
            },
            "opera": {
              "version_added": false
            },
            "opera_android": {
              "version_added": false
            },
            "safari": {
              "version_added": null
            },
            "safari_ios": {
              "version_added": null
            },
            "webview_android": {
              "version_added": "45"
            }
          },
          "status": {
            "experimental": false,
            "standard_track": true,
            "deprecated": false
          }
        }
      },
      "EventTarget_inheritance": {
        "__compat": {
          "description": "<code>MediaQueryList</code> inheriting from <code>EventTarget</code>",
          "support": {
            "chrome": {
              "version_added": "45"
            },
            "chrome_android": {
              "version_added": "45"
            },
            "edge": {
              "version_added": "16"
            },
            "edge_mobile": {
              "version_added": false
            },
            "firefox": {
              "version_added": "55"
            },
            "firefox_android": {
              "version_added": "55"
            },
            "ie": {
              "version_added": false
            },
            "opera": {
              "version_added": true
            },
            "opera_android": {
              "version_added": true
            },
            "safari": {
              "version_added": false
            },
            "safari_ios": {
              "version_added": false
            },
            "webview_android": {
              "version_added": "45"
            }
          },
          "status": {
            "experimental": false,
            "standard_track": true,
            "deprecated": false
          }
        }
      }
    }
  }
}
