{
  "api": {
    "MediaDeviceInfo": {
      "__compat": {
        "mdn_url": "https://developer.mozilla.org/docs/Web/API/MediaDeviceInfo",
        "support": {
          "chrome": {
            "version_added": "55",
            "notes": "For earlier versions, this interface is available through the <a href='https://github.com/webrtc/adapter'>adapter.js</a> polyfill"
          },
          "chrome_android": {
            "version_added": "55",
            "notes": "For earlier versions, this interface is available through the <a href='https://github.com/webrtc/adapter'>adapter.js</a> polyfill"
          },
          "edge": {
            "version_added": true
          },
          "edge_mobile": {
            "version_added": true
          },
          "firefox": {
            "version_added": "39"
          },
          "firefox_android": {
            "version_added": "39"
          },
          "ie": {
            "version_added": false
          },
          "opera": {
            "version_added": false,
            "notes": "This interface can be used in Opera by using the <a href='https://github.com/webrtc/adapter'>adapter.js</a> polyfill."
          },
          "opera_android": {
            "version_added": false,
            "notes": "This interface can be used in Opera by using the <a href='https://github.com/webrtc/adapter'>adapter.js</a> polyfill."
          },
          "safari": {
            "version_added": false
          },
          "safari_ios": {
            "version_added": false
          },
          "samsunginternet_android": {
            "version_added": "6.0"
          },
          "webview_android": {
            "version_added": "55",
            "notes": "For earlier versions, this interface is available through the <a href='https://github.com/webrtc/adapter'>adapter.js</a> polyfill"
          }
        },
        "status": {
          "experimental": false,
          "standard_track": true,
          "deprecated": false
        }
      },
      "deviceId": {
        "__compat": {
          "mdn_url": "https://developer.mozilla.org/docs/Web/API/MediaDeviceInfo/deviceId",
          "support": {
            "chrome": {
              "version_added": "55",
              "notes": "For earlier versions, this interface is available through the <a href='https://github.com/webrtc/adapter'>adapter.js</a> polyfill"
            },
            "chrome_android": {
              "version_added": "55",
              "notes": "For earlier versions, this interface is available through the <a href='https://github.com/webrtc/adapter'>adapter.js</a> polyfill"
            },
            "edge": {
              "version_added": "12"
            },
            "edge_mobile": {
              "version_added": true
            },
            "firefox": {
              "version_added": "39"
            },
            "firefox_android": {
              "version_added": "39"
            },
            "ie": {
              "version_added": false
            },
            "opera": {
              "version_added": false,
              "notes": "This property can be used in Opera by using the <a href='https://github.com/webrtc/adapter'>adapter.js</a> polyfill."
            },
            "opera_android": {
              "version_added": false,
              "notes": "This property can be used in Opera by using the <a href='https://github.com/webrtc/adapter'>adapter.js</a> polyfill."
            },
            "safari": {
              "version_added": false
            },
            "safari_ios": {
              "version_added": false
            },
            "samsunginternet_android": {
              "version_added": "6.0"
            },
            "webview_android": {
              "version_added": "55",
              "notes": "For earlier versions, this interface is available through the <a href='https://github.com/webrtc/adapter'>adapter.js</a> polyfill"
            }
          },
          "status": {
            "experimental": false,
            "standard_track": true,
            "deprecated": false
          }
        }
      },
      "groupId": {
        "__compat": {
          "mdn_url": "https://developer.mozilla.org/docs/Web/API/MediaDeviceInfo/groupId",
          "support": {
            "chrome": {
              "version_added": "55",
              "notes": "For earlier versions, this interface is available through the <a href='https://github.com/webrtc/adapter'>adapter.js</a> polyfill"
            },
            "chrome_android": {
              "version_added": "55",
              "notes": "For earlier versions, this interface is available through the <a href='https://github.com/webrtc/adapter'>adapter.js</a> polyfill"
            },
            "edge": {
              "version_added": "12"
            },
            "edge_mobile": {
              "version_added": true
            },
            "firefox": {
              "version_added": "39",
              "notes": "Prior to Firefox 67, related devices are not actually grouped together by <code>groupId</code>."
            },
            "firefox_android": {
              "version_added": "39",
              "notes": "Prior to Firefox 67, related devices are not actually grouped together by <code>groupId</code>."
            },
            "ie": {
              "version_added": false
            },
            "opera": {
              "version_added": false,
              "notes": "This property can be used in Opera by using the <a href='https://github.com/webrtc/adapter'>adapter.js</a> polyfill."
            },
            "opera_android": {
              "version_added": false,
              "notes": "This property can be used in Opera by using the <a href='https://github.com/webrtc/adapter'>adapter.js</a> polyfill."
            },
            "safari": {
              "version_added": false
            },
            "safari_ios": {
              "version_added": false
            },
            "samsunginternet_android": {
              "version_added": "6.0"
            },
            "webview_android": {
              "version_added": "55",
              "notes": "For earlier versions, this interface is available through the <a href='https://github.com/webrtc/adapter'>adapter.js</a> polyfill"
            }
          },
          "status": {
            "experimental": false,
            "standard_track": true,
            "deprecated": false
          }
        }
      },
      "kind": {
        "__compat": {
          "mdn_url": "https://developer.mozilla.org/docs/Web/API/MediaDeviceInfo/kind",
          "support": {
            "chrome": {
              "version_added": "55",
              "notes": "For earlier versions, this interface is available through the <a href='https://github.com/webrtc/adapter'>adapter.js</a> polyfill"
            },
            "chrome_android": {
              "version_added": "55",
              "notes": "For earlier versions, this interface is available through the <a href='https://github.com/webrtc/adapter'>adapter.js</a> polyfill"
            },
            "edge": {
              "version_added": "12"
            },
            "edge_mobile": {
              "version_added": true
            },
            "firefox": {
              "version_added": "39"
            },
            "firefox_android": {
              "version_added": "39"
            },
            "ie": {
              "version_added": false
            },
            "opera": {
              "version_added": false,
              "notes": "This property can be used in Opera by using the <a href='https://github.com/webrtc/adapter'>adapter.js</a> polyfill."
            },
            "opera_android": {
              "version_added": false,
              "notes": "This property can be used in Opera by using the <a href='https://github.com/webrtc/adapter'>adapter.js</a> polyfill."
            },
            "safari": {
              "version_added": false
            },
            "safari_ios": {
              "version_added": false
            },
            "samsunginternet_android": {
              "version_added": "6.0"
            },
            "webview_android": {
              "version_added": "55",
              "notes": "For earlier versions, this interface is available through the <a href='https://github.com/webrtc/adapter'>adapter.js</a> polyfill"
            }
          },
          "status": {
            "experimental": false,
            "standard_track": true,
            "deprecated": false
          }
        }
      },
      "label": {
        "__compat": {
          "mdn_url": "https://developer.mozilla.org/docs/Web/API/MediaDeviceInfo/label",
          "support": {
            "chrome": {
              "version_added": "55",
              "notes": "For earlier versions, this interface is available through the <a href='https://github.com/webrtc/adapter'>adapter.js</a> polyfill"
            },
            "chrome_android": {
              "version_added": "55",
              "notes": "For earlier versions, this interface is available through the <a href='https://github.com/webrtc/adapter'>adapter.js</a> polyfill"
            },
            "edge": {
              "version_added": "12"
            },
            "edge_mobile": {
              "version_added": true
            },
            "firefox": {
              "version_added": "39"
            },
            "firefox_android": {
              "version_added": "39"
            },
            "ie": {
              "version_added": false
            },
            "opera": {
              "version_added": false,
              "notes": "This property can be used in Opera by using the <a href='https://github.com/webrtc/adapter'>adapter.js</a> polyfill."
            },
            "opera_android": {
              "version_added": false,
              "notes": "This property can be used in Opera by using the <a href='https://github.com/webrtc/adapter'>adapter.js</a> polyfill."
            },
            "safari": {
              "version_added": false
            },
            "safari_ios": {
              "version_added": false
            },
            "samsunginternet_android": {
              "version_added": "6.0"
            },
            "webview_android": {
              "version_added": "55",
              "notes": "For earlier versions, this interface is available through the <a href='https://github.com/webrtc/adapter'>adapter.js</a> polyfill"
            }
          },
          "status": {
            "experimental": false,
            "standard_track": true,
            "deprecated": false
          }
        }
      },
      "toJSON": {
        "__compat": {
          "mdn_url": "https://developer.mozilla.org/docs/Web/API/MediaDeviceInfo/toJSON",
          "description": "<code>toJSON()</code>",
          "support": {
            "chrome": {
              "version_added": true
            },
            "chrome_android": {
              "version_added": true
            },
            "edge": {
              "version_added": "18"
            },
            "edge_mobile": {
              "version_added": null
            },
            "firefox": {
              "version_added": true
            },
            "firefox_android": {
              "version_added": true
            },
            "ie": {
              "version_added": false
            },
            "opera": {
              "version_added": false,
              "notes": "For earlier versions, this method is available through the <a href='https://github.com/webrtc/adapter'>adapter.js</a> polyfill"
            },
            "opera_android": {
              "version_added": false,
              "notes": "For earlier versions, this method is available through the <a href='https://github.com/webrtc/adapter'>adapter.js</a> polyfill"
            },
            "safari": {
              "version_added": false
            },
            "safari_ios": {
              "version_added": false
            },
            "samsunginternet_android": {
              "version_added": true
            },
            "webview_android": {
              "version_added": true
            }
          },
          "status": {
            "experimental": false,
            "standard_track": true,
            "deprecated": false
          }
        }
      }
    }
  }
}
