{
  "api": {
    "MediaSession": {
      "__compat": {
        "mdn_url": "https://developer.mozilla.org/docs/Web/API/MediaSession",
        "support": {
          "chrome": {
            "version_added": "73"
          },
          "chrome_android": {
            "version_added": "57"
          },
          "edge": {
            "version_added": null
          },
          "edge_mobile": {
            "version_added": null
          },
          "firefox": {
            "version_added": null
          },
          "firefox_android": {
            "version_added": null
          },
          "ie": {
            "version_added": null
          },
          "opera": {
            "version_added": false
          },
          "opera_android": {
            "version_added": false
          },
          "safari": {
            "version_added": null
          },
          "safari_ios": {
            "version_added": null
          },
          "webview_android": {
            "version_added": false
          }
        },
        "status": {
          "experimental": true,
          "standard_track": false,
          "deprecated": false
        }
      },
      "metadata": {
        "__compat": {
          "mdn_url": "https://developer.mozilla.org/docs/Web/API/MediaSession/metadata",
          "support": {
            "chrome": {
              "version_added": "73"
            },
            "chrome_android": {
              "version_added": "57"
            },
            "edge": {
              "version_added": null
            },
            "edge_mobile": {
              "version_added": null
            },
            "firefox": {
              "version_added": null
            },
            "firefox_android": {
              "version_added": null
            },
            "ie": {
              "version_added": null
            },
            "opera": {
              "version_added": false
            },
            "opera_android": {
              "version_added": false
            },
            "safari": {
              "version_added": null
            },
            "safari_ios": {
              "version_added": null
            },
            "webview_android": {
              "version_added": false
            }
          },
          "status": {
            "experimental": true,
            "standard_track": false,
            "deprecated": false
          }
        }
      },
      "playbackState": {
        "__compat": {
          "mdn_url": "https://developer.mozilla.org/docs/Web/API/MediaSession/playbackState",
          "support": {
            "chrome": {
              "version_added": "73"
            },
            "chrome_android": {
              "version_added": "57"
            },
            "edge": {
              "version_added": null
            },
            "edge_mobile": {
              "version_added": null
            },
            "firefox": {
              "version_added": null
            },
            "firefox_android": {
              "version_added": null
            },
            "ie": {
              "version_added": null
            },
            "opera": {
              "version_added": false
            },
            "opera_android": {
              "version_added": false
            },
            "safari": {
              "version_added": null
            },
            "safari_ios": {
              "version_added": null
            },
            "webview_android": {
              "version_added": false
            }
          },
          "status": {
            "experimental": true,
            "standard_track": false,
            "deprecated": false
          }
        }
      },
      "setActionHandler": {
        "__compat": {
          "mdn_url": "https://developer.mozilla.org/docs/Web/API/MediaSession/setActionHandler",
          "support": {
            "chrome": {
              "version_added": "73"
            },
            "chrome_android": {
              "version_added": "57"
            },
            "edge": {
              "version_added": null
            },
            "edge_mobile": {
              "version_added": null
            },
            "firefox": {
              "version_added": null
            },
            "firefox_android": {
              "version_added": null
            },
            "ie": {
              "version_added": null
            },
            "opera": {
              "version_added": false
            },
            "opera_android": {
              "version_added": false
            },
            "safari": {
              "version_added": null
            },
            "safari_ios": {
              "version_added": null
            },
            "webview_android": {
              "version_added": false
            }
          },
          "status": {
            "experimental": true,
            "standard_track": false,
            "deprecated": false
          }
        }
      }
    }
  }
}
