{
  "api": {
    "MerchantValidationEvent": {
      "__compat": {
        "mdn_url": "https://developer.mozilla.org/docs/Web/API/MerchantValidationEvent",
        "support": {
          "chrome": {
            "version_added": false
          },
          "chrome_android": {
            "version_added": false
          },
          "edge": {
            "version_added": null
          },
          "edge_mobile": {
            "version_added": null
          },
          "firefox": {
            "version_added": "64",
            "notes": "Available only in Nightly builds.",
            "flags": [
              {
                "name": "dom.payments.request.supportedRegions",
                "type": "preference",
                "value_to_set": "A comma-delineated list of one or more 2-character ISO country codes indicating the countries in which to support payments (for example, <code>US,CA</code>."
              }
            ]
          },
          "firefox_android": {
            "version_added": "64",
            "notes": "Available only in Nightly builds.",
            "flags": [
              {
                "name": "dom.payments.request.supportedRegions",
                "type": "preference",
                "value_to_set": "A comma-delineated list of one or more 2-character ISO country codes indicating the countries in which to support payments (for example, <code>US,CA</code>."
              }
            ]
          },
          "ie": {
            "version_added": false
          },
          "opera": {
            "version_added": false
          },
          "opera_android": {
            "version_added": false
          },
          "safari": {
            "version_added": null
          },
          "safari_ios": {
            "version_added": null
          },
          "samsunginternet_android": {
            "version_added": null
          },
          "webview_android": {
            "version_added": false
          }
        },
        "status": {
          "experimental": false,
          "standard_track": true,
          "deprecated": false
        }
      },
      "MerchantValidationEvent": {
        "__compat": {
          "mdn_url": "https://developer.mozilla.org/docs/Web/API/MerchantValidationEvent/MerchantValidationEvent",
          "description": "<code>MerchantValidationEvent()</code> constructor",
          "support": {
            "chrome": {
              "version_added": false
            },
            "chrome_android": {
              "version_added": false
            },
            "edge": {
              "version_added": null
            },
            "edge_mobile": {
              "version_added": null
            },
            "firefox": {
              "version_added": "64",
              "notes": "Available only in Nightly builds."
            },
            "firefox_android": {
              "version_added": "64",
              "notes": "Available only in Nightly builds."
            },
            "ie": {
              "version_added": false
            },
            "opera": {
              "version_added": false
            },
            "opera_android": {
              "version_added": false
            },
            "safari": {
              "version_added": null
            },
            "safari_ios": {
              "version_added": null
            },
            "samsunginternet_android": {
              "version_added": null
            },
            "webview_android": {
              "version_added": false
            }
          },
          "status": {
            "experimental": false,
            "standard_track": true,
            "deprecated": false
          }
        }
      },
      "complete": {
        "__compat": {
          "mdn_url": "https://developer.mozilla.org/docs/Web/API/MerchantValidationEvent/complete",
          "description": "<code>complete()</code>",
          "support": {
            "chrome": {
              "version_added": false
            },
            "chrome_android": {
              "version_added": false
            },
            "edge": {
              "version_added": null
            },
            "edge_mobile": {
              "version_added": null
            },
            "firefox": {
              "version_added": "64",
              "notes": "Available only in Nightly builds."
            },
            "firefox_android": {
              "version_added": "64",
              "notes": "Available only in Nightly builds."
            },
            "ie": {
              "version_added": false
            },
            "opera": {
              "version_added": false
            },
            "opera_android": {
              "version_added": false
            },
            "safari": {
              "version_added": false
            },
            "safari_ios": {
              "version_added": null
            },
            "samsunginternet_android": {
              "version_added": null
            },
            "webview_android": {
              "version_added": false
            }
          },
          "status": {
            "experimental": false,
            "standard_track": true,
            "deprecated": false
          }
        }
      },
      "methodName": {
        "__compat": {
          "mdn_url": "https://developer.mozilla.org/docs/Web/API/MerchantValidationEvent//methodName",
          "support": {
            "chrome": {
              "version_added": false
            },
            "chrome_android": {
              "version_added": false
            },
            "edge": {
              "version_added": null
            },
            "edge_mobile": {
              "version_added": null
            },
            "firefox": {
              "version_added": "64",
              "notes": "Available only in Nightly builds."
            },
            "firefox_android": {
              "version_added": "64",
              "notes": "Available only in Nightly builds."
            },
            "ie": {
              "version_added": false
            },
            "opera": {
              "version_added": false
            },
            "opera_android": {
              "version_added": false
            },
            "safari": {
              "version_added": null
            },
            "safari_ios": {
              "version_added": null
            },
            "samsunginternet_android": {
              "version_added": null
            },
            "webview_android": {
              "version_added": false
            }
          },
          "status": {
            "experimental": false,
            "standard_track": true,
            "deprecated": false
          }
        }
      },
      "validationURL": {
        "__compat": {
          "mdn_url": "https://developer.mozilla.org/docs/Web/API/MerchantValidationEvent/validationURL",
          "support": {
            "chrome": {
              "version_added": false
            },
            "chrome_android": {
              "version_added": false
            },
            "edge": {
              "version_added": null
            },
            "edge_mobile": {
              "version_added": null
            },
            "firefox": {
              "version_added": "64",
              "notes": "Available only in Nightly builds."
            },
            "firefox_android": {
              "version_added": "64",
              "notes": "Available only in Nightly builds."
            },
            "ie": {
              "version_added": false
            },
            "opera": {
              "version_added": false
            },
            "opera_android": {
              "version_added": false
            },
            "safari": {
              "version_added": null
            },
            "safari_ios": {
              "version_added": null
            },
            "samsunginternet_android": {
              "version_added": null
            },
            "webview_android": {
              "version_added": false
            }
          },
          "status": {
            "experimental": false,
            "standard_track": true,
            "deprecated": false
          }
        }
      }
    }
  }
}
