{
  "api": {
    "NamedNodeMap": {
      "__compat": {
        "mdn_url": "https://developer.mozilla.org/docs/Web/API/NamedNodeMap",
        "support": {
          "chrome": {
            "version_added": true
          },
          "chrome_android": {
            "version_added": true
          },
          "edge": {
            "version_added": true
          },
          "edge_mobile": {
            "version_added": true
          },
          "firefox": [
            {
              "version_added": "34"
            },
            {
              "version_added": "22",
              "version_removed": "34",
              "alternative_name": "mozNamedAttrMap"
            },
            {
              "version_added": true,
              "version_removed": "22"
            }
          ],
          "firefox_android": [
            {
              "version_added": "34"
            },
            {
              "version_added": "22",
              "version_removed": "34",
              "alternative_name": "mozNamedAttrMap"
            },
            {
              "version_added": true,
              "version_removed": "22"
            }
          ],
          "ie": {
            "version_added": true
          },
          "opera": {
            "version_added": true
          },
          "opera_android": {
            "version_added": true
          },
          "safari": {
            "version_added": true
          },
          "safari_ios": {
            "version_added": true
          },
          "webview_android": {
            "version_added": true
          }
        },
        "status": {
          "experimental": false,
          "standard_track": true,
          "deprecated": false
        }
      },
      "getNamedItem": {
        "__compat": {
          "mdn_url": "https://developer.mozilla.org/docs/Web/API/NamedNodeMap/getNamedItem",
          "support": {
            "chrome": {
              "version_added": true
            },
            "chrome_android": {
              "version_added": true
            },
            "edge": {
              "version_added": "12"
            },
            "edge_mobile": {
              "version_added": null
            },
            "firefox": {
              "version_added": "34"
            },
            "firefox_android": {
              "version_added": "34"
            },
            "ie": {
              "version_added": null
            },
            "opera": {
              "version_added": true
            },
            "opera_android": {
              "version_added": true
            },
            "safari": {
              "version_added": true
            },
            "safari_ios": {
              "version_added": true
            },
            "webview_android": {
              "version_added": true
            }
          },
          "status": {
            "experimental": false,
            "standard_track": true,
            "deprecated": false
          }
        }
      },
      "getNamedItemNS": {
        "__compat": {
          "mdn_url": "https://developer.mozilla.org/docs/Web/API/NamedNodeMap/getNamedItemNS",
          "support": {
            "chrome": {
              "version_added": true
            },
            "chrome_android": {
              "version_added": true
            },
            "edge": {
              "version_added": "12"
            },
            "edge_mobile": {
              "version_added": null
            },
            "firefox": {
              "version_added": "34"
            },
            "firefox_android": {
              "version_added": "34"
            },
            "ie": {
              "version_added": null
            },
            "opera": {
              "version_added": true
            },
            "opera_android": {
              "version_added": true
            },
            "safari": {
              "version_added": true
            },
            "safari_ios": {
              "version_added": true
            },
            "webview_android": {
              "version_added": true
            }
          },
          "status": {
            "experimental": false,
            "standard_track": true,
            "deprecated": false
          }
        }
      },
      "item": {
        "__compat": {
          "mdn_url": "https://developer.mozilla.org/docs/Web/API/NamedNodeMap/item",
          "support": {
            "chrome": {
              "version_added": true
            },
            "chrome_android": {
              "version_added": true
            },
            "edge": {
              "version_added": "12"
            },
            "edge_mobile": {
              "version_added": null
            },
            "firefox": {
              "version_added": "34"
            },
            "firefox_android": {
              "version_added": "34"
            },
            "ie": {
              "version_added": null
            },
            "opera": {
              "version_added": true
            },
            "opera_android": {
              "version_added": true
            },
            "safari": {
              "version_added": true
            },
            "safari_ios": {
              "version_added": true
            },
            "webview_android": {
              "version_added": true
            }
          },
          "status": {
            "experimental": false,
            "standard_track": true,
            "deprecated": false
          }
        }
      },
      "length": {
        "__compat": {
          "mdn_url": "https://developer.mozilla.org/docs/Web/API/NamedNodeMap/length",
          "support": {
            "chrome": {
              "version_added": true
            },
            "chrome_android": {
              "version_added": true
            },
            "edge": {
              "version_added": "12"
            },
            "edge_mobile": {
              "version_added": null
            },
            "firefox": {
              "version_added": "34"
            },
            "firefox_android": {
              "version_added": "34"
            },
            "ie": {
              "version_added": null
            },
            "opera": {
              "version_added": true
            },
            "opera_android": {
              "version_added": true
            },
            "safari": {
              "version_added": true
            },
            "safari_ios": {
              "version_added": true
            },
            "webview_android": {
              "version_added": true
            }
          },
          "status": {
            "experimental": false,
            "standard_track": true,
            "deprecated": false
          }
        }
      },
      "removeNamedItem": {
        "__compat": {
          "mdn_url": "https://developer.mozilla.org/docs/Web/API/NamedNodeMap/removeNamedItem",
          "support": {
            "chrome": {
              "version_added": true
            },
            "chrome_android": {
              "version_added": true
            },
            "edge": {
              "version_added": "12"
            },
            "edge_mobile": {
              "version_added": null
            },
            "firefox": {
              "version_added": "34"
            },
            "firefox_android": {
              "version_added": "34"
            },
            "ie": {
              "version_added": null
            },
            "opera": {
              "version_added": true
            },
            "opera_android": {
              "version_added": true
            },
            "safari": {
              "version_added": true
            },
            "safari_ios": {
              "version_added": true
            },
            "webview_android": {
              "version_added": true
            }
          },
          "status": {
            "experimental": false,
            "standard_track": true,
            "deprecated": false
          }
        }
      },
      "removeNamedItemNS": {
        "__compat": {
          "mdn_url": "https://developer.mozilla.org/docs/Web/API/NamedNodeMap/removeNamedItemNS",
          "support": {
            "chrome": {
              "version_added": true
            },
            "chrome_android": {
              "version_added": true
            },
            "edge": {
              "version_added": "12"
            },
            "edge_mobile": {
              "version_added": null
            },
            "firefox": {
              "version_added": "34"
            },
            "firefox_android": {
              "version_added": "34"
            },
            "ie": {
              "version_added": null
            },
            "opera": {
              "version_added": true
            },
            "opera_android": {
              "version_added": true
            },
            "safari": {
              "version_added": true
            },
            "safari_ios": {
              "version_added": true
            },
            "webview_android": {
              "version_added": true
            }
          },
          "status": {
            "experimental": false,
            "standard_track": true,
            "deprecated": false
          }
        }
      },
      "setNamedItem": {
        "__compat": {
          "mdn_url": "https://developer.mozilla.org/docs/Web/API/NamedNodeMap/setNamedItem",
          "support": {
            "chrome": {
              "version_added": true
            },
            "chrome_android": {
              "version_added": true
            },
            "edge": {
              "version_added": "12"
            },
            "edge_mobile": {
              "version_added": null
            },
            "firefox": {
              "version_added": "34"
            },
            "firefox_android": {
              "version_added": "34"
            },
            "ie": {
              "version_added": null
            },
            "opera": {
              "version_added": true
            },
            "opera_android": {
              "version_added": true
            },
            "safari": {
              "version_added": true
            },
            "safari_ios": {
              "version_added": true
            },
            "webview_android": {
              "version_added": true
            }
          },
          "status": {
            "experimental": false,
            "standard_track": true,
            "deprecated": false
          }
        }
      },
      "setNamedItemNS": {
        "__compat": {
          "mdn_url": "https://developer.mozilla.org/docs/Web/API/NamedNodeMap/setNamedItemNS",
          "support": {
            "chrome": {
              "version_added": true
            },
            "chrome_android": {
              "version_added": true
            },
            "edge": {
              "version_added": "12"
            },
            "edge_mobile": {
              "version_added": null
            },
            "firefox": {
              "version_added": "34"
            },
            "firefox_android": {
              "version_added": "34"
            },
            "ie": {
              "version_added": null
            },
            "opera": {
              "version_added": true
            },
            "opera_android": {
              "version_added": true
            },
            "safari": {
              "version_added": true
            },
            "safari_ios": {
              "version_added": true
            },
            "webview_android": {
              "version_added": true
            }
          },
          "status": {
            "experimental": false,
            "standard_track": true,
            "deprecated": false
          }
        }
      }
    }
  }
}
