{
  "api": {
    "NavigatorLanguage": {
      "__compat": {
        "mdn_url": "https://developer.mozilla.org/docs/Web/API/NavigatorLanguage",
        "support": {
          "chrome": {
            "version_added": true
          },
          "chrome_android": {
            "version_added": true
          },
          "edge": {
            "version_added": null
          },
          "edge_mobile": {
            "version_added": null
          },
          "firefox": {
            "version_added": true
          },
          "firefox_android": {
            "version_added": true
          },
          "ie": {
            "version_added": true
          },
          "opera": {
            "version_added": true
          },
          "opera_android": {
            "version_added": true
          },
          "safari": {
            "version_added": true
          },
          "safari_ios": {
            "version_added": true
          },
          "webview_android": {
            "version_added": true
          }
        },
        "status": {
          "experimental": false,
          "standard_track": true,
          "deprecated": false
        }
      },
      "worker_support": {
        "__compat": {
          "description": "Support on <code>WorkerNavigator</code>",
          "support": {
            "chrome": {
              "version_added": null
            },
            "chrome_android": {
              "version_added": null
            },
            "edge": {
              "version_added": null
            },
            "edge_mobile": {
              "version_added": null
            },
            "firefox": {
              "version_added": "35"
            },
            "firefox_android": {
              "version_added": "35"
            },
            "ie": {
              "version_added": false
            },
            "opera": {
              "version_added": null
            },
            "opera_android": {
              "version_added": null
            },
            "safari": {
              "version_added": false
            },
            "safari_ios": {
              "version_added": false
            },
            "webview_android": {
              "version_added": null
            }
          },
          "status": {
            "experimental": false,
            "standard_track": true,
            "deprecated": false
          }
        }
      },
      "language": {
        "__compat": {
          "mdn_url": "https://developer.mozilla.org/docs/Web/API/NavigatorLanguage/language",
          "support": {
            "chrome": {
              "version_added": true,
              "notes": "Returns the browser UI language, not the value of the <code>Accept-Language</code> <a href='https://developer.mozilla.org/docs/Web/HTTP/Headers'>HTTP header</a>."
            },
            "chrome_android": {
              "version_added": true,
              "notes": "Returns the browser UI language, not the value of the <code>Accept-Language</code> <a href='https://developer.mozilla.org/docs/Web/HTTP/Headers'>HTTP header</a>."
            },
            "edge": {
              "version_added": true
            },
            "edge_mobile": {
              "version_added": true
            },
            "firefox": [
              {
                "version_added": "1",
                "notes": "Prior to Firefox 4 this property's value was also part of the user agent string, as reported by <code>navigator.userAgent</code>."
              },
              {
                "version_added": "5",
                "notes": "Starting in Firefox 5.0 this property's value is based on the value of the <code>Accept-Language</code> <a href='https://developer.mozilla.org/docs/Web/HTTP/Headers'>HTTP header</a>."
              }
            ],
            "firefox_android": {
              "version_added": "4"
            },
            "ie": {
              "version_added": "11",
              "notes": "Closest available (non-standard) properties are <code>userLanguage</code> and <code>browserLanguage</code>."
            },
            "opera": {
              "version_added": true
            },
            "opera_android": {
              "version_added": true
            },
            "safari": {
              "version_added": true
            },
            "safari_ios": {
              "version_added": true
            },
            "webview_android": {
              "version_added": true,
              "notes": "Returns the browser UI language, not the value of the <code>Accept-Language</code> <a href='https://developer.mozilla.org/docs/Web/HTTP/Headers'>HTTP header</a>."
            }
          },
          "status": {
            "experimental": false,
            "standard_track": true,
            "deprecated": false
          }
        }
      },
      "languages": {
        "__compat": {
          "mdn_url": "https://developer.mozilla.org/docs/Web/API/NavigatorLanguage/languages",
          "support": {
            "chrome": {
              "version_added": "32",
              "notes": "In Chrome, <code>navigator.language</code> is the language of the browser UI, and is not guaranteed to be equal to <code>navigator.languages[0]</code>."
            },
            "chrome_android": {
              "version_added": "32",
              "notes": "In Chrome, <code>navigator.language</code> is the language of the browser UI, and is not guaranteed to be equal to <code>navigator.languages[0]</code>."
            },
            "edge": {
              "version_added": true
            },
            "edge_mobile": {
              "version_added": true
            },
            "firefox": {
              "version_added": "32",
              "notes": "In Firefox, the <code>navigator.languages</code> property's value is taken from the <code>intl.accept_languages</code> preference."
            },
            "firefox_android": {
              "version_added": "4",
              "notes": "In Firefox, the <code>navigator.languages</code> property's value is taken from the <code>intl.accept_languages</code> preference."
            },
            "ie": {
              "version_added": "11",
              "notes": "Closest available (non-standard) properties are <code>userLanguage</code> and <code>browserLanguage</code>."
            },
            "opera": {
              "version_added": "24"
            },
            "opera_android": {
              "version_added": "24"
            },
            "safari": {
              "version_added": "11"
            },
            "safari_ios": {
              "version_added": true
            },
            "webview_android": {
              "version_added": "4.4.3",
              "notes": "In Chrome, <code>navigator.language</code> is the language of the browser UI, and is not guaranteed to be equal to <code>navigator.languages[0]</code>."
            }
          },
          "status": {
            "experimental": true,
            "standard_track": true,
            "deprecated": false
          }
        }
      }
    }
  }
}
