{
  "api": {
    "NavigatorGeolocation": {
      "__compat": {
        "mdn_url": "https://developer.mozilla.org/docs/Web/API/NavigatorGeolocation",
        "support": {
          "chrome": {
            "version_added": "5"
          },
          "chrome_android": {
            "version_added": true
          },
          "edge": {
            "version_added": true
          },
          "edge_mobile": {
            "version_added": true
          },
          "firefox": {
            "version_added": "3.5"
          },
          "firefox_android": {
            "version_added": "4"
          },
          "ie": {
            "version_added": "9"
          },
          "opera": [
            {
              "version_added": "16"
            },
            {
              "version_added": "10",
              "version_removed": "15"
            }
          ],
          "opera_android": [
            {
              "version_added": "16"
            },
            {
              "version_added": "10.1",
              "version_removed": "14"
            }
          ],
          "safari": {
            "version_added": "5"
          },
          "safari_ios": {
            "version_added": null
          },
          "samsunginternet_android": {
            "version_added": true
          },
          "webview_android": {
            "version_added": true
          }
        },
        "status": {
          "experimental": false,
          "standard_track": true,
          "deprecated": false
        }
      }
    }
  }
}
