{
  "api": {
    "OES_fbo_render_mipmap": {
      "__compat": {
        "mdn_url": "https://developer.mozilla.org/docs/Web/API/OES_fbo_render_mipmap",
        "support": {
          "chrome": {
            "version_added": false
          },
          "chrome_android": {
            "version_added": false
          },
          "edge": {
            "version_added": false
          },
          "edge_mobile": {
            "version_added": false
          },
          "firefox": {
            "version_added": "67",
            "flags": [
              {
                "type": "preference",
                "name": "webgl.enable-draft-extensions",
                "value_to_set": "true"
              }
            ]
          },
          "firefox_android": {
            "version_added": false
          },
          "ie": {
            "version_added": false
          },
          "opera": {
            "version_added": false
          },
          "opera_android": {
            "version_added": false
          },
          "safari": {
            "version_added": false
          },
          "safari_ios": {
            "version_added": false
          },
          "samsunginternet_android": {
            "version_added": false
          },
          "webview_android": {
            "version_added": false
          }
        },
        "status": {
          "experimental": true,
          "standard_track": true,
          "deprecated": false
        }
      }
    }
  }
}
