{
  "api": {
    "Path2D": {
      "__compat": {
        "mdn_url": "https://developer.mozilla.org/docs/Web/API/Path2D",
        "support": {
          "chrome": {
            "version_added": true
          },
          "chrome_android": {
            "version_added": true
          },
          "edge": {
            "version_added": true
          },
          "edge_mobile": {
            "version_added": null
          },
          "firefox": {
            "version_added": "31"
          },
          "firefox_android": {
            "version_added": "31"
          },
          "ie": {
            "version_added": null
          },
          "opera": {
            "version_added": true
          },
          "opera_android": {
            "version_added": true
          },
          "safari": {
            "version_added": "10"
          },
          "safari_ios": {
            "version_added": true
          },
          "samsunginternet_android": {
            "version_added": true
          },
          "webview_android": {
            "version_added": true
          }
        },
        "status": {
          "experimental": true,
          "standard_track": true,
          "deprecated": false
        }
      },
      "Path2D": {
        "__compat": {
          "description": "<code>Path2D()</code> constructor",
          "mdn_url": "https://developer.mozilla.org/docs/Web/API/Path2D/Path2D",
          "support": {
            "chrome": {
              "version_added": true
            },
            "chrome_android": {
              "version_added": "42"
            },
            "edge": {
              "version_added": true,
              "notes": "The constructor for <code>Path2D</code> objects in Edge does not support being invoked with a string consisting of SVG path data. See <a href='https://developer.microsoft.com/microsoft-edge/platform/issues/8438884/'>issue 8438884</a> for details."
            },
            "edge_mobile": {
              "version_added": null
            },
            "firefox": {
              "version_added": "31"
            },
            "firefox_android": {
              "version_added": "31"
            },
            "ie": {
              "version_added": null
            },
            "opera": {
              "version_added": true
            },
            "opera_android": {
              "version_added": true
            },
            "safari": {
              "version_added": "10"
            },
            "safari_ios": {
              "version_added": true
            },
            "samsunginternet_android": {
              "version_added": "4.0"
            },
            "webview_android": {
              "version_added": false
            }
          },
          "status": {
            "experimental": true,
            "standard_track": true,
            "deprecated": false
          }
        }
      },
      "addPath": {
        "__compat": {
          "mdn_url": "https://developer.mozilla.org/docs/Web/API/Path2D/addPath",
          "support": {
            "chrome": {
              "version_added": true
            },
            "chrome_android": {
              "version_added": true
            },
            "edge": {
              "version_added": null
            },
            "edge_mobile": {
              "version_added": null
            },
            "firefox": {
              "version_added": "34"
            },
            "firefox_android": {
              "version_added": "34"
            },
            "ie": {
              "version_added": false
            },
            "opera": {
              "version_added": true
            },
            "opera_android": {
              "version_added": true
            },
            "safari": {
              "version_added": true
            },
            "safari_ios": {
              "version_added": true
            },
            "samsunginternet_android": {
              "version_added": true
            },
            "webview_android": {
              "version_added": true
            }
          },
          "status": {
            "experimental": true,
            "standard_track": true,
            "deprecated": false
          }
        }
      }
    }
  }
}
