{
  "api": {
    "PaymentInstruments": {
      "__compat": {
        "mdn_url": "https://developer.mozilla.org/docs/Web/API/PaymentInstruments",
        "support": {
          "chrome": {
            "version_added": "59",
            "flags": [
              {
                "type": "preference",
                "name": "#service-worker-payment-apps",
                "value_to_set": "Enabled"
              }
            ]
          },
          "chrome_android": {
            "version_added": "59",
            "flags": [
              {
                "type": "preference",
                "name": "#service-worker-payment-apps",
                "value_to_set": "Enabled"
              }
            ]
          },
          "edge": {
            "version_added": null
          },
          "edge_mobile": {
            "version_added": null
          },
          "firefox": {
            "version_added": false
          },
          "firefox_android": {
            "version_added": false
          },
          "ie": {
            "version_added": null
          },
          "opera": {
            "version_added": false
          },
          "opera_android": {
            "version_added": false
          },
          "safari": {
            "version_added": null
          },
          "safari_ios": {
            "version_added": null
          },
          "samsunginternet_android": {
            "version_added": "7.0"
          },
          "webview_android": {
            "version_added": false
          }
        },
        "status": {
          "experimental": true,
          "standard_track": true,
          "deprecated": false
        }
      },
      "clear": {
        "__compat": {
          "mdn_url": "https://developer.mozilla.org/docs/Web/API/PaymentInstruments/clear",
          "description": "<code>clear()</code>",
          "support": {
            "chrome": {
              "version_added": "60",
              "flags": [
                {
                  "type": "preference",
                  "name": "#service-worker-payment-apps",
                  "value_to_set": "Enabled"
                }
              ]
            },
            "chrome_android": {
              "version_added": "60",
              "flags": [
                {
                  "type": "preference",
                  "name": "#service-worker-payment-apps",
                  "value_to_set": "Enabled"
                }
              ]
            },
            "edge": {
              "version_added": null
            },
            "edge_mobile": {
              "version_added": null
            },
            "firefox": {
              "version_added": false
            },
            "firefox_android": {
              "version_added": false
            },
            "ie": {
              "version_added": null
            },
            "opera": {
              "version_added": false
            },
            "opera_android": {
              "version_added": false
            },
            "safari": {
              "version_added": null
            },
            "safari_ios": {
              "version_added": null
            },
            "samsunginternet_android": {
              "version_added": false
            },
            "webview_android": {
              "version_added": false
            }
          },
          "status": {
            "experimental": true,
            "standard_track": true,
            "deprecated": false
          }
        }
      },
      "delete": {
        "__compat": {
          "mdn_url": "https://developer.mozilla.org/docs/Web/API/PaymentInstruments/delete",
          "description": "<code>delete()</code>",
          "support": {
            "chrome": {
              "version_added": "59",
              "flags": [
                {
                  "type": "preference",
                  "name": "#service-worker-payment-apps",
                  "value_to_set": "Enabled"
                }
              ]
            },
            "chrome_android": {
              "version_added": "59",
              "flags": [
                {
                  "type": "preference",
                  "name": "#service-worker-payment-apps",
                  "value_to_set": "Enabled"
                }
              ]
            },
            "edge": {
              "version_added": null
            },
            "edge_mobile": {
              "version_added": null
            },
            "firefox": {
              "version_added": false
            },
            "firefox_android": {
              "version_added": false
            },
            "ie": {
              "version_added": null
            },
            "opera": {
              "version_added": false
            },
            "opera_android": {
              "version_added": false
            },
            "safari": {
              "version_added": null
            },
            "safari_ios": {
              "version_added": null
            },
            "samsunginternet_android": {
              "version_added": false
            },
            "webview_android": {
              "version_added": false
            }
          },
          "status": {
            "experimental": true,
            "standard_track": true,
            "deprecated": false
          }
        }
      },
      "get": {
        "__compat": {
          "mdn_url": "https://developer.mozilla.org/docs/Web/API/PaymentInstruments/get",
          "description": "<code>get()</code>",
          "support": {
            "chrome": {
              "version_added": "59",
              "flags": [
                {
                  "type": "preference",
                  "name": "#service-worker-payment-apps",
                  "value_to_set": "Enabled"
                }
              ]
            },
            "chrome_android": {
              "version_added": "59",
              "flags": [
                {
                  "type": "preference",
                  "name": "#service-worker-payment-apps",
                  "value_to_set": "Enabled"
                }
              ]
            },
            "edge": {
              "version_added": null
            },
            "edge_mobile": {
              "version_added": null
            },
            "firefox": {
              "version_added": false
            },
            "firefox_android": {
              "version_added": false
            },
            "ie": {
              "version_added": null
            },
            "opera": {
              "version_added": false
            },
            "opera_android": {
              "version_added": false
            },
            "safari": {
              "version_added": null
            },
            "safari_ios": {
              "version_added": null
            },
            "samsunginternet_android": {
              "version_added": false
            },
            "webview_android": {
              "version_added": false
            }
          },
          "status": {
            "experimental": true,
            "standard_track": true,
            "deprecated": false
          }
        }
      },
      "has": {
        "__compat": {
          "mdn_url": "https://developer.mozilla.org/docs/Web/API/PaymentInstruments/has",
          "description": "<code>has()</code>",
          "support": {
            "chrome": {
              "version_added": "59",
              "flags": [
                {
                  "type": "preference",
                  "name": "#service-worker-payment-apps",
                  "value_to_set": "Enabled"
                }
              ]
            },
            "chrome_android": {
              "version_added": "59",
              "flags": [
                {
                  "type": "preference",
                  "name": "#service-worker-payment-apps",
                  "value_to_set": "Enabled"
                }
              ]
            },
            "edge": {
              "version_added": null
            },
            "edge_mobile": {
              "version_added": null
            },
            "firefox": {
              "version_added": false
            },
            "firefox_android": {
              "version_added": false
            },
            "ie": {
              "version_added": null
            },
            "opera": {
              "version_added": false
            },
            "opera_android": {
              "version_added": false
            },
            "safari": {
              "version_added": null
            },
            "safari_ios": {
              "version_added": null
            },
            "samsunginternet_android": {
              "version_added": false
            },
            "webview_android": {
              "version_added": false
            }
          },
          "status": {
            "experimental": true,
            "standard_track": true,
            "deprecated": false
          }
        }
      },
      "keys": {
        "__compat": {
          "mdn_url": "https://developer.mozilla.org/docs/Web/API/PaymentInstruments/keys",
          "description": "<code>keys()</code>",
          "support": {
            "chrome": {
              "version_added": "59",
              "flags": [
                {
                  "type": "preference",
                  "name": "#service-worker-payment-apps",
                  "value_to_set": "Enabled"
                }
              ]
            },
            "chrome_android": {
              "version_added": "59",
              "flags": [
                {
                  "type": "preference",
                  "name": "#service-worker-payment-apps",
                  "value_to_set": "Enabled"
                }
              ]
            },
            "edge": {
              "version_added": null
            },
            "edge_mobile": {
              "version_added": null
            },
            "firefox": {
              "version_added": false
            },
            "firefox_android": {
              "version_added": false
            },
            "ie": {
              "version_added": null
            },
            "opera": {
              "version_added": false
            },
            "opera_android": {
              "version_added": false
            },
            "safari": {
              "version_added": null
            },
            "safari_ios": {
              "version_added": null
            },
            "samsunginternet_android": {
              "version_added": false
            },
            "webview_android": {
              "version_added": false
            }
          },
          "status": {
            "experimental": true,
            "standard_track": true,
            "deprecated": false
          }
        }
      },
      "set": {
        "__compat": {
          "mdn_url": "https://developer.mozilla.org/docs/Web/API/PaymentInstruments/set",
          "description": "<code>set()</code>",
          "support": {
            "chrome": {
              "version_added": "59",
              "flags": [
                {
                  "type": "preference",
                  "name": "#service-worker-payment-apps",
                  "value_to_set": "Enabled"
                }
              ]
            },
            "chrome_android": {
              "version_added": "59",
              "flags": [
                {
                  "type": "preference",
                  "name": "#service-worker-payment-apps",
                  "value_to_set": "Enabled"
                }
              ]
            },
            "edge": {
              "version_added": null
            },
            "edge_mobile": {
              "version_added": null
            },
            "firefox": {
              "version_added": false
            },
            "firefox_android": {
              "version_added": false
            },
            "ie": {
              "version_added": null
            },
            "opera": {
              "version_added": false
            },
            "opera_android": {
              "version_added": false
            },
            "safari": {
              "version_added": null
            },
            "safari_ios": {
              "version_added": null
            },
            "samsunginternet_android": {
              "version_added": false
            },
            "webview_android": {
              "version_added": false
            }
          },
          "status": {
            "experimental": true,
            "standard_track": true,
            "deprecated": false
          }
        }
      }
    }
  }
}
