{
  "api": {
    "PaymentResponse": {
      "__compat": {
        "mdn_url": "https://developer.mozilla.org/docs/Web/API/PaymentResponse",
        "support": {
          "chrome": {
            "version_added": "56"
          },
          "chrome_android": [
            {
              "version_added": "56"
            },
            {
              "version_added": "51",
              "version_removed": "56",
              "flags": [
                {
                  "type": "preference",
                  "name": "#web-payments",
                  "value_to_set": "Enabled"
                }
              ]
            }
          ],
          "edge": {
            "version_added": true
          },
          "edge_mobile": {
            "version_added": true
          },
          "firefox": {
            "version_added": "55",
            "notes": "Available only in nightly builds.",
            "flags": [
              {
                "type": "preference",
                "name": "dom.payments.request.enabled",
                "value_to_set": "true"
              },
              {
                "name": "dom.payments.request.supportedRegions",
                "type": "preference",
                "value_to_set": "A comma-delineated list of one or more 2-character ISO country codes indicating the countries in which to support payments (for example, <code>US,CA</code>."
              }
            ]
          },
          "firefox_android": {
            "version_added": "55",
            "notes": "Available only in nightly builds.",
            "flags": [
              {
                "type": "preference",
                "name": "dom.payments.request.enabled",
                "value_to_set": "true"
              },
              {
                "name": "dom.payments.request.supportedRegions",
                "type": "preference",
                "value_to_set": "A comma-delineated list of one or more 2-character ISO country codes indicating the countries in which to support payments (for example, <code>US,CA</code>."
              }
            ]
          },
          "ie": {
            "version_added": false
          },
          "opera": {
            "version_added": false
          },
          "opera_android": {
            "version_added": false
          },
          "safari": {
            "version_added": true
          },
          "safari_ios": {
            "version_added": true
          },
          "samsunginternet_android": {
            "version_added": "6.0"
          },
          "webview_android": {
            "version_added": false
          }
        },
        "status": {
          "experimental": false,
          "standard_track": true,
          "deprecated": false
        }
      },
      "details": {
        "__compat": {
          "mdn_url": "https://developer.mozilla.org/docs/Web/API/PaymentResponse/details",
          "support": {
            "chrome": {
              "version_added": "61"
            },
            "chrome_android": [
              {
                "version_added": "56"
              },
              {
                "version_added": "53",
                "version_removed": "56",
                "flags": [
                  {
                    "type": "preference",
                    "name": "#web-payments",
                    "value_to_set": "Enabled"
                  }
                ]
              }
            ],
            "edge": {
              "version_added": "15"
            },
            "edge_mobile": {
              "version_added": true
            },
            "firefox": {
              "version_added": "56",
              "notes": "Available only in nightly builds.",
              "flags": [
                {
                  "type": "preference",
                  "name": "dom.payments.request.enabled",
                  "value_to_set": "true"
                }
              ]
            },
            "firefox_android": {
              "version_added": "56",
              "notes": "Available only in nightly builds.",
              "flags": [
                {
                  "type": "preference",
                  "name": "dom.payments.request.enabled",
                  "value_to_set": "true"
                }
              ]
            },
            "ie": {
              "version_added": false
            },
            "opera": {
              "version_added": false
            },
            "opera_android": {
              "version_added": false
            },
            "safari": {
              "version_added": true
            },
            "safari_ios": {
              "version_added": true
            },
            "samsunginternet_android": {
              "version_added": "6.0"
            },
            "webview_android": {
              "version_added": false
            }
          },
          "status": {
            "experimental": false,
            "standard_track": true,
            "deprecated": false
          }
        }
      },
      "methodName": {
        "__compat": {
          "mdn_url": "https://developer.mozilla.org/docs/Web/API/PaymentResponse/methodName",
          "support": {
            "chrome": {
              "version_added": "61"
            },
            "chrome_android": [
              {
                "version_added": "56"
              },
              {
                "version_added": "53",
                "version_removed": "56",
                "flags": [
                  {
                    "type": "preference",
                    "name": "#web-payments",
                    "value_to_set": "Enabled"
                  }
                ]
              }
            ],
            "edge": {
              "version_added": "15"
            },
            "edge_mobile": {
              "version_added": true
            },
            "firefox": {
              "version_added": "56",
              "notes": "Available only in nightly builds.",
              "flags": [
                {
                  "type": "preference",
                  "name": "dom.payments.request.enabled",
                  "value_to_set": "true"
                }
              ]
            },
            "firefox_android": {
              "version_added": "56",
              "notes": "Available only in nightly builds.",
              "flags": [
                {
                  "type": "preference",
                  "name": "dom.payments.request.enabled",
                  "value_to_set": "true"
                }
              ]
            },
            "ie": {
              "version_added": false
            },
            "opera": {
              "version_added": false
            },
            "opera_android": {
              "version_added": false
            },
            "safari": {
              "version_added": true
            },
            "safari_ios": {
              "version_added": true
            },
            "samsunginternet_android": {
              "version_added": "6.0"
            },
            "webview_android": {
              "version_added": false
            }
          },
          "status": {
            "experimental": false,
            "standard_track": true,
            "deprecated": false
          }
        }
      },
      "onpayerdetailchange": {
        "__compat": {
          "mdn_url": "https://developer.mozilla.org/docs/Web/API/PaymentResponse/onpayerdetailchange",
          "support": {
            "chrome": {
              "version_added": false
            },
            "chrome_android": {
              "version_added": false
            },
            "edge": {
              "version_added": null
            },
            "edge_mobile": {
              "version_added": null
            },
            "firefox": {
              "version_added": "64",
              "notes": "Available only in nightly builds."
            },
            "firefox_android": {
              "version_added": "64",
              "notes": "Available only in nightly builds."
            },
            "ie": {
              "version_added": false
            },
            "opera": {
              "version_added": false
            },
            "opera_android": {
              "version_added": false
            },
            "safari": {
              "version_added": null
            },
            "safari_ios": {
              "version_added": null
            },
            "samsunginternet_android": {
              "version_added": null
            },
            "webview_android": {
              "version_added": false
            }
          },
          "status": {
            "experimental": false,
            "standard_track": true,
            "deprecated": false
          }
        }
      },
      "payerdetailchange_event": {
        "__compat": {
          "description": "<code>payerdetailchange</code> event",
          "mdn_url": "https://developer.mozilla.org/docs/Web/API/PaymentResponse/payerdetailchange_event",
          "support": {
            "chrome": {
              "version_added": false
            },
            "chrome_android": {
              "version_added": false
            },
            "edge": {
              "version_added": null
            },
            "edge_mobile": {
              "version_added": null
            },
            "firefox": {
              "version_added": "64",
              "notes": "Available only in nightly builds."
            },
            "firefox_android": {
              "version_added": "64",
              "notes": "Available only in nightly builds."
            },
            "ie": {
              "version_added": false
            },
            "opera": {
              "version_added": false
            },
            "opera_android": {
              "version_added": false
            },
            "safari": {
              "version_added": null
            },
            "safari_ios": {
              "version_added": null
            },
            "samsunginternet_android": {
              "version_added": null
            },
            "webview_android": {
              "version_added": false
            }
          },
          "status": {
            "experimental": false,
            "standard_track": true,
            "deprecated": false
          }
        }
      },
      "payerEmail": {
        "__compat": {
          "mdn_url": "https://developer.mozilla.org/docs/Web/API/PaymentResponse/payerEmail",
          "support": {
            "chrome": {
              "version_added": "61"
            },
            "chrome_android": [
              {
                "version_added": "56"
              },
              {
                "version_added": "53",
                "version_removed": "56",
                "flags": [
                  {
                    "type": "preference",
                    "name": "#web-payments",
                    "value_to_set": "Enabled"
                  }
                ]
              }
            ],
            "edge": {
              "version_added": "15"
            },
            "edge_mobile": {
              "version_added": true
            },
            "firefox": {
              "version_added": "56",
              "notes": "Available only in nightly builds.",
              "flags": [
                {
                  "type": "preference",
                  "name": "dom.payments.request.enabled",
                  "value_to_set": "true"
                }
              ]
            },
            "firefox_android": {
              "version_added": "56",
              "notes": "Available only in nightly builds.",
              "flags": [
                {
                  "type": "preference",
                  "name": "dom.payments.request.enabled",
                  "value_to_set": "true"
                }
              ]
            },
            "ie": {
              "version_added": false
            },
            "opera": {
              "version_added": false
            },
            "opera_android": {
              "version_added": false
            },
            "safari": {
              "version_added": true
            },
            "safari_ios": {
              "version_added": true
            },
            "samsunginternet_android": {
              "version_added": "6.0"
            },
            "webview_android": {
              "version_added": false
            }
          },
          "status": {
            "experimental": false,
            "standard_track": true,
            "deprecated": false
          }
        }
      },
      "payerName": {
        "__compat": {
          "mdn_url": "https://developer.mozilla.org/docs/Web/API/PaymentResponse/payerName",
          "support": {
            "chrome": {
              "version_added": "61"
            },
            "chrome_android": {
              "version_added": "58"
            },
            "edge": {
              "version_added": "15"
            },
            "edge_mobile": {
              "version_added": true
            },
            "firefox": {
              "version_added": "56",
              "notes": "Available only in nightly builds.",
              "flags": [
                {
                  "type": "preference",
                  "name": "dom.payments.request.enabled",
                  "value_to_set": "true"
                }
              ]
            },
            "firefox_android": {
              "version_added": "56",
              "notes": "Available only in nightly builds.",
              "flags": [
                {
                  "type": "preference",
                  "name": "dom.payments.request.enabled",
                  "value_to_set": "true"
                }
              ]
            },
            "ie": {
              "version_added": false
            },
            "opera": {
              "version_added": false
            },
            "opera_android": {
              "version_added": false
            },
            "safari": {
              "version_added": true
            },
            "safari_ios": {
              "version_added": true
            },
            "samsunginternet_android": {
              "version_added": "7.0"
            },
            "webview_android": {
              "version_added": false
            }
          },
          "status": {
            "experimental": false,
            "standard_track": true,
            "deprecated": false
          }
        }
      },
      "payerPhone": {
        "__compat": {
          "mdn_url": "https://developer.mozilla.org/docs/Web/API/PaymentResponse/payerPhone",
          "support": {
            "chrome": {
              "version_added": "61"
            },
            "chrome_android": [
              {
                "version_added": "56"
              },
              {
                "version_added": "53",
                "version_removed": "56",
                "flags": [
                  {
                    "type": "preference",
                    "name": "#web-payments",
                    "value_to_set": "Enabled"
                  }
                ]
              }
            ],
            "edge": {
              "version_added": "15"
            },
            "edge_mobile": {
              "version_added": true
            },
            "firefox": {
              "version_added": "56",
              "notes": "Available only in nightly builds.",
              "flags": [
                {
                  "type": "preference",
                  "name": "dom.payments.request.enabled",
                  "value_to_set": "true"
                }
              ]
            },
            "firefox_android": {
              "version_added": "56",
              "notes": "Available only in nightly builds.",
              "flags": [
                {
                  "type": "preference",
                  "name": "dom.payments.request.enabled",
                  "value_to_set": "true"
                }
              ]
            },
            "ie": {
              "version_added": false
            },
            "opera": {
              "version_added": false
            },
            "opera_android": {
              "version_added": false
            },
            "safari": {
              "version_added": true
            },
            "safari_ios": {
              "version_added": true
            },
            "samsunginternet_android": {
              "version_added": "6.0"
            },
            "webview_android": {
              "version_added": false
            }
          },
          "status": {
            "experimental": false,
            "standard_track": true,
            "deprecated": false
          }
        }
      },
      "retry": {
        "__compat": {
          "mdn_url": "https://developer.mozilla.org/docs/Web/API/PaymentResponse/retry",
          "support": {
            "chrome": {
              "version_added": "69"
            },
            "chrome_android": {
              "version_added": "69"
            },
            "edge": {
              "version_added": null
            },
            "edge_mobile": {
              "version_added": null
            },
            "firefox": {
              "version_added": "64",
              "notes": "Available only in nightly builds."
            },
            "firefox_android": {
              "version_added": "64",
              "notes": "Available only in nightly builds."
            },
            "ie": {
              "version_added": false
            },
            "opera": {
              "version_added": false
            },
            "opera_android": {
              "version_added": false
            },
            "safari": {
              "version_added": null
            },
            "safari_ios": {
              "version_added": null
            },
            "samsunginternet_android": {
              "version_added": null
            },
            "webview_android": {
              "version_added": false
            }
          },
          "status": {
            "experimental": false,
            "standard_track": true,
            "deprecated": false
          }
        }
      },
      "requestId": {
        "__compat": {
          "mdn_url": "https://developer.mozilla.org/docs/Web/API/PaymentResponse/requestId",
          "support": {
            "chrome": {
              "version_added": "61"
            },
            "chrome_android": {
              "version_added": "60"
            },
            "edge": {
              "version_added": "16"
            },
            "edge_mobile": {
              "version_added": true
            },
            "firefox": {
              "version_added": "56",
              "notes": "Available only in nightly builds.",
              "flags": [
                {
                  "type": "preference",
                  "name": "dom.payments.request.enabled",
                  "value_to_set": "true"
                }
              ]
            },
            "firefox_android": {
              "version_added": "56",
              "notes": "Available only in nightly builds.",
              "flags": [
                {
                  "type": "preference",
                  "name": "dom.payments.request.enabled",
                  "value_to_set": "true"
                }
              ]
            },
            "ie": {
              "version_added": false
            },
            "opera": {
              "version_added": false
            },
            "opera_android": {
              "version_added": false
            },
            "safari": {
              "version_added": true
            },
            "safari_ios": {
              "version_added": true
            },
            "samsunginternet_android": {
              "version_added": false
            },
            "webview_android": {
              "version_added": false
            }
          },
          "status": {
            "experimental": false,
            "standard_track": true,
            "deprecated": false
          }
        }
      },
      "shippingAddress": {
        "__compat": {
          "mdn_url": "https://developer.mozilla.org/docs/Web/API/PaymentResponse/shippingAddress",
          "support": {
            "chrome": {
              "version_added": "61"
            },
            "chrome_android": [
              {
                "version_added": "56"
              },
              {
                "version_added": "53",
                "version_removed": "56",
                "flags": [
                  {
                    "type": "preference",
                    "name": "#web-payments",
                    "value_to_set": "Enabled"
                  }
                ]
              }
            ],
            "edge": {
              "version_added": "15"
            },
            "edge_mobile": {
              "version_added": true
            },
            "firefox": {
              "version_added": "56",
              "notes": "Available only in nightly builds.",
              "flags": [
                {
                  "type": "preference",
                  "name": "dom.payments.request.enabled",
                  "value_to_set": "true"
                }
              ]
            },
            "firefox_android": {
              "version_added": "56",
              "notes": "Available only in nightly builds.",
              "flags": [
                {
                  "type": "preference",
                  "name": "dom.payments.request.enabled",
                  "value_to_set": "true"
                }
              ]
            },
            "ie": {
              "version_added": false
            },
            "opera": {
              "version_added": false
            },
            "opera_android": {
              "version_added": false
            },
            "safari": {
              "version_added": true
            },
            "safari_ios": {
              "version_added": true
            },
            "samsunginternet_android": {
              "version_added": "6.0"
            },
            "webview_android": {
              "version_added": false
            }
          },
          "status": {
            "experimental": false,
            "standard_track": true,
            "deprecated": false
          }
        }
      },
      "shippingOption": {
        "__compat": {
          "mdn_url": "https://developer.mozilla.org/docs/Web/API/PaymentResponse/shippingOption",
          "support": {
            "chrome": {
              "version_added": "61"
            },
            "chrome_android": [
              {
                "version_added": "56"
              },
              {
                "version_added": "53",
                "version_removed": "56",
                "flags": [
                  {
                    "type": "preference",
                    "name": "#web-payments",
                    "value_to_set": "Enabled"
                  }
                ]
              }
            ],
            "edge": {
              "version_added": "15"
            },
            "edge_mobile": {
              "version_added": true
            },
            "firefox": {
              "version_added": "56",
              "notes": "Available only in nightly builds.",
              "flags": [
                {
                  "type": "preference",
                  "name": "dom.payments.request.enabled",
                  "value_to_set": "true"
                }
              ]
            },
            "firefox_android": {
              "version_added": "56",
              "notes": "Available only in nightly builds.",
              "flags": [
                {
                  "type": "preference",
                  "name": "dom.payments.request.enabled",
                  "value_to_set": "true"
                }
              ]
            },
            "ie": {
              "version_added": false
            },
            "opera": {
              "version_added": false
            },
            "opera_android": {
              "version_added": false
            },
            "safari": {
              "version_added": true
            },
            "safari_ios": {
              "version_added": true
            },
            "samsunginternet_android": {
              "version_added": "6.0"
            },
            "webview_android": {
              "version_added": false
            }
          },
          "status": {
            "experimental": false,
            "standard_track": true,
            "deprecated": false
          }
        }
      },
      "complete": {
        "__compat": {
          "mdn_url": "https://developer.mozilla.org/docs/Web/API/PaymentResponse/complete",
          "description": "<code>complete()</code>",
          "support": {
            "chrome": {
              "version_added": "61"
            },
            "chrome_android": [
              {
                "version_added": "56"
              },
              {
                "version_added": "53",
                "version_removed": "56",
                "flags": [
                  {
                    "type": "preference",
                    "name": "#web-payments",
                    "value_to_set": "Enabled"
                  }
                ]
              }
            ],
            "edge": {
              "version_added": "15"
            },
            "edge_mobile": {
              "version_added": true
            },
            "firefox": {
              "version_added": "56",
              "notes": "Available only in nightly builds.",
              "flags": [
                {
                  "type": "preference",
                  "name": "dom.payments.request.enabled",
                  "value_to_set": "true"
                }
              ]
            },
            "firefox_android": {
              "version_added": "56",
              "notes": "Available only in nightly builds.",
              "flags": [
                {
                  "type": "preference",
                  "name": "dom.payments.request.enabled",
                  "value_to_set": "true"
                }
              ]
            },
            "ie": {
              "version_added": false
            },
            "opera": {
              "version_added": false
            },
            "opera_android": {
              "version_added": false
            },
            "safari": {
              "version_added": true
            },
            "safari_ios": {
              "version_added": true
            },
            "samsunginternet_android": {
              "version_added": "6.0"
            },
            "webview_android": {
              "version_added": false
            }
          },
          "status": {
            "experimental": false,
            "standard_track": true,
            "deprecated": false
          }
        }
      },
      "toJSON": {
        "__compat": {
          "mdn_url": "https://developer.mozilla.org/docs/Web/API/PaymentResponse/toJSON",
          "description": "<code>toJSON()</code>",
          "support": {
            "chrome": {
              "version_added": "61"
            },
            "chrome_android": [
              {
                "version_added": "56"
              },
              {
                "version_added": "55",
                "version_removed": "56",
                "flags": [
                  {
                    "type": "preference",
                    "name": "#web-payments",
                    "value_to_set": "Enabled"
                  }
                ]
              }
            ],
            "edge": {
              "version_added": "15"
            },
            "edge_mobile": {
              "version_added": null
            },
            "firefox": {
              "version_added": "62",
              "notes": "Available only in nightly builds."
            },
            "firefox_android": {
              "version_added": "62",
              "notes": "Available only in nightly builds."
            },
            "ie": {
              "version_added": false
            },
            "opera": {
              "version_added": false
            },
            "opera_android": {
              "version_added": false
            },
            "safari": {
              "version_added": true
            },
            "safari_ios": {
              "version_added": true
            },
            "samsunginternet_android": {
              "version_added": true
            },
            "webview_android": {
              "version_added": false
            }
          },
          "status": {
            "experimental": false,
            "standard_track": true,
            "deprecated": false
          }
        }
      }
    }
  }
}
