{
  "api": {
    "PaymentDetailsInit": {
      "__compat": {
        "mdn_url": "https://developer.mozilla.org/docs/Web/API/PaymentDetailsInit",
        "support": {
          "chrome": {
            "version_added": "61"
          },
          "chrome_android": {
            "version_added": "53"
          },
          "edge": {
            "version_added": true
          },
          "edge_mobile": {
            "version_added": true
          },
          "firefox": {
            "version_added": "55",
            "notes": "Available only in nightly builds.",
            "flags": [
              {
                "type": "preference",
                "name": "dom.payments.request.enabled",
                "value_to_set": "true"
              },
              {
                "name": "dom.payments.request.supportedRegions",
                "type": "preference",
                "value_to_set": "A comma-delineated list of one or more 2-character ISO country codes indicating the countries in which to support payments (for example, <code>US,CA</code>."
              }
            ]
          },
          "firefox_android": {
            "version_added": "55",
            "notes": "Available only in nightly builds.",
            "flags": [
              {
                "type": "preference",
                "name": "dom.payments.request.enabled",
                "value_to_set": "true"
              },
              {
                "name": "dom.payments.request.supportedRegions",
                "type": "preference",
                "value_to_set": "A comma-delineated list of one or more 2-character ISO country codes indicating the countries in which to support payments (for example, <code>US,CA</code>."
              }
            ]
          },
          "ie": {
            "version_added": false
          },
          "opera": {
            "version_added": false
          },
          "opera_android": {
            "version_added": false
          },
          "safari": {
            "version_added": null
          },
          "safari_ios": {
            "version_added": null
          },
          "samsunginternet_android": {
            "version_added": "6.0"
          },
          "webview_android": {
            "version_added": false
          }
        },
        "status": {
          "experimental": false,
          "standard_track": true,
          "deprecated": false
        }
      },
      "id": {
        "__compat": {
          "mdn_url": "https://developer.mozilla.org/docs/Web/API/PaymentDetailsInit/id",
          "support": {
            "chrome": {
              "version_added": "61"
            },
            "chrome_android": {
              "version_added": "60"
            },
            "edge": {
              "version_added": true
            },
            "edge_mobile": {
              "version_added": true
            },
            "firefox": {
              "version_added": "55",
              "notes": "Available only in nightly builds.",
              "flags": [
                {
                  "type": "preference",
                  "name": "dom.payments.request.enabled",
                  "value_to_set": "true"
                }
              ]
            },
            "firefox_android": {
              "version_added": "55",
              "notes": "Available only in nightly builds.",
              "flags": [
                {
                  "type": "preference",
                  "name": "dom.payments.request.enabled",
                  "value_to_set": "true"
                }
              ]
            },
            "ie": {
              "version_added": false
            },
            "opera": {
              "version_added": false
            },
            "opera_android": {
              "version_added": false
            },
            "safari": {
              "version_added": null
            },
            "safari_ios": {
              "version_added": null
            },
            "samsunginternet_android": {
              "version_added": false
            },
            "webview_android": {
              "version_added": false
            }
          },
          "status": {
            "experimental": false,
            "standard_track": true,
            "deprecated": false
          }
        }
      },
      "total": {
        "__compat": {
          "mdn_url": "https://developer.mozilla.org/docs/Web/API/PaymentDetailsInit/total",
          "support": {
            "chrome": {
              "version_added": "61"
            },
            "chrome_android": {
              "version_added": "60"
            },
            "edge": {
              "version_added": true
            },
            "edge_mobile": {
              "version_added": true
            },
            "firefox": {
              "version_added": "55",
              "notes": "Available only in nightly builds.",
              "flags": [
                {
                  "type": "preference",
                  "name": "dom.payments.request.enabled",
                  "value_to_set": "true"
                }
              ]
            },
            "firefox_android": {
              "version_added": "55",
              "notes": "Available only in nightly builds.",
              "flags": [
                {
                  "type": "preference",
                  "name": "dom.payments.request.enabled",
                  "value_to_set": "true"
                }
              ]
            },
            "ie": {
              "version_added": false
            },
            "opera": {
              "version_added": false
            },
            "opera_android": {
              "version_added": false
            },
            "safari": {
              "version_added": null
            },
            "safari_ios": {
              "version_added": null
            },
            "samsunginternet_android": {
              "version_added": false
            },
            "webview_android": {
              "version_added": false
            }
          },
          "status": {
            "experimental": false,
            "standard_track": true,
            "deprecated": false
          }
        }
      }
    }
  }
}
