{
  "api": {
    "PaymentRequest": {
      "__compat": {
        "mdn_url": "https://developer.mozilla.org/docs/Web/API/PaymentRequest",
        "support": {
          "chrome": {
            "version_added": "61"
          },
          "chrome_android": {
            "version_added": "53"
          },
          "edge": {
            "version_added": true
          },
          "edge_mobile": {
            "version_added": true
          },
          "firefox": {
            "version_added": "55",
            "notes": "Available only in nightly builds.",
            "flags": [
              {
                "type": "preference",
                "name": "dom.payments.request.enabled",
                "value_to_set": "true"
              },
              {
                "name": "dom.payments.request.supportedRegions",
                "type": "preference",
                "value_to_set": "A comma-delineated list of one or more 2-character ISO country codes indicating the countries in which to support payments (for example, <code>US,CA</code>)."
              }
            ]
          },
          "firefox_android": {
            "version_added": "55",
            "notes": "Available only in nightly builds.",
            "flags": [
              {
                "type": "preference",
                "name": "dom.payments.request.enabled",
                "value_to_set": "true"
              },
              {
                "name": "dom.payments.request.supportedRegions",
                "type": "preference",
                "value_to_set": "A comma-delineated list of one or more 2-character ISO country codes indicating the countries in which to support payments (for example, <code>US,CA</code>)."
              }
            ]
          },
          "ie": {
            "version_added": false
          },
          "opera": {
            "version_added": false
          },
          "opera_android": {
            "version_added": false
          },
          "safari": {
            "version_added": true
          },
          "safari_ios": {
            "version_added": true
          },
          "samsunginternet_android": {
            "version_added": "6.0"
          },
          "webview_android": {
            "version_added": false
          }
        },
        "status": {
          "experimental": false,
          "standard_track": true,
          "deprecated": false
        }
      },
      "PaymentRequest": {
        "__compat": {
          "description": "<code>PaymentRequest()</code> constructor",
          "mdn_url": "https://developer.mozilla.org/docs/Web/API/PaymentRequest/PaymentRequest",
          "support": {
            "chrome": {
              "version_added": "61"
            },
            "chrome_android": {
              "version_added": "53"
            },
            "edge": {
              "version_added": true
            },
            "edge_mobile": {
              "version_added": true
            },
            "firefox": {
              "version_added": "55",
              "notes": "Available only in nightly builds.",
              "flags": [
                {
                  "type": "preference",
                  "name": "dom.payments.request.enabled",
                  "value_to_set": "true"
                }
              ]
            },
            "firefox_android": {
              "version_added": "55",
              "notes": "Available only in nightly builds.",
              "flags": [
                {
                  "type": "preference",
                  "name": "dom.payments.request.enabled",
                  "value_to_set": "true"
                }
              ]
            },
            "ie": {
              "version_added": false
            },
            "opera": {
              "version_added": false
            },
            "opera_android": {
              "version_added": false
            },
            "safari": {
              "version_added": null
            },
            "safari_ios": {
              "version_added": null
            },
            "samsunginternet_android": {
              "version_added": "6.0"
            },
            "webview_android": {
              "version_added": false
            }
          },
          "status": {
            "experimental": false,
            "standard_track": true,
            "deprecated": false
          }
        }
      },
      "abort": {
        "__compat": {
          "mdn_url": "https://developer.mozilla.org/docs/Web/API/PaymentRequest/abort",
          "description": "<code>abort()</code>",
          "support": {
            "chrome": {
              "version_added": "61"
            },
            "chrome_android": {
              "version_added": "53"
            },
            "edge": {
              "version_added": "15"
            },
            "edge_mobile": {
              "version_added": true
            },
            "firefox": {
              "version_added": "55",
              "notes": "Available only in nightly builds.",
              "flags": [
                {
                  "type": "preference",
                  "name": "dom.payments.request.enabled",
                  "value_to_set": "true"
                }
              ]
            },
            "firefox_android": {
              "version_added": "55",
              "notes": "Available only in nightly builds.",
              "flags": [
                {
                  "type": "preference",
                  "name": "dom.payments.request.enabled",
                  "value_to_set": "true"
                }
              ]
            },
            "ie": {
              "version_added": false
            },
            "opera": {
              "version_added": false
            },
            "opera_android": {
              "version_added": false
            },
            "safari": {
              "version_added": "11.1"
            },
            "safari_ios": {
              "version_added": true
            },
            "samsunginternet_android": {
              "version_added": "6.0"
            },
            "webview_android": {
              "version_added": false
            }
          },
          "status": {
            "experimental": false,
            "standard_track": true,
            "deprecated": false
          }
        }
      },
      "canMakePayment": {
        "__compat": {
          "mdn_url": "https://developer.mozilla.org/docs/Web/API/PaymentRequest/canMakePayment",
          "description": "<code>canMakePayment()</code>",
          "support": {
            "chrome": {
              "version_added": "61"
            },
            "chrome_android": {
              "version_added": "53"
            },
            "edge": {
              "version_added": "16"
            },
            "edge_mobile": {
              "version_added": true
            },
            "firefox": {
              "version_added": "55",
              "notes": "Available only in nightly builds.",
              "flags": [
                {
                  "type": "preference",
                  "name": "dom.payments.request.enabled",
                  "value_to_set": "true"
                }
              ]
            },
            "firefox_android": {
              "version_added": "55",
              "notes": "Available only in nightly builds.",
              "flags": [
                {
                  "type": "preference",
                  "name": "dom.payments.request.enabled",
                  "value_to_set": "true"
                }
              ]
            },
            "ie": {
              "version_added": false
            },
            "opera": {
              "version_added": false
            },
            "opera_android": {
              "version_added": false
            },
            "safari": {
              "version_added": "11.1"
            },
            "safari_ios": {
              "version_added": true
            },
            "samsunginternet_android": {
              "version_added": "6.0"
            },
            "webview_android": {
              "version_added": false
            }
          },
          "status": {
            "experimental": false,
            "standard_track": true,
            "deprecated": false
          }
        }
      },
      "id": {
        "__compat": {
          "mdn_url": "https://developer.mozilla.org/docs/Web/API/PaymentRequest/id",
          "support": {
            "chrome": {
              "version_added": "61"
            },
            "chrome_android": {
              "version_added": "60"
            },
            "edge": {
              "version_added": "16"
            },
            "edge_mobile": {
              "version_added": null
            },
            "firefox": {
              "version_added": "55",
              "notes": "Available only in nightly builds.",
              "flags": [
                {
                  "type": "preference",
                  "name": "dom.payments.request.enabled",
                  "value_to_set": "true"
                }
              ]
            },
            "firefox_android": {
              "version_added": "55",
              "notes": "Available only in nightly builds.",
              "flags": [
                {
                  "type": "preference",
                  "name": "dom.payments.request.enabled",
                  "value_to_set": "true"
                }
              ]
            },
            "ie": {
              "version_added": false
            },
            "opera": {
              "version_added": false
            },
            "opera_android": {
              "version_added": false
            },
            "safari": {
              "version_added": "11.1"
            },
            "safari_ios": {
              "version_added": true
            },
            "samsunginternet_android": {
              "version_added": true
            },
            "webview_android": {
              "version_added": false
            }
          },
          "status": {
            "experimental": false,
            "standard_track": true,
            "deprecated": false
          }
        }
      },
      "merchantvalidation_event": {
        "__compat": {
          "mdn_url": "https://developer.mozilla.org/docs/Web/API/PaymentRequest/merchantvalidation_event",
          "description": "<code>merchantvalidation</code> event",
          "support": {
            "chrome": {
              "version_added": null
            },
            "chrome_android": {
              "version_added": null
            },
            "edge": {
              "version_added": null
            },
            "edge_mobile": {
              "version_added": null
            },
            "firefox": {
              "version_added": "64",
              "notes": "Available only in nightly builds.",
              "flags": [
                {
                  "type": "preference",
                  "name": "dom.payments.request.enabled",
                  "value_to_set": "true"
                }
              ]
            },
            "firefox_android": {
              "version_added": "64",
              "notes": "Available only in nightly builds.",
              "flags": [
                {
                  "type": "preference",
                  "name": "dom.payments.request.enabled",
                  "value_to_set": "true"
                }
              ]
            },
            "ie": {
              "version_added": false
            },
            "opera": {
              "version_added": false
            },
            "opera_android": {
              "version_added": false
            },
            "safari": {
              "version_added": null
            },
            "safari_ios": {
              "version_added": null
            },
            "samsunginternet_android": {
              "version_added": null
            },
            "webview_android": {
              "version_added": false
            }
          },
          "status": {
            "experimental": false,
            "standard_track": true,
            "deprecated": false
          }
        }
      },
      "onmerchantvalidation": {
        "__compat": {
          "mdn_url": "https://developer.mozilla.org/docs/Web/API/PaymentRequest/onmerchantvalidation",
          "support": {
            "chrome": {
              "version_added": null
            },
            "chrome_android": {
              "version_added": null
            },
            "edge": {
              "version_added": null
            },
            "edge_mobile": {
              "version_added": null
            },
            "firefox": {
              "version_added": "64",
              "notes": "Available only in nightly builds.",
              "flags": [
                {
                  "type": "preference",
                  "name": "dom.payments.request.enabled",
                  "value_to_set": "true"
                }
              ]
            },
            "firefox_android": {
              "version_added": "64",
              "notes": "Available only in nightly builds.",
              "flags": [
                {
                  "type": "preference",
                  "name": "dom.payments.request.enabled",
                  "value_to_set": "true"
                }
              ]
            },
            "ie": {
              "version_added": false
            },
            "opera": {
              "version_added": false
            },
            "opera_android": {
              "version_added": false
            },
            "safari": {
              "version_added": null
            },
            "safari_ios": {
              "version_added": null
            },
            "samsunginternet_android": {
              "version_added": null
            },
            "webview_android": {
              "version_added": false
            }
          },
          "status": {
            "experimental": false,
            "standard_track": true,
            "deprecated": false
          }
        }
      },
      "onpaymentmethodchange": {
        "__compat": {
          "mdn_url": "https://developer.mozilla.org/docs/Web/API/PaymentRequest/onpaymentmethodchange",
          "support": {
            "chrome": {
              "version_added": false
            },
            "chrome_android": {
              "version_added": false
            },
            "edge": {
              "version_added": null
            },
            "edge_mobile": {
              "version_added": null
            },
            "firefox": {
              "version_added": "63",
              "notes": "Available only in nightly builds.",
              "flags": [
                {
                  "type": "preference",
                  "name": "dom.payments.request.enabled",
                  "value_to_set": "true"
                }
              ]
            },
            "firefox_android": {
              "version_added": "63",
              "notes": "Available only in nightly builds.",
              "flags": [
                {
                  "type": "preference",
                  "name": "dom.payments.request.enabled",
                  "value_to_set": "true"
                }
              ]
            },
            "ie": {
              "version_added": false
            },
            "opera": {
              "version_added": false
            },
            "opera_android": {
              "version_added": false
            },
            "safari": {
              "version_added": null
            },
            "safari_ios": {
              "version_added": null
            },
            "samsunginternet_android": {
              "version_added": null
            },
            "webview_android": {
              "version_added": false
            }
          },
          "status": {
            "experimental": false,
            "standard_track": true,
            "deprecated": false
          }
        }
      },
      "onshippingaddresschange": {
        "__compat": {
          "mdn_url": "https://developer.mozilla.org/docs/Web/API/PaymentRequest/onshippingaddresschange",
          "support": {
            "chrome": {
              "version_added": "61"
            },
            "chrome_android": {
              "version_added": "53"
            },
            "edge": {
              "version_added": "15"
            },
            "edge_mobile": {
              "version_added": true
            },
            "firefox": {
              "version_added": "55",
              "notes": "Available only in nightly builds.",
              "flags": [
                {
                  "type": "preference",
                  "name": "dom.payments.request.enabled",
                  "value_to_set": "true"
                }
              ]
            },
            "firefox_android": {
              "version_added": "55",
              "notes": "Available only in nightly builds.",
              "flags": [
                {
                  "type": "preference",
                  "name": "dom.payments.request.enabled",
                  "value_to_set": "true"
                }
              ]
            },
            "ie": {
              "version_added": false
            },
            "opera": {
              "version_added": false
            },
            "opera_android": {
              "version_added": false
            },
            "safari": {
              "version_added": "11.1"
            },
            "safari_ios": {
              "version_added": true
            },
            "samsunginternet_android": {
              "version_added": "6.0"
            },
            "webview_android": {
              "version_added": false
            }
          },
          "status": {
            "experimental": false,
            "standard_track": true,
            "deprecated": false
          }
        }
      },
      "onshippingoptionchange": {
        "__compat": {
          "mdn_url": "https://developer.mozilla.org/docs/Web/API/PaymentRequest/onshippingoptionchange",
          "support": {
            "chrome": {
              "version_added": "61"
            },
            "chrome_android": {
              "version_added": "53"
            },
            "edge": {
              "version_added": "15"
            },
            "edge_mobile": {
              "version_added": true
            },
            "firefox": {
              "version_added": "55",
              "notes": "Available only in nightly builds.",
              "flags": [
                {
                  "type": "preference",
                  "name": "dom.payments.request.enabled",
                  "value_to_set": "true"
                }
              ]
            },
            "firefox_android": {
              "version_added": "55",
              "notes": "Available only in nightly builds.",
              "flags": [
                {
                  "type": "preference",
                  "name": "dom.payments.request.enabled",
                  "value_to_set": "true"
                }
              ]
            },
            "ie": {
              "version_added": false
            },
            "opera": {
              "version_added": false
            },
            "opera_android": {
              "version_added": false
            },
            "safari": {
              "version_added": "11.1"
            },
            "safari_ios": {
              "version_added": true
            },
            "samsunginternet_android": {
              "version_added": "6.0"
            },
            "webview_android": {
              "version_added": false
            }
          },
          "status": {
            "experimental": false,
            "standard_track": true,
            "deprecated": false
          }
        }
      },
      "paymentAddress": {
        "__compat": {
          "mdn_url": "https://developer.mozilla.org/docs/Web/API/PaymentRequest/paymentAddress",
          "support": {
            "chrome": {
              "version_added": "61"
            },
            "chrome_android": {
              "version_added": "53"
            },
            "edge": {
              "version_added": "15"
            },
            "edge_mobile": {
              "version_added": true
            },
            "firefox": {
              "version_added": "55",
              "notes": "Available only in nightly builds.",
              "alternative_name": "shippingAddress",
              "flags": [
                {
                  "type": "preference",
                  "name": "dom.payments.request.enabled",
                  "value_to_set": "true"
                }
              ]
            },
            "firefox_android": {
              "version_added": "55",
              "notes": "Available only in nightly builds.",
              "alternative_name": "shippingAddress",
              "flags": [
                {
                  "type": "preference",
                  "name": "dom.payments.request.enabled",
                  "value_to_set": "true"
                }
              ]
            },
            "ie": {
              "version_added": false
            },
            "opera": {
              "version_added": false
            },
            "opera_android": {
              "version_added": false
            },
            "safari": {
              "version_added": null
            },
            "safari_ios": {
              "version_added": null
            },
            "samsunginternet_android": {
              "version_added": "6.0"
            },
            "webview_android": {
              "version_added": false
            }
          },
          "status": {
            "experimental": false,
            "standard_track": true,
            "deprecated": false
          }
        }
      },
      "paymentmethodchange_event": {
        "__compat": {
          "mdn_url": "https://developer.mozilla.org/docs/Web/API/PaymentRequest/paymentmethodchange_event",
          "description": "<code>paymentmethodchange</code> event",
          "support": {
            "chrome": {
              "version_added": false
            },
            "chrome_android": {
              "version_added": false
            },
            "edge": {
              "version_added": null
            },
            "edge_mobile": {
              "version_added": null
            },
            "firefox": {
              "version_added": "63",
              "notes": "Available only in nightly builds.",
              "flags": [
                {
                  "type": "preference",
                  "name": "dom.payments.request.enabled",
                  "value_to_set": "true"
                }
              ]
            },
            "firefox_android": {
              "version_added": "63",
              "notes": "Available only in nightly builds.",
              "flags": [
                {
                  "type": "preference",
                  "name": "dom.payments.request.enabled",
                  "value_to_set": "true"
                }
              ]
            },
            "ie": {
              "version_added": false
            },
            "opera": {
              "version_added": false
            },
            "opera_android": {
              "version_added": false
            },
            "safari": {
              "version_added": null
            },
            "safari_ios": {
              "version_added": null
            },
            "samsunginternet_android": {
              "version_added": null
            },
            "webview_android": {
              "version_added": false
            }
          },
          "status": {
            "experimental": false,
            "standard_track": true,
            "deprecated": false
          }
        }
      },
      "requestId": {
        "__compat": {
          "mdn_url": "https://developer.mozilla.org/docs/Web/API/PaymentRequest/requestId",
          "support": {
            "chrome": {
              "version_added": false
            },
            "chrome_android": {
              "version_added": false
            },
            "edge": {
              "version_added": true
            },
            "edge_mobile": {
              "version_added": true
            },
            "firefox": {
              "version_added": "55",
              "notes": "Available only in nightly builds.",
              "flags": [
                {
                  "type": "preference",
                  "name": "dom.payments.request.enabled",
                  "value_to_set": "true"
                }
              ]
            },
            "firefox_android": {
              "version_added": "55",
              "notes": "Available only in nightly builds.",
              "flags": [
                {
                  "type": "preference",
                  "name": "dom.payments.request.enabled",
                  "value_to_set": "true"
                }
              ]
            },
            "ie": {
              "version_added": false
            },
            "opera": {
              "version_added": false
            },
            "opera_android": {
              "version_added": false
            },
            "safari": {
              "version_added": null
            },
            "safari_ios": {
              "version_added": null
            },
            "samsunginternet_android": {
              "version_added": false
            },
            "webview_android": {
              "version_added": false
            }
          },
          "status": {
            "experimental": false,
            "standard_track": true,
            "deprecated": false
          }
        }
      },
      "shippingaddresschange_event": {
        "__compat": {
          "mdn_url": "https://developer.mozilla.org/docs/Web/API/PaymentRequest/shippingaddresschange_event",
          "description": "<code>shippingaddresschange</code> event",
          "support": {
            "chrome": {
              "version_added": "61"
            },
            "chrome_android": {
              "version_added": "53"
            },
            "edge": {
              "version_added": "15"
            },
            "edge_mobile": {
              "version_added": true
            },
            "firefox": {
              "version_added": "55",
              "notes": "Available only in nightly builds.",
              "flags": [
                {
                  "type": "preference",
                  "name": "dom.payments.request.enabled",
                  "value_to_set": "true"
                }
              ]
            },
            "firefox_android": {
              "version_added": "55",
              "notes": "Available only in nightly builds.",
              "flags": [
                {
                  "type": "preference",
                  "name": "dom.payments.request.enabled",
                  "value_to_set": "true"
                }
              ]
            },
            "ie": {
              "version_added": false
            },
            "opera": {
              "version_added": false
            },
            "opera_android": {
              "version_added": false
            },
            "safari": {
              "version_added": "11.1"
            },
            "safari_ios": {
              "version_added": true
            },
            "samsunginternet_android": {
              "version_added": "6.0"
            },
            "webview_android": {
              "version_added": false
            }
          },
          "status": {
            "experimental": false,
            "standard_track": true,
            "deprecated": false
          }
        }
      },
      "shippingOption": {
        "__compat": {
          "mdn_url": "https://developer.mozilla.org/docs/Web/API/PaymentRequest/shippingOption",
          "support": {
            "chrome": {
              "version_added": "61"
            },
            "chrome_android": {
              "version_added": "53"
            },
            "edge": {
              "version_added": "15"
            },
            "edge_mobile": {
              "version_added": true
            },
            "firefox": {
              "version_added": "55",
              "notes": "Available only in nightly builds.",
              "flags": [
                {
                  "type": "preference",
                  "name": "dom.payments.request.enabled",
                  "value_to_set": "true"
                }
              ]
            },
            "firefox_android": {
              "version_added": "55",
              "notes": "Available only in nightly builds.",
              "flags": [
                {
                  "type": "preference",
                  "name": "dom.payments.request.enabled",
                  "value_to_set": "true"
                }
              ]
            },
            "ie": {
              "version_added": false
            },
            "opera": {
              "version_added": false
            },
            "opera_android": {
              "version_added": false
            },
            "safari": {
              "version_added": "11.1"
            },
            "safari_ios": {
              "version_added": true
            },
            "samsunginternet_android": {
              "version_added": "6.0"
            },
            "webview_android": {
              "version_added": false
            }
          },
          "status": {
            "experimental": false,
            "standard_track": true,
            "deprecated": false
          }
        }
      },
      "shippingoptionchange_event": {
        "__compat": {
          "mdn_url": "https://developer.mozilla.org/docs/Web/API/PaymentRequest/shippingoptionchange_event",
          "description": "<code>shippingoptionchange</code> event",
          "support": {
            "chrome": {
              "version_added": "61"
            },
            "chrome_android": {
              "version_added": "53"
            },
            "edge": {
              "version_added": "15"
            },
            "edge_mobile": {
              "version_added": true
            },
            "firefox": {
              "version_added": "55",
              "notes": "Available only in nightly builds.",
              "flags": [
                {
                  "type": "preference",
                  "name": "dom.payments.request.enabled",
                  "value_to_set": "true"
                }
              ]
            },
            "firefox_android": {
              "version_added": "55",
              "notes": "Available only in nightly builds.",
              "flags": [
                {
                  "type": "preference",
                  "name": "dom.payments.request.enabled",
                  "value_to_set": "true"
                }
              ]
            },
            "ie": {
              "version_added": false
            },
            "opera": {
              "version_added": false
            },
            "opera_android": {
              "version_added": false
            },
            "safari": {
              "version_added": "11.1"
            },
            "safari_ios": {
              "version_added": true
            },
            "samsunginternet_android": {
              "version_added": "6.0"
            },
            "webview_android": {
              "version_added": false
            }
          },
          "status": {
            "experimental": false,
            "standard_track": true,
            "deprecated": false
          }
        }
      },
      "shippingType": {
        "__compat": {
          "mdn_url": "https://developer.mozilla.org/docs/Web/API/PaymentRequest/shippingType",
          "support": {
            "chrome": {
              "version_added": "61"
            },
            "chrome_android": {
              "version_added": "55"
            },
            "edge": {
              "version_added": "15"
            },
            "edge_mobile": {
              "version_added": true
            },
            "firefox": {
              "version_added": "55",
              "notes": "Available only in nightly builds.",
              "flags": [
                {
                  "type": "preference",
                  "name": "dom.payments.request.enabled",
                  "value_to_set": "true"
                }
              ]
            },
            "firefox_android": {
              "version_added": "55",
              "notes": "Available only in nightly builds.",
              "flags": [
                {
                  "type": "preference",
                  "name": "dom.payments.request.enabled",
                  "value_to_set": "true"
                }
              ]
            },
            "ie": {
              "version_added": false
            },
            "opera": {
              "version_added": false
            },
            "opera_android": {
              "version_added": false
            },
            "safari": {
              "version_added": "11.1"
            },
            "safari_ios": {
              "version_added": true
            },
            "samsunginternet_android": {
              "version_added": "6.0"
            },
            "webview_android": {
              "version_added": false
            }
          },
          "status": {
            "experimental": false,
            "standard_track": true,
            "deprecated": false
          }
        }
      },
      "show": {
        "__compat": {
          "mdn_url": "https://developer.mozilla.org/docs/Web/API/PaymentRequest/show",
          "support": {
            "chrome": {
              "version_added": "61"
            },
            "chrome_android": {
              "version_added": "53"
            },
            "edge": {
              "version_added": "15"
            },
            "edge_mobile": {
              "version_added": true
            },
            "firefox": {
              "version_added": "55",
              "notes": "Available only in nightly builds.",
              "flags": [
                {
                  "type": "preference",
                  "name": "dom.payments.request.enabled",
                  "value_to_set": "true"
                }
              ]
            },
            "firefox_android": {
              "version_added": "55",
              "notes": "Available only in nightly builds.",
              "flags": [
                {
                  "type": "preference",
                  "name": "dom.payments.request.enabled",
                  "value_to_set": "true"
                }
              ]
            },
            "ie": {
              "version_added": false
            },
            "opera": {
              "version_added": false
            },
            "opera_android": {
              "version_added": false
            },
            "safari": {
              "version_added": "11.1"
            },
            "safari_ios": {
              "version_added": true
            },
            "samsunginternet_android": {
              "version_added": "6.0"
            },
            "webview_android": {
              "version_added": false
            }
          },
          "status": {
            "experimental": false,
            "standard_track": true,
            "deprecated": false
          }
        }
      }
    }
  }
}
