{
  "api": {
    "PerformanceFrameTiming": {
      "__compat": {
        "mdn_url": "https://developer.mozilla.org/docs/Web/API/PerformanceFrameTiming",
        "support": {
          "chrome": {
            "version_added": false,
            "notes": "See <a href='https://code.google.com/p/chromium/issues/detail?id=120796'>Chrome bug 120796</a>"
          },
          "chrome_android": {
            "version_added": false,
            "notes": "See <a href='https://code.google.com/p/chromium/issues/detail?id=120796'>Chrome bug 120796</a>"
          },
          "edge": {
            "version_added": null
          },
          "firefox": {
            "version_added": false,
            "notes": "See <a href='https://bugzil.la/1158032'>bug 1158032</a>"
          },
          "firefox_android": {
            "version_added": false
          },
          "ie": {
            "version_added": false
          },
          "opera": {
            "version_added": false
          },
          "opera_android": {
            "version_added": false
          },
          "safari": {
            "version_added": false
          },
          "safari_ios": {
            "version_added": false
          },
          "webview_android": {
            "version_added": false,
            "notes": "See <a href='https://code.google.com/p/chromium/issues/detail?id=120796'>Chrome bug 120796</a>"
          }
        },
        "status": {
          "experimental": true,
          "standard_track": true,
          "deprecated": false
        }
      }
    }
  }
}
