{
  "api": {
    "PerformancePaintTiming": {
      "__compat": {
        "mdn_url": "https://developer.mozilla.org/docs/Web/API/PerformancePaintTiming",
        "support": {
          "chrome": {
            "version_added": "60"
          },
          "chrome_android": {
            "version_added": "60"
          },
          "edge": {
            "version_added": null
          },
          "edge_mobile": {
            "version_added": null
          },
          "firefox": {
            "version_added": null
          },
          "firefox_android": {
            "version_added": null
          },
          "ie": {
            "version_added": null
          },
          "opera": {
            "version_added": "47"
          },
          "opera_android": {
            "version_added": "44"
          },
          "safari": {
            "version_added": null
          },
          "safari_ios": {
            "version_added": null
          },
          "samsunginternet_android": {
            "version_added": true
          },
          "webview_android": {
            "version_added": "60"
          }
        },
        "status": {
          "experimental": false,
          "standard_track": true,
          "deprecated": false
        }
      }
    }
  }
}
