{
  "api": {
    "PermissionStatus": {
      "__compat": {
        "mdn_url": "https://developer.mozilla.org/docs/Web/API/PermissionStatus",
        "support": {
          "chrome": {
            "version_added": "43"
          },
          "chrome_android": {
            "version_added": "43"
          },
          "edge": {
            "version_added": null
          },
          "edge_mobile": {
            "version_added": null
          },
          "firefox": {
            "version_added": "46"
          },
          "firefox_android": {
            "version_added": "46"
          },
          "ie": {
            "version_added": null
          },
          "opera": {
            "version_added": true
          },
          "opera_android": {
            "version_added": true
          },
          "safari": {
            "version_added": null
          },
          "safari_ios": {
            "version_added": null
          },
          "samsunginternet_android": {
            "version_added": true
          },
          "webview_android": {
            "version_added": false
          }
        },
        "status": {
          "experimental": true,
          "standard_track": true,
          "deprecated": false
        }
      },
      "onchange": {
        "__compat": {
          "mdn_url": "https://developer.mozilla.org/docs/Web/API/PermissionStatus/onchange",
          "support": {
            "chrome": {
              "version_added": "43"
            },
            "chrome_android": {
              "version_added": "43"
            },
            "edge": {
              "version_added": null
            },
            "edge_mobile": {
              "version_added": null
            },
            "firefox": {
              "version_added": "46"
            },
            "firefox_android": {
              "version_added": "46"
            },
            "ie": {
              "version_added": null
            },
            "opera": {
              "version_added": true
            },
            "opera_android": {
              "version_added": true
            },
            "safari": {
              "version_added": null
            },
            "safari_ios": {
              "version_added": null
            },
            "samsunginternet_android": {
              "version_added": true
            },
            "webview_android": {
              "version_added": false
            }
          },
          "status": {
            "experimental": true,
            "standard_track": true,
            "deprecated": false
          }
        }
      },
      "state": {
        "__compat": {
          "mdn_url": "https://developer.mozilla.org/docs/Web/API/PermissionStatus/state",
          "support": {
            "chrome": [
              {
                "version_added": "44"
              },
              {
                "alternative_name": "status",
                "version_added": "43",
                "version_removed": "44"
              }
            ],
            "chrome_android": [
              {
                "version_added": "44"
              },
              {
                "alternative_name": "status",
                "version_added": "43",
                "version_removed": "44"
              }
            ],
            "edge": {
              "version_added": null
            },
            "edge_mobile": {
              "version_added": null
            },
            "firefox": {
              "version_added": "46"
            },
            "firefox_android": {
              "version_added": "46"
            },
            "ie": {
              "version_added": null
            },
            "opera": {
              "version_added": true
            },
            "opera_android": {
              "version_added": true
            },
            "safari": {
              "version_added": null
            },
            "safari_ios": {
              "version_added": null
            },
            "samsunginternet_android": {
              "version_added": true
            },
            "webview_android": {
              "version_added": false
            }
          },
          "status": {
            "experimental": true,
            "standard_track": true,
            "deprecated": false
          }
        }
      }
    }
  }
}
